Year,Wins,Losses,Coach,PS/G,PA/G,SRS,SOS,ORtg,DRtg,G,Date,Type,Game Location,Opponent,Conf,SRS,,Tm,Opp,OT,W,L,Streak,Arena,
1949-50,16,7,Harry Good,58.7,53.6,8.12,6.06,,,1,"Mon, Dec 12, 1949",REG,@,Bradley,MVC,14.18,L,54,64,,0,1,L 1,Robertson Memorial Field House,
1949-50,16,7,Harry Good,58.7,53.6,8.12,6.06,,,2,"Sat, Dec 17, 1949",REG,,Baylor,SWC,-4.94,W,69,55,,1,1,W 1,Nebraska Coliseum,
1949-50,16,7,Harry Good,58.7,53.6,8.12,6.06,,,3,"Fri, Dec 23, 1949",REG,,Idaho,PCC,-4.27,W,66,45,,2,1,W 2,Nebraska Coliseum,
1949-50,16,7,Harry Good,58.7,53.6,8.12,6.06,,,4,"Wed, Dec 28, 1949",REG,N,Colorado,Big 7,6.27,L,57,67,,2,2,L 1,,
1949-50,16,7,Harry Good,58.7,53.6,8.12,6.06,,,5,"Thu, Dec 29, 1949",REG,N,Michigan,Big Ten,6.65,L,65,67,,2,3,L 2,,
1949-50,16,7,Harry Good,58.7,53.6,8.12,6.06,,,6,"Fri, Dec 30, 1949",REG,N,Iowa State,Big 7,-3.63,W,85,67,,3,3,W 1,,
1949-50,16,7,Harry Good,58.7,53.6,8.12,6.06,,,7,"Tue, Jan 10, 1950",REG,,Kansas,Big 7,11.76,W,57,56,,4,3,W 2,Nebraska Coliseum,
1949-50,16,7,Harry Good,58.7,53.6,8.12,6.06,,,8,"Sat, Jan 14, 1950",REG,,Iowa State,Big 7,-3.63,W,64,46,,5,3,W 3,Nebraska Coliseum,
1949-50,16,7,Harry Good,58.7,53.6,8.12,6.06,,,9,"Mon, Jan 16, 1950",REG,@,Colorado,Big 7,6.27,L,59,72,,5,4,L 1,Balch Fieldhouse,
1949-50,16,7,Harry Good,58.7,53.6,8.12,6.06,,,10,"Mon, Jan 30, 1950",REG,,Kansas State (11),Big 7,16.53,W,65,63,,6,4,W 1,Nebraska Coliseum,
1949-50,16,7,Harry Good,58.7,53.6,8.12,6.06,,,11,"Mon, Feb 6, 1950",REG,,Missouri,Big 7,7.64,W,50,41,,7,4,W 2,Nebraska Coliseum,
1949-50,16,7,Harry Good,58.7,53.6,8.12,6.06,,,12,"Sat, Feb 11, 1950",REG,@,Kansas,Big 7,11.76,L,36,49,,7,5,L 1,Hoch Auditorium,
1949-50,16,7,Harry Good,58.7,53.6,8.12,6.06,,,13,"Mon, Feb 13, 1950",REG,@,Oklahoma,Big 7,8.87,W,57,55,,8,5,W 1,McCasland Field House,
1949-50,16,7,Harry Good,58.7,53.6,8.12,6.06,,,14,"Sat, Feb 18, 1950",REG,,Colorado,Big 7,6.27,W,59,49,,9,5,W 2,Nebraska Coliseum,
1949-50,16,7,Harry Good,58.7,53.6,8.12,6.06,,,15,"Mon, Feb 20, 1950",REG,@,Missouri,Big 7,7.64,W,55,48,,10,5,W 3,Brewer Fieldhouse,
1949-50,16,7,Harry Good,58.7,53.6,8.12,6.06,,,16,"Sat, Feb 25, 1950",REG,@,Iowa State,Big 7,-3.63,W,56,54,,11,5,W 4,The Armory,
1949-50,16,7,Harry Good,58.7,53.6,8.12,6.06,,,17,"Sat, Mar 4, 1950",REG,,Oklahoma,Big 7,8.87,L,48,64,,11,6,L 1,Nebraska Coliseum,
1949-50,16,7,Harry Good,58.7,53.6,8.12,6.06,,,18,"Sat, Mar 11, 1950",REG,@,Kansas State (14),Big 7,16.53,L,60,63,,11,7,L 2,Nichols Hall,
1950-51,9,14,Harry Good,52.6,58.5,0.33,9.53,,,1,"Sat, Dec 2, 1950",REG,@,Minnesota,Big Ten,9.93,L,41,55,,0,1,L 1,Williams Arena,
1950-51,9,14,Harry Good,52.6,58.5,0.33,9.53,,,2,"Fri, Dec 8, 1950",REG,@,Washington,PCC,15.88,L,49,54,,0,2,L 2,Hec Edmundson Pavilion,
1950-51,9,14,Harry Good,52.6,58.5,0.33,9.53,,,3,"Sat, Dec 9, 1950",REG,@,Washington,PCC,15.88,L,53,71,,0,3,L 3,Hec Edmundson Pavilion,
1950-51,9,14,Harry Good,52.6,58.5,0.33,9.53,,,4,"Mon, Dec 11, 1950",REG,@,California,PCC,7.18,L,59,62,,0,4,L 4,Cow Palace,
1950-51,9,14,Harry Good,52.6,58.5,0.33,9.53,,,5,"Tue, Dec 12, 1950",REG,@,Santa Clara,Ind,-4.89,W,53,38,,1,4,W 1,Cow Palace,
1950-51,9,14,Harry Good,52.6,58.5,0.33,9.53,,,6,"Thu, Dec 28, 1950",REG,N,Missouri (9),Big 7,8.18,W,54,52,,2,4,W 2,,
1950-51,9,14,Harry Good,52.6,58.5,0.33,9.53,,,7,"Fri, Dec 29, 1950",REG,N,Kansas State,Big 7,22.24,L,53,72,,2,5,L 1,,
1950-51,9,14,Harry Good,52.6,58.5,0.33,9.53,,,8,"Sat, Dec 30, 1950",REG,N,Kansas (10),Big 7,10.52,L,47,63,,2,6,L 2,,
1950-51,9,14,Harry Good,52.6,58.5,0.33,9.53,,,9,"Fri, Jan 5, 1951",REG,@,Kansas (20),Big 7,10.52,L,41,66,,2,7,L 3,Hoch Auditorium,
1950-51,9,14,Harry Good,52.6,58.5,0.33,9.53,,,10,"Mon, Jan 8, 1951",REG,,Iowa State,Big 7,1.15,W,51,49,,3,7,W 1,Nebraska Coliseum,
1950-51,9,14,Harry Good,52.6,58.5,0.33,9.53,,,11,"Mon, Jan 15, 1951",REG,@,Colorado,Big 7,0.85,L,45,51,,3,8,L 1,Balch Fieldhouse,
1950-51,9,14,Harry Good,52.6,58.5,0.33,9.53,,,12,"Fri, Feb 2, 1951",REG,@,Iowa State,Big 7,1.15,L,51,67,,3,9,L 2,The Armory,
1950-51,9,14,Harry Good,52.6,58.5,0.33,9.53,,,13,"Mon, Feb 5, 1951",REG,,Kansas State (4),Big 7,22.24,L,50,79,,3,10,L 3,Nebraska Coliseum,
1950-51,9,14,Harry Good,52.6,58.5,0.33,9.53,,,14,"Sat, Feb 10, 1951",REG,,Kansas (20),Big 7,10.52,L,52,61,,3,11,L 4,Nebraska Coliseum,
1950-51,9,14,Harry Good,52.6,58.5,0.33,9.53,,,15,"Mon, Feb 12, 1951",REG,@,Oklahoma,Big 7,9.95,L,49,72,,3,12,L 5,McCasland Field House,
1950-51,9,14,Harry Good,52.6,58.5,0.33,9.53,,,16,"Mon, Feb 19, 1951",REG,,Missouri,Big 7,8.18,W,54,52,,4,12,W 1,Nebraska Coliseum,
1950-51,9,14,Harry Good,52.6,58.5,0.33,9.53,,,17,"Sat, Feb 24, 1951",REG,,Colorado,Big 7,0.85,W,58,45,,5,12,W 2,Nebraska Coliseum,
1950-51,9,14,Harry Good,52.6,58.5,0.33,9.53,,,18,"Mon, Feb 26, 1951",REG,@,Kansas State (4),Big 7,22.24,L,48,74,,5,13,L 1,Nichols Hall,
1950-51,9,14,Harry Good,52.6,58.5,0.33,9.53,,,19,"Sat, Mar 3, 1951",REG,,Oklahoma,Big 7,9.95,W,46,44,,6,13,W 1,Nebraska Coliseum,
1950-51,9,14,Harry Good,52.6,58.5,0.33,9.53,,,20,"Wed, Mar 7, 1951",REG,@,Missouri,Big 7,8.18,L,57,68,,6,14,L 1,Brewer Fieldhouse,
1951-52,7,17,Harry Good,62.3,,-4.23,4.13,,,1,"Sat, Dec 8, 1951",REG,,Minnesota,Big Ten,8.9,L,55,63,,0,1,L 1,Nebraska Coliseum,
1951-52,7,17,Harry Good,62.3,,-4.23,4.13,,,2,"Wed, Dec 19, 1951",REG,@,Southern Methodist,SWC,-2.36,L,55,61,,0,2,L 2,Perkins Gym,
1951-52,7,17,Harry Good,62.3,,-4.23,4.13,,,3,"Thu, Dec 20, 1951",REG,@,TCU,SWC,7.33,L,57,58,,0,3,L 3,,
1951-52,7,17,Harry Good,62.3,,-4.23,4.13,,,4,"Sat, Dec 22, 1951",REG,@,Miami (FL),Ind,-7.91,L,60,70,,0,4,L 4,,
1951-52,7,17,Harry Good,62.3,,-4.23,4.13,,,5,"Thu, Dec 27, 1951",REG,N,Kansas State (8),Big 7,15.68,L,67,87,,0,5,L 5,,
1951-52,7,17,Harry Good,62.3,,-4.23,4.13,,,6,"Fri, Dec 28, 1951",REG,N,Colorado,Big 7,-2.54,L,63,68,,0,6,L 6,,
1951-52,7,17,Harry Good,62.3,,-4.23,4.13,,,7,"Sat, Dec 29, 1951",REG,N,Iowa State,Big 7,-1.29,L,66,75,,0,7,L 7,,
1951-52,7,17,Harry Good,62.3,,-4.23,4.13,,,8,"Sat, Jan 5, 1952",REG,,Colorado,Big 7,-2.54,W,63,61,,1,7,W 1,Nebraska Coliseum,
1951-52,7,17,Harry Good,62.3,,-4.23,4.13,,,9,"Sat, Jan 12, 1952",REG,@,Kansas State (7),Big 7,15.68,L,36,71,,1,8,L 1,Ahearn Field House,
1951-52,7,17,Harry Good,62.3,,-4.23,4.13,,,10,"Mon, Jan 14, 1952",REG,,Kansas (1),Big 7,15.83,L,66,69,,1,9,L 2,Nebraska Coliseum,
1951-52,7,17,Harry Good,62.3,,-4.23,4.13,,,11,"Mon, Jan 28, 1952",REG,@,Iowa State,Big 7,-1.29,L,72,78,,1,10,L 3,The Armory,
1951-52,7,17,Harry Good,62.3,,-4.23,4.13,,,12,"Sat, Feb 2, 1952",REG,,Missouri,Big 7,4.2,L,55,60,,1,11,L 4,Nebraska Coliseum,
1951-52,7,17,Harry Good,62.3,,-4.23,4.13,,,13,"Sat, Feb 9, 1952",REG,,Oklahoma,Big 7,-1.49,W,67,66,,2,11,W 1,Nebraska Coliseum,
1951-52,7,17,Harry Good,62.3,,-4.23,4.13,,,14,"Mon, Feb 11, 1952",REG,@,Colorado,Big 7,-2.54,L,65,67,,2,12,L 1,Balch Fieldhouse,
1951-52,7,17,Harry Good,62.3,,-4.23,4.13,,,15,"Sat, Feb 16, 1952",REG,@,Kansas (9),Big 7,15.83,L,52,90,,2,13,L 2,Hoch Auditorium,
1951-52,7,17,Harry Good,62.3,,-4.23,4.13,,,16,"Mon, Feb 18, 1952",REG,@,Oklahoma,Big 7,-1.49,L,59,65,,2,14,L 3,McCasland Field House,
1951-52,7,17,Harry Good,62.3,,-4.23,4.13,,,17,"Mon, Feb 25, 1952",REG,,Iowa State,Big 7,-1.29,W,75,53,,3,14,W 1,Nebraska Coliseum,
1951-52,7,17,Harry Good,62.3,,-4.23,4.13,,,18,"Sat, Mar 1, 1952",REG,,Kansas State (3),Big 7,15.68,L,60,75,,3,15,L 1,Nebraska Coliseum,
1951-52,7,17,Harry Good,62.3,,-4.23,4.13,,,19,"Mon, Mar 3, 1952",REG,@,Missouri,Big 7,4.2,L,53,68,,3,16,L 2,Brewer Fieldhouse,
1952-53,9,11,Harry Good,69.9,71.6,4.46,7.52,,,1,"Sat, Dec 13, 1952",REG,@,Minnesota,Big Ten,13.07,L,62,71,,0,1,L 1,Williams Arena,
1952-53,9,11,Harry Good,69.9,71.6,4.46,7.52,,,2,"Sat, Dec 20, 1952",REG,@,Bradley,Ind,5.56,W,73,65,,1,1,W 1,Robertson Memorial Field House,
1952-53,9,11,Harry Good,69.9,71.6,4.46,7.52,,,3,"Sat, Dec 27, 1952",REG,N,Kansas,Big 7,16.26,L,66,73,,1,2,L 1,,
1952-53,9,11,Harry Good,69.9,71.6,4.46,7.52,,,4,"Mon, Dec 29, 1952",REG,N,Iowa State,Big 7,7.16,W,83,79,,2,2,W 1,,
1952-53,9,11,Harry Good,69.9,71.6,4.46,7.52,,,5,"Tue, Dec 30, 1952",REG,N,Colorado,Big 7,3.45,L,53,67,,2,3,L 1,,
1952-53,9,11,Harry Good,69.9,71.6,4.46,7.52,,,6,"Sat, Jan 3, 1953",REG,,Harvard,Ivy,-15.52,W,92,53,,3,3,W 1,Nebraska Coliseum,
1952-53,9,11,Harry Good,69.9,71.6,4.46,7.52,,,7,"Mon, Jan 5, 1953",REG,@,Colorado,Big 7,3.45,W,80,65,,4,3,W 2,Balch Fieldhouse,
1952-53,9,11,Harry Good,69.9,71.6,4.46,7.52,,,8,"Mon, Jan 12, 1953",REG,,Kansas (15),Big 7,16.26,L,59,65,,4,4,L 1,Nebraska Coliseum,
1952-53,9,11,Harry Good,69.9,71.6,4.46,7.52,,,9,"Sat, Jan 17, 1953",REG,,Iowa State,Big 7,7.16,L,60,78,,4,5,L 2,Nebraska Coliseum,
1952-53,9,11,Harry Good,69.9,71.6,4.46,7.52,,,10,"Mon, Jan 19, 1953",REG,,Missouri,Big 7,5.67,W,73,62,,5,5,W 1,Nebraska Coliseum,
1952-53,9,11,Harry Good,69.9,71.6,4.46,7.52,,,11,"Sat, Feb 7, 1953",REG,,Kansas State (5),Big 7,16.72,W,80,67,,6,5,W 2,Nebraska Coliseum,
1952-53,9,11,Harry Good,69.9,71.6,4.46,7.52,,,12,"Mon, Feb 9, 1953",REG,,Colorado,Big 7,3.45,L,78,86,,6,6,L 1,Nebraska Coliseum,
1952-53,9,11,Harry Good,69.9,71.6,4.46,7.52,,,13,"Sat, Feb 14, 1953",REG,@,Kansas (14),Big 7,16.26,L,58,77,,6,7,L 2,Hoch Auditorium,
1952-53,9,11,Harry Good,69.9,71.6,4.46,7.52,,,14,"Mon, Feb 16, 1953",REG,@,Oklahoma,Big 7,3.44,W,59,53,,7,7,W 1,McCasland Field House,
1952-53,9,11,Harry Good,69.9,71.6,4.46,7.52,,,15,"Sat, Feb 21, 1953",REG,@,Missouri,Big 7,5.67,L,59,66,,7,8,L 1,Brewer Fieldhouse,
1952-53,9,11,Harry Good,69.9,71.6,4.46,7.52,,,16,"Sat, Feb 28, 1953",REG,,Oklahoma,Big 7,3.44,L,70,78,,7,9,L 2,Nebraska Coliseum,
1952-53,9,11,Harry Good,69.9,71.6,4.46,7.52,,,17,"Mon, Mar 2, 1953",REG,@,Iowa State,Big 7,7.16,L,66,93,,7,10,L 3,The Armory,
1952-53,9,11,Harry Good,69.9,71.6,4.46,7.52,,,18,"Tue, Mar 10, 1953",REG,@,Kansas State (8),Big 7,16.72,L,80,108,,7,11,L 4,Ahearn Field House,
1953-54,8,13,Harry Good,70,74.7,-0.29,5.41,,,1,"Sat, Dec 5, 1953",REG,@,Minnesota,Big Ten,14.03,L,64,75,,0,1,L 1,Williams Arena,
1953-54,8,13,Harry Good,70,74.7,-0.29,5.41,,,2,"Sat, Dec 12, 1953",REG,,Iowa,Big Ten,15.41,W,81,70,,1,1,W 1,Nebraska Coliseum,
1953-54,8,13,Harry Good,70,74.7,-0.29,5.41,,,3,"Sat, Dec 19, 1953",REG,@,Oregon State (11),PCC,9.12,L,55,83,,1,2,L 1,Gill Coliseum,
1953-54,8,13,Harry Good,70,74.7,-0.29,5.41,,,4,"Mon, Dec 21, 1953",REG,@,Oregon,PCC,1.77,L,68,84,,1,3,L 2,McArthur Court,
1953-54,8,13,Harry Good,70,74.7,-0.29,5.41,,,5,"Tue, Dec 22, 1953",REG,@,Oregon,PCC,1.77,L,72,74,,1,4,L 3,McArthur Court,
1953-54,8,13,Harry Good,70,74.7,-0.29,5.41,,,6,"Mon, Dec 28, 1953",REG,N,Kansas State,Big 7,5.44,W,78,74,,2,4,W 1,Municipal Auditorium,
1953-54,8,13,Harry Good,70,74.7,-0.29,5.41,,,7,"Tue, Dec 29, 1953",REG,N,Oklahoma,Big 7,1.2,L,70,86,,2,5,L 1,Municipal Auditorium,
1953-54,8,13,Harry Good,70,74.7,-0.29,5.41,,,8,"Wed, Dec 30, 1953",REG,N,Missouri,Big 7,7.2,L,57,72,,2,6,L 2,Municipal Auditorium,
1953-54,8,13,Harry Good,70,74.7,-0.29,5.41,,,9,"Mon, Jan 4, 1954",REG,@,Iowa State,Big 7,-3.58,W,74,60,,3,6,W 1,The Armory,
1953-54,8,13,Harry Good,70,74.7,-0.29,5.41,,,10,"Sat, Jan 9, 1954",REG,,Oklahoma,Big 7,1.2,W,76,72,,4,6,W 2,Nebraska Coliseum,
1953-54,8,13,Harry Good,70,74.7,-0.29,5.41,,,11,"Mon, Jan 11, 1954",REG,,Kansas State,Big 7,5.44,W,88,75,,5,6,W 3,Nebraska Coliseum,
1953-54,8,13,Harry Good,70,74.7,-0.29,5.41,,,12,"Mon, Jan 18, 1954",REG,,Missouri,Big 7,7.2,W,80,72,,6,6,W 4,Nebraska Coliseum,
1953-54,8,13,Harry Good,70,74.7,-0.29,5.41,,,13,"Sat, Feb 6, 1954",REG,@,Kansas State,Big 7,5.44,L,70,91,,6,7,L 1,Ahearn Field House,
1953-54,8,13,Harry Good,70,74.7,-0.29,5.41,,,14,"Mon, Feb 8, 1954",REG,,Colorado,Big 7,4.71,L,67,75,,6,8,L 2,Nebraska Coliseum,
1953-54,8,13,Harry Good,70,74.7,-0.29,5.41,,,15,"Sat, Feb 13, 1954",REG,@,Kansas (20),Big 7,11.15,L,68,79,,6,9,L 3,Hoch Auditorium,
1953-54,8,13,Harry Good,70,74.7,-0.29,5.41,,,16,"Mon, Feb 15, 1954",REG,@,Oklahoma,Big 7,1.2,L,68,76,,6,10,L 4,McCasland Field House,
1953-54,8,13,Harry Good,70,74.7,-0.29,5.41,,,17,"Sat, Feb 20, 1954",REG,@,Colorado,Big 7,4.71,L,58,83,,6,11,L 5,Balch Fieldhouse,
1953-54,8,13,Harry Good,70,74.7,-0.29,5.41,,,18,"Mon, Feb 22, 1954",REG,,Kansas (17),Big 7,11.15,L,62,67,,6,12,L 6,Nebraska Coliseum,
1953-54,8,13,Harry Good,70,74.7,-0.29,5.41,,,19,"Sat, Feb 27, 1954",REG,,Iowa State,Big 7,-3.58,W,78,65,,7,12,W 1,Nebraska Coliseum,
1953-54,8,13,Harry Good,70,74.7,-0.29,5.41,,,20,"Mon, Mar 1, 1954",REG,@,Missouri,Big 7,7.2,L,67,82,,7,13,L 1,Brewer Fieldhouse,
1954-55,9,12,Jerry Bush,70.8,71.8,2.99,6.93,,,1,"Mon, Dec 6, 1954",REG,@,Iowa (4),Big Ten,15.84,L,61,84,,0,1,L 1,Iowa Field House,
1954-55,9,12,Jerry Bush,70.8,71.8,2.99,6.93,,,2,"Sat, Dec 18, 1954",REG,@,Bradley,Ind,-2.79,W,93,68,,1,1,W 1,Robertson Memorial Field House,
1954-55,9,12,Jerry Bush,70.8,71.8,2.99,6.93,,,3,"Mon, Dec 20, 1954",REG,@,Alabama (19),SEC,7.51,L,76,88,,1,2,L 1,Foster Auditorium,
1954-55,9,12,Jerry Bush,70.8,71.8,2.99,6.93,,,4,"Mon, Dec 27, 1954",REG,N,Missouri (11),Big 7,12.16,L,58,75,,1,3,L 2,,
1954-55,9,12,Jerry Bush,70.8,71.8,2.99,6.93,,,5,"Wed, Dec 29, 1954",REG,N,Colorado,Big 7,13.02,L,47,89,,1,4,L 3,,
1954-55,9,12,Jerry Bush,70.8,71.8,2.99,6.93,,,6,"Fri, Dec 31, 1954",REG,N,Kansas (16),Big 7,4.21,L,66,69,,1,5,L 4,,
1954-55,9,12,Jerry Bush,70.8,71.8,2.99,6.93,,,7,"Tue, Jan 4, 1955",REG,,Iowa State,Big 7,5.01,W,76,63,,2,5,W 1,Nebraska Coliseum,
1954-55,9,12,Jerry Bush,70.8,71.8,2.99,6.93,,,8,"Sat, Jan 8, 1955",REG,@,Missouri (9),Big 7,12.16,L,57,69,,2,6,L 1,Brewer Fieldhouse,
1954-55,9,12,Jerry Bush,70.8,71.8,2.99,6.93,,,9,"Tue, Jan 11, 1955",REG,,Kansas State,Big 7,6.61,W,69,59,,3,6,W 1,Nebraska Coliseum,
1954-55,9,12,Jerry Bush,70.8,71.8,2.99,6.93,,,10,"Sat, Jan 15, 1955",REG,,Kansas,Big 7,4.21,W,66,62,,4,6,W 2,Nebraska Coliseum,
1954-55,9,12,Jerry Bush,70.8,71.8,2.99,6.93,,,11,"Sat, Feb 5, 1955",REG,@,Kansas State,Big 7,6.61,L,62,79,,4,7,L 1,Ahearn Field House,
1954-55,9,12,Jerry Bush,70.8,71.8,2.99,6.93,,,12,"Mon, Feb 7, 1955",REG,,Colorado,Big 7,13.02,W,84,77,,5,7,W 1,Nebraska Coliseum,
1954-55,9,12,Jerry Bush,70.8,71.8,2.99,6.93,,,13,"Sat, Feb 12, 1955",REG,,Oklahoma,Big 7,-3.56,W,75,67,,6,7,W 2,Nebraska Coliseum,
1954-55,9,12,Jerry Bush,70.8,71.8,2.99,6.93,,,14,"Mon, Feb 14, 1955",REG,,Missouri,Big 7,12.16,L,73,76,,6,8,L 1,Nebraska Coliseum,
1954-55,9,12,Jerry Bush,70.8,71.8,2.99,6.93,,,15,"Sat, Feb 19, 1955",REG,@,Kansas,Big 7,4.21,W,66,55,,7,8,W 1,Hoch Auditorium,
1954-55,9,12,Jerry Bush,70.8,71.8,2.99,6.93,,,16,"Mon, Feb 21, 1955",REG,@,Oklahoma,Big 7,-3.56,L,76,78,,7,9,L 1,McCasland Field House,
1954-55,9,12,Jerry Bush,70.8,71.8,2.99,6.93,,,17,"Sat, Feb 26, 1955",REG,@,Iowa State,Big 7,5.01,L,75,82,,7,10,L 2,The Armory,
1954-55,9,12,Jerry Bush,70.8,71.8,2.99,6.93,,,18,"Sat, Mar 5, 1955",REG,@,Colorado,Big 7,13.02,L,66,77,,7,11,L 3,Balch Fieldhouse,
1955-56,7,16,Jerry Bush,62.3,71.3,-2.62,7.38,,,1,"Sun, Dec 4, 1955",REG,@,Iowa,Big Ten,14.61,L,51,60,,0,1,L 1,Iowa Field House,
1955-56,7,16,Jerry Bush,62.3,71.3,-2.62,7.38,,,2,"Fri, Dec 9, 1955",REG,,Texas Tech,BIAA,0.89,W,69,63,,1,1,W 1,Nebraska Coliseum,
1955-56,7,16,Jerry Bush,62.3,71.3,-2.62,7.38,,,3,"Sat, Dec 10, 1955",REG,@,Michigan,Big Ten,2.43,L,71,77,,1,2,L 1,Yost Field House,
1955-56,7,16,Jerry Bush,62.3,71.3,-2.62,7.38,,,4,"Mon, Dec 12, 1955",REG,@,Wichita State,MVC,8.99,L,46,71,,1,3,L 2,Levitt Arena,
1955-56,7,16,Jerry Bush,62.3,71.3,-2.62,7.38,,,5,"Fri, Dec 16, 1955",REG,,UCLA,PCC,11.81,W,71,65,,2,3,W 1,Nebraska Coliseum,
1955-56,7,16,Jerry Bush,62.3,71.3,-2.62,7.38,,,6,"Mon, Dec 19, 1955",REG,@,Wisconsin,Big Ten,4.06,L,52,71,,2,4,L 1,Wisconsin Field House,
1955-56,7,16,Jerry Bush,62.3,71.3,-2.62,7.38,,,7,"Wed, Dec 21, 1955",REG,,Vanderbilt (8),SEC,5.7,L,48,66,,2,5,L 2,Nebraska Coliseum,
1955-56,7,16,Jerry Bush,62.3,71.3,-2.62,7.38,,,8,"Wed, Dec 28, 1955",REG,N,Missouri,Big 7,11.88,L,66,71,,2,6,L 3,,
1955-56,7,16,Jerry Bush,62.3,71.3,-2.62,7.38,,,9,"Thu, Dec 29, 1955",REG,N,Cornell,Ivy,-6.84,W,70,69,,3,6,W 1,,
1955-56,7,16,Jerry Bush,62.3,71.3,-2.62,7.38,,,10,"Fri, Dec 30, 1955",REG,N,Kansas State,Big 7,12.07,L,51,79,,3,7,L 1,,
1955-56,7,16,Jerry Bush,62.3,71.3,-2.62,7.38,,,11,"Sat, Jan 7, 1956",REG,@,Colorado,Big 7,5.98,L,63,78,,3,8,L 2,Balch Fieldhouse,
1955-56,7,16,Jerry Bush,62.3,71.3,-2.62,7.38,,,12,"Mon, Jan 16, 1956",REG,,Missouri,Big 7,11.88,W,83,77,,4,8,W 1,Nebraska Coliseum,
1955-56,7,16,Jerry Bush,62.3,71.3,-2.62,7.38,,,13,"Sat, Jan 21, 1956",REG,,Colorado,Big 7,5.98,L,50,77,,4,9,L 1,Nebraska Coliseum,
1955-56,7,16,Jerry Bush,62.3,71.3,-2.62,7.38,,,14,"Mon, Feb 6, 1956",REG,,Kansas State,Big 7,12.07,L,52,66,,4,10,L 2,Nebraska Coliseum,
1955-56,7,16,Jerry Bush,62.3,71.3,-2.62,7.38,,,15,"Sat, Feb 11, 1956",REG,@,Kansas,Big 7,8.09,L,56,80,,4,11,L 3,Allen Fieldhouse,
1955-56,7,16,Jerry Bush,62.3,71.3,-2.62,7.38,,,16,"Mon, Feb 13, 1956",REG,@,Oklahoma,Big 7,-1.06,W,68,61,OT,5,11,W 1,McCasland Field House,
1955-56,7,16,Jerry Bush,62.3,71.3,-2.62,7.38,,,17,"Sat, Feb 18, 1956",REG,,Iowa State,Big 7,11.46,L,69,71,,5,12,L 1,Nebraska Coliseum,
1955-56,7,16,Jerry Bush,62.3,71.3,-2.62,7.38,,,18,"Mon, Feb 20, 1956",REG,@,Kansas State,Big 7,12.07,L,50,73,,5,13,L 2,Ahearn Field House,
1955-56,7,16,Jerry Bush,62.3,71.3,-2.62,7.38,,,19,"Sat, Feb 25, 1956",REG,,Kansas,Big 7,8.09,L,56,60,,5,14,L 3,Nebraska Coliseum,
1955-56,7,16,Jerry Bush,62.3,71.3,-2.62,7.38,,,20,"Sat, Mar 3, 1956",REG,,Oklahoma,Big 7,-1.06,W,64,63,OT,6,14,W 1,Nebraska Coliseum,
1955-56,7,16,Jerry Bush,62.3,71.3,-2.62,7.38,,,21,"Mon, Mar 5, 1956",REG,@,Missouri,Big 7,11.88,L,80,88,,6,15,L 1,Brewer Fieldhouse,
1955-56,7,16,Jerry Bush,62.3,71.3,-2.62,7.38,,,22,"Fri, Mar 9, 1956",REG,@,Iowa State,Big 7,11.46,L,74,94,,6,16,L 2,The Armory,
1956-57,11,12,Jerry Bush,61.7,66,5.2,9.5,,,1,"Fri, Nov 30, 1956",REG,@,UCLA,PCC,10.91,L,56,69,,0,1,L 1,UCLA Men's Gymnasium,
1956-57,11,12,Jerry Bush,61.7,66,5.2,9.5,,,2,"Sat, Dec 1, 1956",REG,@,UCLA,PCC,10.91,L,60,78,,0,2,L 2,UCLA Men's Gymnasium,
1956-57,11,12,Jerry Bush,61.7,66,5.2,9.5,,,3,"Mon, Dec 3, 1956",REG,,Iowa,Big Ten,2.32,W,67,43,,1,2,W 1,Nebraska Coliseum,
1956-57,11,12,Jerry Bush,61.7,66,5.2,9.5,,,4,"Sat, Dec 8, 1956",REG,,Michigan,Big Ten,7.17,W,73,60,,2,2,W 2,Nebraska Coliseum,
1956-57,11,12,Jerry Bush,61.7,66,5.2,9.5,,,5,"Mon, Dec 10, 1956",REG,,Wisconsin,Big Ten,-2.1,W,53,51,,3,2,W 3,Nebraska Coliseum,
1956-57,11,12,Jerry Bush,61.7,66,5.2,9.5,,,6,"Mon, Dec 17, 1956",REG,,Purdue,Big Ten,8.49,W,65,62,,4,2,W 4,Nebraska Coliseum,
1956-57,11,12,Jerry Bush,61.7,66,5.2,9.5,,,7,"Thu, Dec 20, 1956",REG,@,Texas Tech,Ind,-1.69,W,67,66,,5,2,W 5,Lubbock Municipal Coliseum,
1956-57,11,12,Jerry Bush,61.7,66,5.2,9.5,,,8,"Sat, Dec 22, 1956",REG,@,Vanderbilt,SEC,13.17,L,54,78,,5,3,L 1,Memorial Gymnasium,
1956-57,11,12,Jerry Bush,61.7,66,5.2,9.5,,,9,"Thu, Dec 27, 1956",REG,N,Michigan State,Big Ten,11.65,L,65,79,,5,4,L 2,,
1956-57,11,12,Jerry Bush,61.7,66,5.2,9.5,,,10,"Fri, Dec 28, 1956",REG,N,Missouri,Big 7,8.11,W,70,65,,6,4,W 1,,
1956-57,11,12,Jerry Bush,61.7,66,5.2,9.5,,,11,"Sat, Dec 29, 1956",REG,N,Iowa State (14),Big 7,13.15,L,69,89,,6,5,L 1,,
1956-57,11,12,Jerry Bush,61.7,66,5.2,9.5,,,12,"Mon, Jan 7, 1957",REG,,Colorado,Big 7,6.57,W,74,52,,7,5,W 1,Nebraska Coliseum,
1956-57,11,12,Jerry Bush,61.7,66,5.2,9.5,,,13,"Sat, Jan 12, 1957",REG,@,Colorado,Big 7,6.57,L,56,60,,7,6,L 1,Balch Fieldhouse,
1956-57,11,12,Jerry Bush,61.7,66,5.2,9.5,,,14,"Sat, Jan 19, 1957",REG,@,Missouri,Big 7,8.11,W,84,65,,8,6,W 1,Brewer Fieldhouse,
1956-57,11,12,Jerry Bush,61.7,66,5.2,9.5,,,15,"Mon, Feb 4, 1957",REG,@,Kansas State,Big 7,16.26,L,53,89,,8,7,L 1,Ahearn Field House,
1956-57,11,12,Jerry Bush,61.7,66,5.2,9.5,,,16,"Sat, Feb 9, 1957",REG,,Kansas (2),Big 7,20.94,L,54,69,,8,8,L 2,Nebraska Coliseum,
1956-57,11,12,Jerry Bush,61.7,66,5.2,9.5,,,17,"Mon, Feb 11, 1957",REG,,Missouri,Big 7,8.11,W,53,49,,9,8,W 1,Nebraska Coliseum,
1956-57,11,12,Jerry Bush,61.7,66,5.2,9.5,,,18,"Sat, Feb 16, 1957",REG,,Iowa State (9),Big 7,13.15,L,47,59,,9,9,L 1,Nebraska Coliseum,
1956-57,11,12,Jerry Bush,61.7,66,5.2,9.5,,,19,"Mon, Feb 18, 1957",REG,,Kansas State (17),Big 7,16.26,L,56,81,,9,10,L 2,Nebraska Coliseum,
1956-57,11,12,Jerry Bush,61.7,66,5.2,9.5,,,20,"Sat, Feb 23, 1957",REG,@,Kansas (2),Big 7,20.94,L,60,87,,9,11,L 3,Allen Fieldhouse,
1956-57,11,12,Jerry Bush,61.7,66,5.2,9.5,,,21,"Mon, Feb 25, 1957",REG,@,Oklahoma,Big 7,3.19,L,53,55,,9,12,L 4,McCasland Field House,
1956-57,11,12,Jerry Bush,61.7,66,5.2,9.5,,,22,"Wed, Mar 6, 1957",REG,,Oklahoma,Big 7,3.19,W,64,55,,10,12,W 1,Nebraska Coliseum,
1956-57,11,12,Jerry Bush,61.7,66,5.2,9.5,,,23,"Sat, Mar 9, 1957",REG,,Iowa State (17),Big 7,13.15,W,67,58,,11,12,W 2,Nebraska Coliseum,
1957-58,10,13,Jerry Bush,57.7,73,-0.79,6.62,,,1,"Thu, Dec 5, 1957",REG,,Wyoming,MSAC,-1.79,W,77,66,,1,0,W 1,Nebraska Coliseum,
1957-58,10,13,Jerry Bush,57.7,73,-0.79,6.62,,,2,"Sat, Dec 7, 1957",REG,@,Michigan,Big Ten,1.72,L,57,81,,1,1,L 1,Yost Field House,
1957-58,10,13,Jerry Bush,57.7,73,-0.79,6.62,,,3,"Mon, Dec 9, 1957",REG,@,Notre Dame (15),Ind,13.43,L,56,69,,1,2,L 2,Notre Dame Fieldhouse,
1957-58,10,13,Jerry Bush,57.7,73,-0.79,6.62,,,4,"Sat, Dec 14, 1957",REG,,Purdue,Big Ten,8.25,L,61,70,,1,3,L 3,Nebraska Coliseum,
1957-58,10,13,Jerry Bush,57.7,73,-0.79,6.62,,,5,"Mon, Dec 16, 1957",REG,,Denver,MSAC,-0.42,W,68,63,,2,3,W 1,Nebraska Coliseum,
1957-58,10,13,Jerry Bush,57.7,73,-0.79,6.62,,,6,"Thu, Dec 19, 1957",REG,,Ohio,MAC,1.8,W,61,53,,3,3,W 2,Nebraska Coliseum,
1957-58,10,13,Jerry Bush,57.7,73,-0.79,6.62,,,7,"Sat, Dec 21, 1957",REG,@,Marquette,Ind,0.14,L,64,79,,3,4,L 1,Milwaukee Arena,
1957-58,10,13,Jerry Bush,57.7,73,-0.79,6.62,,,8,"Fri, Dec 27, 1957",REG,N,Princeton,Ivy,-2.61,W,74,64,,4,4,W 1,,
1957-58,10,13,Jerry Bush,57.7,73,-0.79,6.62,,,9,"Sat, Dec 28, 1957",REG,N,Kansas State (3),Big 8,14.63,L,57,88,,4,5,L 1,,
1957-58,10,13,Jerry Bush,57.7,73,-0.79,6.62,,,10,"Sun, Dec 29, 1957",REG,N,Iowa State (20),Big 8,10.39,L,51,61,,4,6,L 2,,
1957-58,10,13,Jerry Bush,57.7,73,-0.79,6.62,,,11,"Mon, Jan 6, 1958",REG,@,Missouri,Big 8,1.95,L,54,55,,4,7,L 3,Brewer Fieldhouse,
1957-58,10,13,Jerry Bush,57.7,73,-0.79,6.62,,,12,"Sat, Jan 11, 1958",REG,@,Kansas State (4),Big 8,14.63,L,59,74,,4,8,L 4,Ahearn Field House,
1957-58,10,13,Jerry Bush,57.7,73,-0.79,6.62,,,13,"Mon, Jan 13, 1958",REG,,Oklahoma (14),Big 8,6.49,W,57,54,,5,8,W 1,Nebraska Coliseum,
1957-58,10,13,Jerry Bush,57.7,73,-0.79,6.62,,,14,"Sat, Jan 18, 1958",REG,,Iowa State,Big 8,10.39,L,52,57,,5,9,L 1,Nebraska Coliseum,
1957-58,10,13,Jerry Bush,57.7,73,-0.79,6.62,,,15,"Sat, Feb 1, 1958",REG,@,Iowa State,Big 8,10.39,L,63,78,,5,10,L 2,The Armory,
1957-58,10,13,Jerry Bush,57.7,73,-0.79,6.62,,,16,"Sat, Feb 8, 1958",REG,@,Kansas (2),Big 8,17.58,L,46,102,,5,11,L 3,Allen Fieldhouse,
1957-58,10,13,Jerry Bush,57.7,73,-0.79,6.62,,,17,"Mon, Feb 10, 1958",REG,@,Oklahoma (20),Big 8,6.49,L,39,66,,5,12,L 4,McCasland Field House,
1957-58,10,13,Jerry Bush,57.7,73,-0.79,6.62,,,18,"Wed, Feb 12, 1958",REG,,Missouri,Big 8,1.95,W,67,62,,6,12,W 1,Nebraska Coliseum,
1957-58,10,13,Jerry Bush,57.7,73,-0.79,6.62,,,19,"Mon, Feb 17, 1958",REG,,Colorado,Big 8,-1.03,W,50,41,,7,12,W 2,Nebraska Coliseum,
1957-58,10,13,Jerry Bush,57.7,73,-0.79,6.62,,,20,"Sat, Feb 22, 1958",REG,,Kansas (4),Big 8,17.58,W,43,41,,8,12,W 3,Nebraska Coliseum,
1957-58,10,13,Jerry Bush,57.7,73,-0.79,6.62,,,21,"Mon, Mar 3, 1958",REG,,Kansas State (1),Big 8,14.63,W,55,48,,9,12,W 4,Nebraska Coliseum,
1957-58,10,13,Jerry Bush,57.7,73,-0.79,6.62,,,22,"Sat, Mar 8, 1958",REG,@,Colorado,Big 8,-1.03,L,52,54,,9,13,L 1,Balch Fieldhouse,
1958-59,12,13,Jerry Bush,58.6,60.2,1.79,5.16,,,1,"Sat, Dec 6, 1958",REG,,Montana,MSAC,-2.31,W,75,43,,1,0,W 1,Nebraska Coliseum,
1958-59,12,13,Jerry Bush,58.6,60.2,1.79,5.16,,,2,"Mon, Dec 8, 1958",REG,,Marquette (17),Ind,9.81,W,62,60,,2,0,W 2,Nebraska Coliseum,
1958-59,12,13,Jerry Bush,58.6,60.2,1.79,5.16,,,3,"Sat, Dec 13, 1958",REG,@,Minnesota,Big Ten,5.05,L,57,78,,2,1,L 1,Williams Arena,
1958-59,12,13,Jerry Bush,58.6,60.2,1.79,5.16,,,4,"Mon, Dec 15, 1958",REG,,Texas Tech,SWC,3.41,W,54,46,,3,1,W 1,Nebraska Coliseum,
1958-59,12,13,Jerry Bush,58.6,60.2,1.79,5.16,,,5,"Thu, Dec 18, 1958",REG,@,Bradley (11),MVC,16.12,L,48,85,,3,2,L 1,Robertson Memorial Field House,
1958-59,12,13,Jerry Bush,58.6,60.2,1.79,5.16,,,6,"Sat, Dec 20, 1958",REG,@,Michigan State (11),Big Ten,16.51,L,55,80,,3,3,L 2,Jenison Field House,
1958-59,12,13,Jerry Bush,58.6,60.2,1.79,5.16,,,7,"Fri, Dec 26, 1958",REG,N,Oklahoma State,Big 8,3.95,W,55,48,,4,3,W 1,,
1958-59,12,13,Jerry Bush,58.6,60.2,1.79,5.16,,,8,"Mon, Dec 29, 1958",REG,N,Colorado,Big 8,7.34,L,50,54,,4,4,L 1,,
1958-59,12,13,Jerry Bush,58.6,60.2,1.79,5.16,,,9,"Tue, Dec 30, 1958",REG,N,Oklahoma,Big 8,2.03,W,60,43,,5,4,W 1,Municipal Auditorium,
1958-59,12,13,Jerry Bush,58.6,60.2,1.79,5.16,,,10,"Mon, Jan 5, 1959",REG,@,Colorado,Big 8,7.34,L,50,57,,5,5,L 1,Balch Fieldhouse,
1958-59,12,13,Jerry Bush,58.6,60.2,1.79,5.16,,,11,"Sat, Jan 10, 1959",REG,,Oklahoma State,Big 8,3.95,W,47,44,,6,5,W 1,Nebraska Coliseum,
1958-59,12,13,Jerry Bush,58.6,60.2,1.79,5.16,,,12,"Mon, Jan 12, 1959",REG,,Missouri,Big 8,-1.63,W,81,69,,7,5,W 2,Nebraska Coliseum,
1958-59,12,13,Jerry Bush,58.6,60.2,1.79,5.16,,,13,"Sat, Jan 17, 1959",REG,,Iowa State,Big 8,-0.19,W,52,49,,8,5,W 3,Nebraska Coliseum,
1958-59,12,13,Jerry Bush,58.6,60.2,1.79,5.16,,,14,"Sat, Jan 31, 1959",REG,,Detroit Mercy,Ind,-5.99,W,91,77,,9,5,W 4,Nebraska Coliseum,
1958-59,12,13,Jerry Bush,58.6,60.2,1.79,5.16,,,15,"Mon, Feb 2, 1959",REG,,Kansas State (3),Big 8,17.01,L,43,50,,9,6,L 1,Nebraska Coliseum,
1958-59,12,13,Jerry Bush,58.6,60.2,1.79,5.16,,,16,"Sat, Feb 7, 1959",REG,@,Oklahoma State,Big 8,3.95,L,39,54,,9,7,L 2,Gallagher-Iba Arena,
1958-59,12,13,Jerry Bush,58.6,60.2,1.79,5.16,,,17,"Mon, Feb 9, 1959",REG,@,Oklahoma,Big 8,2.03,L,48,54,,9,8,L 3,McCasland Field House,
1958-59,12,13,Jerry Bush,58.6,60.2,1.79,5.16,,,18,"Sat, Feb 14, 1959",REG,,Kansas,Big 8,5.64,L,55,63,,9,9,L 4,Nebraska Coliseum,
1958-59,12,13,Jerry Bush,58.6,60.2,1.79,5.16,,,19,"Sat, Feb 21, 1959",REG,@,Kansas,Big 8,5.64,L,50,66,,9,10,L 5,Allen Fieldhouse,
1958-59,12,13,Jerry Bush,58.6,60.2,1.79,5.16,,,20,"Mon, Feb 23, 1959",REG,,Colorado,Big 8,7.34,W,62,61,,10,10,W 1,Nebraska Coliseum,
1958-59,12,13,Jerry Bush,58.6,60.2,1.79,5.16,,,21,"Sat, Feb 28, 1959",REG,@,Iowa State,Big 8,-0.19,L,56,59,,10,11,L 1,The Armory,
1958-59,12,13,Jerry Bush,58.6,60.2,1.79,5.16,,,22,"Mon, Mar 2, 1959",REG,@,Missouri,Big 8,-1.63,W,81,79,,11,11,W 1,Brewer Fieldhouse,
1958-59,12,13,Jerry Bush,58.6,60.2,1.79,5.16,,,23,"Thu, Mar 5, 1959",REG,,Oklahoma,Big 8,2.03,L,54,65,,11,12,L 1,Nebraska Coliseum,
1958-59,12,13,Jerry Bush,58.6,60.2,1.79,5.16,,,24,"Mon, Mar 9, 1959",REG,@,Kansas State (1),Big 8,17.01,L,54,76,,11,13,L 2,Ahearn Field House,
1959-60,7,17,Jerry Bush,62.2,63.2,4.66,5.66,,,1,"Sat, Dec 5, 1959",REG,,Air Force,Ind,-6.5,W,68,54,,1,0,W 1,Nebraska Coliseum,
1959-60,7,17,Jerry Bush,62.2,63.2,4.66,5.66,,,2,"Mon, Dec 7, 1959",REG,,Minnesota,Big Ten,8.06,W,76,66,,2,0,W 2,Nebraska Coliseum,
1959-60,7,17,Jerry Bush,62.2,63.2,4.66,5.66,,,3,"Mon, Dec 14, 1959",REG,,Notre Dame,Ind,10.59,L,62,70,,2,1,L 1,Nebraska Coliseum,
1959-60,7,17,Jerry Bush,62.2,63.2,4.66,5.66,,,4,"Thu, Dec 17, 1959",REG,,Michigan State,Big Ten,7.42,L,80,82,,2,2,L 2,Nebraska Coliseum,
1959-60,7,17,Jerry Bush,62.2,63.2,4.66,5.66,,,5,"Sat, Dec 19, 1959",REG,@,Oregon State,Ind,3.91,L,60,63,,2,3,L 3,Gill Coliseum,
1959-60,7,17,Jerry Bush,62.2,63.2,4.66,5.66,,,6,"Mon, Dec 21, 1959",REG,N,Oregon State,Ind,3.91,L,65,67,,2,4,L 4,,
1959-60,7,17,Jerry Bush,62.2,63.2,4.66,5.66,,,7,"Wed, Dec 23, 1959",REG,@,Montana,MSAC,-6.9,L,58,64,,2,5,L 5,Adams Center/Dahlberg Arena,
1959-60,7,17,Jerry Bush,62.2,63.2,4.66,5.66,,,8,"Sat, Dec 26, 1959",REG,N,Colorado,Big 8,6.49,L,55,64,,2,6,L 6,,
1959-60,7,17,Jerry Bush,62.2,63.2,4.66,5.66,,,9,"Tue, Dec 29, 1959",REG,N,Kansas State,Big 8,9.14,L,63,71,,2,7,L 7,,
1959-60,7,17,Jerry Bush,62.2,63.2,4.66,5.66,,,10,"Wed, Dec 30, 1959",REG,N,Missouri,Big 8,3.18,W,78,67,,3,7,W 1,,
1959-60,7,17,Jerry Bush,62.2,63.2,4.66,5.66,,,11,"Mon, Jan 4, 1960",REG,@,Iowa State,Big 8,7.1,L,53,57,,3,8,L 1,The Armory,
1959-60,7,17,Jerry Bush,62.2,63.2,4.66,5.66,,,12,"Sat, Jan 9, 1960",REG,,Kansas,Big 8,10.87,L,47,60,,3,9,L 2,Nebraska Coliseum,
1959-60,7,17,Jerry Bush,62.2,63.2,4.66,5.66,,,13,"Mon, Jan 11, 1960",REG,@,Missouri,Big 8,3.18,L,61,69,,3,10,L 3,Brewer Fieldhouse,
1959-60,7,17,Jerry Bush,62.2,63.2,4.66,5.66,,,14,"Sat, Jan 16, 1960",REG,@,Colorado,Big 8,6.49,L,57,62,OT,3,11,L 4,Balch Fieldhouse,
1959-60,7,17,Jerry Bush,62.2,63.2,4.66,5.66,,,15,"Sat, Jan 30, 1960",REG,,Colorado,Big 8,6.49,L,54,58,,3,12,L 5,Nebraska Coliseum,
1959-60,7,17,Jerry Bush,62.2,63.2,4.66,5.66,,,16,"Mon, Feb 1, 1960",REG,,Missouri,Big 8,3.18,W,64,59,,4,12,W 1,Nebraska Coliseum,
1959-60,7,17,Jerry Bush,62.2,63.2,4.66,5.66,,,17,"Sat, Feb 6, 1960",REG,@,Oklahoma State,Big 8,3.96,L,47,52,,4,13,L 1,Gallagher-Iba Arena,
1959-60,7,17,Jerry Bush,62.2,63.2,4.66,5.66,,,18,"Mon, Feb 8, 1960",REG,@,Oklahoma,Big 8,7.59,L,54,63,,4,14,L 2,McCasland Field House,
1959-60,7,17,Jerry Bush,62.2,63.2,4.66,5.66,,,19,"Sat, Feb 13, 1960",REG,,Iowa State,Big 8,7.1,W,69,49,,5,14,W 1,Nebraska Coliseum,
1959-60,7,17,Jerry Bush,62.2,63.2,4.66,5.66,,,20,"Sat, Feb 20, 1960",REG,,Kansas State,Big 8,9.14,W,70,60,,6,14,W 2,Nebraska Coliseum,
1959-60,7,17,Jerry Bush,62.2,63.2,4.66,5.66,,,21,"Mon, Feb 22, 1960",REG,,Oklahoma,Big 8,7.59,L,49,50,,6,15,L 1,Nebraska Coliseum,
1959-60,7,17,Jerry Bush,62.2,63.2,4.66,5.66,,,22,"Sat, Feb 27, 1960",REG,,Oklahoma State,Big 8,3.96,W,54,47,,7,15,W 1,Nebraska Coliseum,
1959-60,7,17,Jerry Bush,62.2,63.2,4.66,5.66,,,23,"Sat, Mar 5, 1960",REG,@,Kansas State,Big 8,9.14,L,74,83,,7,16,L 1,Ahearn Field House,
1959-60,7,17,Jerry Bush,62.2,63.2,4.66,5.66,,,24,"Mon, Mar 7, 1960",REG,@,Kansas,Big 8,10.87,L,74,79,,7,17,L 2,Allen Fieldhouse,
1960-61,10,14,Jerry Bush,64.4,65.5,4.44,6.01,,,1,"Sat, Dec 3, 1960",REG,,Wichita State,MVC,11.22,L,63,65,,0,1,L 1,Nebraska Coliseum,
1960-61,10,14,Jerry Bush,64.4,65.5,4.44,6.01,,,2,"Wed, Dec 7, 1960",REG,,Utah State,MSAC,-0.31,W,65,60,,1,1,W 1,Nebraska Coliseum,
1960-61,10,14,Jerry Bush,64.4,65.5,4.44,6.01,,,3,"Tue, Dec 13, 1960",REG,,Denver,MSAC,-4.88,W,77,52,,2,1,W 2,Nebraska Coliseum,
1960-61,10,14,Jerry Bush,64.4,65.5,4.44,6.01,,,4,"Sat, Dec 17, 1960",REG,@,Detroit Mercy (3),Ind,5.14,L,62,71,,2,2,L 1,Calihan Hall,
1960-61,10,14,Jerry Bush,64.4,65.5,4.44,6.01,,,5,"Mon, Dec 19, 1960",REG,@,Cincinnati,MVC,18.8,L,60,75,,2,3,L 2,Armory Fieldhouse,
1960-61,10,14,Jerry Bush,64.4,65.5,4.44,6.01,,,6,"Wed, Dec 21, 1960",REG,,Arizona,BIAA,-13.26,W,79,55,,3,3,W 1,Nebraska Coliseum,
1960-61,10,14,Jerry Bush,64.4,65.5,4.44,6.01,,,7,"Tue, Dec 27, 1960",REG,N,Kansas,Big 8,14.3,L,53,78,,3,4,L 1,,
1960-61,10,14,Jerry Bush,64.4,65.5,4.44,6.01,,,8,"Wed, Dec 28, 1960",REG,N,Missouri,Big 8,2.1,W,90,72,,4,4,W 1,,
1960-61,10,14,Jerry Bush,64.4,65.5,4.44,6.01,,,9,"Fri, Dec 30, 1960",REG,N,Oklahoma State,Big 8,6.55,W,70,61,,5,4,W 2,,
1960-61,10,14,Jerry Bush,64.4,65.5,4.44,6.01,,,10,"Sat, Jan 7, 1961",REG,,Missouri,Big 8,2.1,W,62,48,,6,4,W 3,Nebraska Coliseum,
1960-61,10,14,Jerry Bush,64.4,65.5,4.44,6.01,,,11,"Mon, Jan 9, 1961",REG,,Colorado,Big 8,3.38,W,65,61,,7,4,W 4,Nebraska Coliseum,
1960-61,10,14,Jerry Bush,64.4,65.5,4.44,6.01,,,12,"Sat, Jan 14, 1961",REG,@,Colorado,Big 8,3.38,L,51,66,,7,5,L 1,Balch Fieldhouse,
1960-61,10,14,Jerry Bush,64.4,65.5,4.44,6.01,,,13,"Sat, Jan 21, 1961",REG,,Iowa State,Big 8,5.67,L,58,66,,7,6,L 2,Nebraska Coliseum,
1960-61,10,14,Jerry Bush,64.4,65.5,4.44,6.01,,,14,"Sat, Feb 4, 1961",REG,@,Oklahoma State,Big 8,6.55,L,47,55,,7,7,L 3,Gallagher-Iba Arena,
1960-61,10,14,Jerry Bush,64.4,65.5,4.44,6.01,,,15,"Mon, Feb 6, 1961",REG,@,Oklahoma,Big 8,2.73,L,58,69,,7,8,L 4,McCasland Field House,
1960-61,10,14,Jerry Bush,64.4,65.5,4.44,6.01,,,16,"Sat, Feb 11, 1961",REG,,Kansas,Big 8,14.3,L,33,38,,7,9,L 5,Nebraska Coliseum,
1960-61,10,14,Jerry Bush,64.4,65.5,4.44,6.01,,,17,"Mon, Feb 13, 1961",REG,@,Iowa State,Big 8,5.67,L,62,68,,7,10,L 6,The Armory,
1960-61,10,14,Jerry Bush,64.4,65.5,4.44,6.01,,,18,"Sat, Feb 18, 1961",REG,,Oklahoma State,Big 8,6.55,L,61,65,,7,11,L 7,Nebraska Coliseum,
1960-61,10,14,Jerry Bush,64.4,65.5,4.44,6.01,,,19,"Mon, Feb 20, 1961",REG,,Oklahoma,Big 8,2.73,W,83,61,,8,11,W 1,Nebraska Coliseum,
1960-61,10,14,Jerry Bush,64.4,65.5,4.44,6.01,,,20,"Sat, Feb 25, 1961",REG,@,Kansas,Big 8,14.3,W,69,68,,9,11,W 2,Allen Fieldhouse,
1960-61,10,14,Jerry Bush,64.4,65.5,4.44,6.01,,,21,"Mon, Feb 27, 1961",REG,,Kansas State (7),Big 8,14.55,L,67,77,,9,12,L 1,Nebraska Coliseum,
1960-61,10,14,Jerry Bush,64.4,65.5,4.44,6.01,,,22,"Sat, Mar 4, 1961",REG,@,Kansas State (7),Big 8,14.55,L,56,75,,9,13,L 2,Ahearn Field House,
1960-61,10,14,Jerry Bush,64.4,65.5,4.44,6.01,,,23,"Mon, Mar 6, 1961",REG,@,Missouri,Big 8,2.1,L,76,97,,9,14,L 3,Brewer Fieldhouse,
1961-62,9,16,Jerry Bush,61.6,67,-0.72,4.76,,,1,"Mon, Dec 4, 1961",REG,@,Wichita State,MVC,11.67,L,49,79,,0,1,L 1,Levitt Arena,
1961-62,9,16,Jerry Bush,61.6,67,-0.72,4.76,,,2,"Thu, Dec 7, 1961",REG,,Southern Methodist,SWC,6.1,W,63,60,,1,1,W 1,Nebraska Coliseum,
1961-62,9,16,Jerry Bush,61.6,67,-0.72,4.76,,,3,"Sat, Dec 9, 1961",REG,@,Air Force,Ind,-3.1,L,49,58,,1,2,L 1,Cadet Gymnasium,
1961-62,9,16,Jerry Bush,61.6,67,-0.72,4.76,,,4,"Mon, Dec 11, 1961",REG,,Notre Dame,Ind,-2.16,W,65,61,,2,2,W 1,Nebraska Coliseum,
1961-62,9,16,Jerry Bush,61.6,67,-0.72,4.76,,,5,"Sat, Dec 16, 1961",REG,,Ohio,MAC,1.44,W,81,64,,3,2,W 2,Nebraska Coliseum,
1961-62,9,16,Jerry Bush,61.6,67,-0.72,4.76,,,6,"Wed, Dec 20, 1961",REG,@,Wyoming,MSAC,-5.27,L,70,71,,3,3,L 1,War Memorial Fieldhouse,
1961-62,9,16,Jerry Bush,61.6,67,-0.72,4.76,,,7,"Fri, Dec 22, 1961",REG,@,California,AAWU,-0.66,L,49,50,,3,4,L 2,Harmon Gym,
1961-62,9,16,Jerry Bush,61.6,67,-0.72,4.76,,,8,"Sat, Dec 23, 1961",REG,@,Stanford,AAWU,10.57,L,59,72,,3,5,L 3,Old Pavilion,
1961-62,9,16,Jerry Bush,61.6,67,-0.72,4.76,,,9,"Wed, Dec 27, 1961",REG,N,Kansas State (5),Big 8,14.53,L,48,60,,3,6,L 4,,
1961-62,9,16,Jerry Bush,61.6,67,-0.72,4.76,,,10,"Fri, Dec 29, 1961",REG,N,Oklahoma State,Big 8,5.81,W,52,51,,4,6,W 1,,
1961-62,9,16,Jerry Bush,61.6,67,-0.72,4.76,,,11,"Sat, Dec 30, 1961",REG,N,Kansas,Big 8,1.89,L,68,69,,4,7,L 1,,
1961-62,9,16,Jerry Bush,61.6,67,-0.72,4.76,,,12,"Sat, Jan 6, 1962",REG,@,Kansas,Big 8,1.89,W,69,67,,5,7,W 1,Allen Fieldhouse,
1961-62,9,16,Jerry Bush,61.6,67,-0.72,4.76,,,13,"Wed, Jan 10, 1962",REG,,Oklahoma,Big 8,-0.04,W,57,56,,6,7,W 2,Nebraska Coliseum,
1961-62,9,16,Jerry Bush,61.6,67,-0.72,4.76,,,14,"Sat, Jan 13, 1962",REG,,Colorado,Big 8,7.51,L,56,58,,6,8,L 1,Nebraska Coliseum,
1961-62,9,16,Jerry Bush,61.6,67,-0.72,4.76,,,15,"Sat, Jan 20, 1962",REG,@,Iowa State,Big 8,5.71,L,72,84,,6,9,L 2,The Armory,
1961-62,9,16,Jerry Bush,61.6,67,-0.72,4.76,,,16,"Sat, Feb 3, 1962",REG,@,Kansas State (4),Big 8,14.53,L,53,72,,6,10,L 3,Ahearn Field House,
1961-62,9,16,Jerry Bush,61.6,67,-0.72,4.76,,,17,"Mon, Feb 5, 1962",REG,,Oklahoma State,Big 8,5.81,W,57,56,,7,10,W 1,Nebraska Coliseum,
1961-62,9,16,Jerry Bush,61.6,67,-0.72,4.76,,,18,"Sat, Feb 10, 1962",REG,@,Colorado,Big 8,7.51,L,63,74,,7,11,L 1,Balch Fieldhouse,
1961-62,9,16,Jerry Bush,61.6,67,-0.72,4.76,,,19,"Mon, Feb 12, 1962",REG,@,Iowa State,Big 8,5.71,L,66,79,,7,12,L 2,The Armory,
1961-62,9,16,Jerry Bush,61.6,67,-0.72,4.76,,,20,"Sat, Feb 17, 1962",REG,@,Missouri,Big 8,3.69,W,65,63,,8,12,W 1,Brewer Fieldhouse,
1961-62,9,16,Jerry Bush,61.6,67,-0.72,4.76,,,21,"Wed, Feb 21, 1962",REG,,Kansas,Big 8,1.89,L,70,73,,8,13,L 1,Nebraska Coliseum,
1961-62,9,16,Jerry Bush,61.6,67,-0.72,4.76,,,22,"Sat, Feb 24, 1962",REG,,Missouri,Big 8,3.69,L,63,81,,8,14,L 2,Nebraska Coliseum,
1961-62,9,16,Jerry Bush,61.6,67,-0.72,4.76,,,23,"Sat, Mar 3, 1962",REG,@,Oklahoma State,Big 8,5.81,L,64,65,,8,15,L 3,Gallagher-Iba Arena,
1961-62,9,16,Jerry Bush,61.6,67,-0.72,4.76,,,24,"Mon, Mar 5, 1962",REG,@,Oklahoma,Big 8,-0.04,W,71,69,OT,9,15,W 1,McCasland Field House,
1961-62,9,16,Jerry Bush,61.6,67,-0.72,4.76,,,25,"Wed, Mar 7, 1962",REG,,Kansas State (3),Big 8,14.53,L,60,84,,9,16,L 1,Nebraska Coliseum,
1962-63,6,19,Jerry Bush,59.5,67.4,-4.39,4.65,,,1,"Sat, Dec 1, 1962",REG,@,Texas Tech,SWC,-7.23,W,68,66,,1,0,W 1,Lubbock Municipal Coliseum,
1962-63,6,19,Jerry Bush,59.5,67.4,-4.39,4.65,,,2,"Mon, Dec 3, 1962",REG,@,Houston,Ind,3.43,L,61,68,,1,1,L 1,Jeppesen Field House,
1962-63,6,19,Jerry Bush,59.5,67.4,-4.39,4.65,,,3,"Sat, Dec 8, 1962",REG,,Air Force,Ind,-1.11,W,43,39,,2,1,W 1,Nebraska Coliseum,
1962-63,6,19,Jerry Bush,59.5,67.4,-4.39,4.65,,,4,"Sat, Dec 15, 1962",REG,,Denver,Ind,-3.11,L,54,63,,2,2,L 1,Nebraska Coliseum,
1962-63,6,19,Jerry Bush,59.5,67.4,-4.39,4.65,,,5,"Mon, Dec 17, 1962",REG,,Miami (OH),MAC,-3.32,W,72,69,,3,2,W 1,Nebraska Coliseum,
1962-63,6,19,Jerry Bush,59.5,67.4,-4.39,4.65,,,6,"Fri, Dec 21, 1962",REG,,Southern California,AAWU,7.55,L,49,58,,3,3,L 1,Nebraska Coliseum,
1962-63,6,19,Jerry Bush,59.5,67.4,-4.39,4.65,,,7,"Sat, Dec 22, 1962",REG,,Southern California,AAWU,7.55,L,53,55,,3,4,L 2,Nebraska Coliseum,
1962-63,6,19,Jerry Bush,59.5,67.4,-4.39,4.65,,,8,"Wed, Dec 26, 1962",REG,N,Iowa State,Big 8,4.91,L,68,82,,3,5,L 3,,
1962-63,6,19,Jerry Bush,59.5,67.4,-4.39,4.65,,,9,"Fri, Dec 28, 1962",REG,N,Colorado,Big 8,13.84,L,47,59,,3,6,L 4,,
1962-63,6,19,Jerry Bush,59.5,67.4,-4.39,4.65,,,10,"Sat, Dec 29, 1962",REG,N,Oklahoma,Big 8,0.29,W,93,86,,4,6,W 1,Municipal Auditorium,
1962-63,6,19,Jerry Bush,59.5,67.4,-4.39,4.65,,,11,"Mon, Jan 7, 1963",REG,,Colorado,Big 8,13.84,L,47,75,,4,7,L 1,Nebraska Coliseum,
1962-63,6,19,Jerry Bush,59.5,67.4,-4.39,4.65,,,12,"Sat, Jan 12, 1963",REG,@,Kansas State,Big 8,11.55,L,53,66,,4,8,L 2,Ahearn Field House,
1962-63,6,19,Jerry Bush,59.5,67.4,-4.39,4.65,,,13,"Sat, Jan 19, 1963",REG,@,Kansas,Big 8,6.14,L,53,72,,4,9,L 3,Allen Fieldhouse,
1962-63,6,19,Jerry Bush,59.5,67.4,-4.39,4.65,,,14,"Sat, Feb 2, 1963",REG,,Kansas State,Big 8,11.55,L,60,72,,4,10,L 4,Nebraska Coliseum,
1962-63,6,19,Jerry Bush,59.5,67.4,-4.39,4.65,,,15,"Mon, Feb 4, 1963",REG,@,Iowa State,Big 8,4.91,L,69,83,,4,11,L 5,The Armory,
1962-63,6,19,Jerry Bush,59.5,67.4,-4.39,4.65,,,16,"Sat, Feb 9, 1963",REG,,Missouri,Big 8,0.61,L,61,69,,4,12,L 6,Nebraska Coliseum,
1962-63,6,19,Jerry Bush,59.5,67.4,-4.39,4.65,,,17,"Mon, Feb 11, 1963",REG,,Iowa State,Big 8,4.91,L,54,75,,4,13,L 7,Nebraska Coliseum,
1962-63,6,19,Jerry Bush,59.5,67.4,-4.39,4.65,,,18,"Sat, Feb 16, 1963",REG,@,Oklahoma State,Big 8,7.11,L,41,51,,4,14,L 8,Gallagher-Iba Arena,
1962-63,6,19,Jerry Bush,59.5,67.4,-4.39,4.65,,,19,"Mon, Feb 18, 1963",REG,@,Oklahoma,Big 8,0.29,L,77,84,,4,15,L 9,McCasland Field House,
1962-63,6,19,Jerry Bush,59.5,67.4,-4.39,4.65,,,20,"Sat, Feb 23, 1963",REG,,Kansas,Big 8,6.14,L,39,45,,4,16,L 10,Nebraska Coliseum,
1962-63,6,19,Jerry Bush,59.5,67.4,-4.39,4.65,,,21,"Mon, Feb 25, 1963",REG,,Oklahoma State,Big 8,7.11,W,49,48,,5,16,W 1,Nebraska Coliseum,
1962-63,6,19,Jerry Bush,59.5,67.4,-4.39,4.65,,,22,"Sat, Mar 2, 1963",REG,,Oklahoma,Big 8,0.29,L,75,77,,5,17,L 1,Nebraska Coliseum,
1962-63,6,19,Jerry Bush,59.5,67.4,-4.39,4.65,,,23,"Mon, Mar 4, 1963",REG,@,Colorado,Big 8,13.84,L,51,80,,5,18,L 2,Balch Fieldhouse,
1962-63,6,19,Jerry Bush,59.5,67.4,-4.39,4.65,,,24,"Wed, Mar 6, 1963",REG,@,Missouri,Big 8,0.61,L,72,84,,5,19,L 3,Brewer Fieldhouse,
1963-64,7,18,Joe Cipriano,63.2,72,-3.12,5.72,,,1,"Mon, Dec 2, 1963",REG,,Wyoming,WAC,5.83,W,79,72,,1,0,W 1,Nebraska Coliseum,
1963-64,7,18,Joe Cipriano,63.2,72,-3.12,5.72,,,2,"Fri, Dec 6, 1963",REG,@,Michigan (8),Big Ten,18.3,L,55,80,,1,1,L 1,Yost Field House,
1963-64,7,18,Joe Cipriano,63.2,72,-3.12,5.72,,,3,"Sat, Dec 7, 1963",REG,@,Purdue,Big Ten,6.74,L,75,81,,1,2,L 2,Lambert Fieldhouse,
1963-64,7,18,Joe Cipriano,63.2,72,-3.12,5.72,,,4,"Mon, Dec 9, 1963",REG,,Texas Tech,SWC,4.78,L,60,76,,1,3,L 3,Nebraska Coliseum,
1963-64,7,18,Joe Cipriano,63.2,72,-3.12,5.72,,,5,"Sat, Dec 14, 1963",REG,,Houston,Ind,1.25,L,58,64,,1,4,L 4,Nebraska Coliseum,
1963-64,7,18,Joe Cipriano,63.2,72,-3.12,5.72,,,6,"Fri, Dec 20, 1963",REG,@,Southern California,AAWU,4.42,L,73,79,,1,5,L 5,L.A. Sports Arena,
1963-64,7,18,Joe Cipriano,63.2,72,-3.12,5.72,,,7,"Sat, Dec 21, 1963",REG,@,Southern California,AAWU,4.42,L,64,79,,1,6,L 6,L.A. Sports Arena,
1963-64,7,18,Joe Cipriano,63.2,72,-3.12,5.72,,,8,"Thu, Dec 26, 1963",REG,N,Kansas State,Big 8,12.82,L,78,100,,1,7,L 7,,
1963-64,7,18,Joe Cipriano,63.2,72,-3.12,5.72,,,9,"Sat, Dec 28, 1963",REG,N,Oklahoma,Big 8,-4.6,L,66,75,,1,8,L 8,Municipal Auditorium,
1963-64,7,18,Joe Cipriano,63.2,72,-3.12,5.72,,,10,"Mon, Dec 30, 1963",REG,N,Colorado,Big 8,8.76,L,58,80,,1,9,L 9,,
1963-64,7,18,Joe Cipriano,63.2,72,-3.12,5.72,,,11,"Mon, Jan 6, 1964",REG,@,Iowa State,Big 8,-0.07,W,55,52,,2,9,W 1,The Armory,
1963-64,7,18,Joe Cipriano,63.2,72,-3.12,5.72,,,12,"Sat, Jan 11, 1964",REG,,Missouri,Big 8,2.44,W,74,69,,3,9,W 2,Nebraska Coliseum,
1963-64,7,18,Joe Cipriano,63.2,72,-3.12,5.72,,,13,"Tue, Jan 14, 1964",REG,@,Kansas,Big 8,6.89,L,48,74,,3,10,L 1,Allen Fieldhouse,
1963-64,7,18,Joe Cipriano,63.2,72,-3.12,5.72,,,14,"Sat, Jan 18, 1964",REG,,Oklahoma City,Ind,7.1,W,74,65,,4,10,W 1,Nebraska Coliseum,
1963-64,7,18,Joe Cipriano,63.2,72,-3.12,5.72,,,15,"Sat, Feb 1, 1964",REG,@,Missouri,Big 8,2.44,L,60,78,,4,11,L 1,Brewer Fieldhouse,
1963-64,7,18,Joe Cipriano,63.2,72,-3.12,5.72,,,16,"Mon, Feb 3, 1964",REG,,Kansas State,Big 8,12.82,L,66,73,,4,12,L 2,Nebraska Coliseum,
1963-64,7,18,Joe Cipriano,63.2,72,-3.12,5.72,,,17,"Sat, Feb 8, 1964",REG,,Oklahoma,Big 8,-4.6,W,76,69,2OT,5,12,W 1,Nebraska Coliseum,
1963-64,7,18,Joe Cipriano,63.2,72,-3.12,5.72,,,18,"Mon, Feb 10, 1964",REG,,Oklahoma State,Big 8,10.36,W,54,53,,6,12,W 2,Nebraska Coliseum,
1963-64,7,18,Joe Cipriano,63.2,72,-3.12,5.72,,,19,"Sat, Feb 15, 1964",REG,,Colorado,Big 8,8.76,L,52,60,,6,13,L 1,Nebraska Coliseum,
1963-64,7,18,Joe Cipriano,63.2,72,-3.12,5.72,,,20,"Mon, Feb 17, 1964",REG,@,Kansas State,Big 8,12.82,L,48,50,,6,14,L 2,Ahearn Field House,
1963-64,7,18,Joe Cipriano,63.2,72,-3.12,5.72,,,21,"Sat, Feb 22, 1964",REG,,Iowa State,Big 8,-0.07,W,57,55,,7,14,W 1,Nebraska Coliseum,
1963-64,7,18,Joe Cipriano,63.2,72,-3.12,5.72,,,22,"Mon, Feb 24, 1964",REG,,Kansas,Big 8,6.89,L,55,64,,7,15,L 1,Nebraska Coliseum,
1963-64,7,18,Joe Cipriano,63.2,72,-3.12,5.72,,,23,"Sat, Feb 29, 1964",REG,@,Oklahoma State,Big 8,10.36,L,45,81,,7,16,L 2,Gallagher-Iba Arena,
1963-64,7,18,Joe Cipriano,63.2,72,-3.12,5.72,,,24,"Mon, Mar 2, 1964",REG,@,Oklahoma,Big 8,-4.6,L,76,82,,7,17,L 3,McCasland Field House,
1963-64,7,18,Joe Cipriano,63.2,72,-3.12,5.72,,,25,"Mon, Mar 9, 1964",REG,@,Colorado,Big 8,8.76,L,73,89,,7,18,L 4,Balch Fieldhouse,
1964-65,10,15,Joe Cipriano,68.2,73.5,-0.19,5.76,,,1,"Thu, Dec 3, 1964",REG,@,Wyoming,WAC,9.73,L,68,94,,0,1,L 1,War Memorial Fieldhouse,
1964-65,10,15,Joe Cipriano,68.2,73.5,-0.19,5.76,,,2,"Sat, Dec 5, 1964",REG,,Purdue,Big Ten,2.79,W,96,85,,1,1,W 1,Nebraska Coliseum,
1964-65,10,15,Joe Cipriano,68.2,73.5,-0.19,5.76,,,3,"Sat, Dec 12, 1964",REG,,Michigan (1),Big Ten,18.89,W,74,73,,2,1,W 2,Nebraska Coliseum,
1964-65,10,15,Joe Cipriano,68.2,73.5,-0.19,5.76,,,4,"Fri, Dec 18, 1964",REG,@,Texas,SWC,0.93,L,73,77,,2,2,L 1,Gregory Gymnasium,
1964-65,10,15,Joe Cipriano,68.2,73.5,-0.19,5.76,,,5,"Sun, Dec 20, 1964",REG,@,Texas Tech,SWC,6.33,L,78,82,,2,3,L 2,Lubbock Municipal Coliseum,
1964-65,10,15,Joe Cipriano,68.2,73.5,-0.19,5.76,,,6,"Mon, Dec 21, 1964",REG,,California,AAWU,1.79,W,87,80,,3,3,W 1,Nebraska Coliseum,
1964-65,10,15,Joe Cipriano,68.2,73.5,-0.19,5.76,,,7,"Tue, Dec 22, 1964",REG,,California,AAWU,1.79,W,63,59,,4,3,W 2,Nebraska Coliseum,
1964-65,10,15,Joe Cipriano,68.2,73.5,-0.19,5.76,,,8,"Mon, Dec 28, 1964",REG,N,Colorado,Big 8,5.19,L,52,70,,4,4,L 1,,
1964-65,10,15,Joe Cipriano,68.2,73.5,-0.19,5.76,,,9,"Tue, Dec 29, 1964",REG,N,Oklahoma State,Big 8,11.35,L,61,74,,4,5,L 2,,
1964-65,10,15,Joe Cipriano,68.2,73.5,-0.19,5.76,,,10,"Wed, Dec 30, 1964",REG,N,Iowa State,Big 8,0.46,L,62,69,,4,6,L 3,,
1964-65,10,15,Joe Cipriano,68.2,73.5,-0.19,5.76,,,11,"Mon, Jan 4, 1965",REG,,Kansas,Big 8,10.24,L,56,66,,4,7,L 4,Nebraska Coliseum,
1964-65,10,15,Joe Cipriano,68.2,73.5,-0.19,5.76,,,12,"Sat, Jan 9, 1965",REG,@,Oklahoma State,Big 8,11.35,L,54,93,,4,8,L 5,Gallagher-Iba Arena,
1964-65,10,15,Joe Cipriano,68.2,73.5,-0.19,5.76,,,13,"Mon, Jan 11, 1965",REG,@,Oklahoma,Big 8,1.94,L,82,89,,4,9,L 6,McCasland Field House,
1964-65,10,15,Joe Cipriano,68.2,73.5,-0.19,5.76,,,14,"Mon, Jan 18, 1965",REG,,Iowa State,Big 8,0.46,W,88,77,,5,9,W 1,Nebraska Coliseum,
1964-65,10,15,Joe Cipriano,68.2,73.5,-0.19,5.76,,,15,"Sat, Jan 23, 1965",REG,,Oklahoma State,Big 8,11.35,L,53,55,,5,10,L 1,Nebraska Coliseum,
1964-65,10,15,Joe Cipriano,68.2,73.5,-0.19,5.76,,,16,"Sat, Feb 6, 1965",REG,@,Colorado,Big 8,5.19,L,52,62,,5,11,L 2,Balch Fieldhouse,
1964-65,10,15,Joe Cipriano,68.2,73.5,-0.19,5.76,,,17,"Tue, Feb 9, 1965",REG,@,Kansas State,Big 8,6.71,W,62,57,,6,11,W 1,Ahearn Field House,
1964-65,10,15,Joe Cipriano,68.2,73.5,-0.19,5.76,,,18,"Sat, Feb 13, 1965",REG,,Colorado,Big 8,5.19,W,66,59,,7,11,W 2,Nebraska Coliseum,
1964-65,10,15,Joe Cipriano,68.2,73.5,-0.19,5.76,,,19,"Mon, Feb 15, 1965",REG,,Missouri,Big 8,3.68,L,74,92,,7,12,L 1,Nebraska Coliseum,
1964-65,10,15,Joe Cipriano,68.2,73.5,-0.19,5.76,,,20,"Sat, Feb 20, 1965",REG,@,Iowa State,Big 8,0.46,W,69,65,,8,12,W 1,The Armory,
1964-65,10,15,Joe Cipriano,68.2,73.5,-0.19,5.76,,,21,"Tue, Feb 23, 1965",REG,@,Kansas,Big 8,10.24,L,62,71,,8,13,L 1,Allen Fieldhouse,
1964-65,10,15,Joe Cipriano,68.2,73.5,-0.19,5.76,,,22,"Sat, Feb 27, 1965",REG,,Oklahoma,Big 8,1.94,W,67,63,,9,13,W 1,Nebraska Coliseum,
1964-65,10,15,Joe Cipriano,68.2,73.5,-0.19,5.76,,,23,"Tue, Mar 2, 1965",REG,@,Missouri,Big 8,3.68,L,66,84,,9,14,L 1,Brewer Fieldhouse,
1964-65,10,15,Joe Cipriano,68.2,73.5,-0.19,5.76,,,24,"Mon, Mar 8, 1965",REG,,Kansas State,Big 8,6.71,L,67,79,,9,15,L 2,Nebraska Coliseum,
1965-66,20,5,Joe Cipriano,77.1,72.1,6.93,2.39,,,1,"Wed, Dec 1, 1965",REG,@,Wisconsin,Big Ten,1.95,W,101,88,,1,0,W 1,Wisconsin Field House,
1965-66,20,5,Joe Cipriano,77.1,72.1,6.93,2.39,,,2,"Tue, Dec 7, 1965",REG,,Oregon State,AAWU,7.9,W,75,63,,2,0,W 2,Nebraska Coliseum,
1965-66,20,5,Joe Cipriano,77.1,72.1,6.93,2.39,,,3,"Fri, Dec 10, 1965",REG,@,California,AAWU,-0.27,L,71,87,,2,1,L 1,Oakland–Alameda County Coliseum Arena,
1965-66,20,5,Joe Cipriano,77.1,72.1,6.93,2.39,,,4,"Sat, Dec 11, 1965",REG,@,California,AAWU,-0.27,W,70,68,,3,1,W 1,Oakland–Alameda County Coliseum Arena,
1965-66,20,5,Joe Cipriano,77.1,72.1,6.93,2.39,,,5,"Tue, Dec 14, 1965",REG,,Texas,SWC,-5.86,W,75,64,,4,1,W 2,Nebraska Coliseum,
1965-66,20,5,Joe Cipriano,77.1,72.1,6.93,2.39,,,6,"Mon, Dec 20, 1965",REG,,Stanford,AAWU,3.81,W,71,67,,5,1,W 3,Nebraska Coliseum,
1965-66,20,5,Joe Cipriano,77.1,72.1,6.93,2.39,,,7,"Mon, Dec 27, 1965",REG,N,Missouri,Big 8,-10.38,W,69,67,,6,1,W 4,,
1965-66,20,5,Joe Cipriano,77.1,72.1,6.93,2.39,,,8,"Wed, Dec 29, 1965",REG,N,Oklahoma,Big 8,2.4,W,92,79,,7,1,W 5,Municipal Auditorium,
1965-66,20,5,Joe Cipriano,77.1,72.1,6.93,2.39,,,9,"Thu, Dec 30, 1965",REG,N,Kansas,Big 8,16.78,L,61,71,,7,2,L 1,,
1965-66,20,5,Joe Cipriano,77.1,72.1,6.93,2.39,,,10,"Tue, Jan 4, 1966",REG,@,Iowa State,Big 8,3.16,W,76,74,,8,2,W 1,The Armory,
1965-66,20,5,Joe Cipriano,77.1,72.1,6.93,2.39,,,11,"Sat, Jan 8, 1966",REG,,Missouri,Big 8,-10.38,W,82,60,,9,2,W 2,Nebraska Coliseum,
1965-66,20,5,Joe Cipriano,77.1,72.1,6.93,2.39,,,12,"Sat, Jan 15, 1966",REG,@,Kansas State,Big 8,8.02,W,82,71,,10,2,W 3,Ahearn Field House,
1965-66,20,5,Joe Cipriano,77.1,72.1,6.93,2.39,,,13,"Tue, Jan 18, 1966",REG,,Kansas (6),Big 8,16.78,W,83,75,,11,2,W 4,Nebraska Coliseum,
1965-66,20,5,Joe Cipriano,77.1,72.1,6.93,2.39,,,14,"Sat, Jan 22, 1966",REG,,Oklahoma,Big 8,2.4,W,86,78,,12,2,W 5,Nebraska Coliseum,
1965-66,20,5,Joe Cipriano,77.1,72.1,6.93,2.39,,,15,"Sat, Feb 5, 1966",REG,@,Oklahoma State,Big 8,-4.65,W,45,41,,13,2,W 6,Gallagher-Iba Arena,
1965-66,20,5,Joe Cipriano,77.1,72.1,6.93,2.39,,,16,"Mon, Feb 7, 1966",REG,@,Oklahoma,Big 8,2.4,W,85,81,,14,2,W 7,McCasland Field House,
1965-66,20,5,Joe Cipriano,77.1,72.1,6.93,2.39,,,17,"Tue, Feb 8, 1966",REG,@,Oklahoma City,Ind,8.16,L,81,85,,14,3,L 1,Fredrickson Fieldhouse,
1965-66,20,5,Joe Cipriano,77.1,72.1,6.93,2.39,,,18,"Sat, Feb 12, 1966",REG,,Iowa State,Big 8,3.16,W,81,70,,15,3,W 1,Nebraska Coliseum,
1965-66,20,5,Joe Cipriano,77.1,72.1,6.93,2.39,,,19,"Sat, Feb 19, 1966",REG,@,Missouri,Big 8,-10.38,W,71,53,,16,3,W 2,Brewer Fieldhouse,
1965-66,20,5,Joe Cipriano,77.1,72.1,6.93,2.39,,,20,"Mon, Feb 21, 1966",REG,,Colorado,Big 8,1.25,W,70,63,,17,3,W 3,Nebraska Coliseum,
1965-66,20,5,Joe Cipriano,77.1,72.1,6.93,2.39,,,21,"Sat, Feb 26, 1966",REG,@,Kansas (6),Big 8,16.78,L,73,110,,17,4,L 1,Allen Fieldhouse,
1965-66,20,5,Joe Cipriano,77.1,72.1,6.93,2.39,,,22,"Tue, Mar 1, 1966",REG,,Kansas State,Big 8,8.02,W,79,69,,18,4,W 1,Nebraska Coliseum,
1965-66,20,5,Joe Cipriano,77.1,72.1,6.93,2.39,,,23,"Sat, Mar 5, 1966",REG,@,Colorado,Big 8,1.25,L,88,95,,18,5,L 1,Balch Fieldhouse,
1965-66,20,5,Joe Cipriano,77.1,72.1,6.93,2.39,,,24,"Mon, Mar 7, 1966",REG,,Oklahoma State,Big 8,-4.65,W,85,64,,19,5,W 1,Nebraska Coliseum,
1966-67,16,9,Joe Cipriano,79.7,77.6,4.26,2.18,,,,,,,,,,,,,,,,,,
1966-67,16,9,Joe Cipriano,79.7,77.6,4.26,2.18,,,1,"Fri, Dec 2, 1966",REG,,Oregon,AAWU,-1.73,W,79,56,,1,0,W 1,Nebraska Coliseum,
1966-67,16,9,Joe Cipriano,79.7,77.6,4.26,2.18,,,2,"Wed, Dec 7, 1966",REG,@,Wyoming,WAC,0.36,L,98,102,,1,1,L 1,War Memorial Fieldhouse,
1966-67,16,9,Joe Cipriano,79.7,77.6,4.26,2.18,,,3,"Sat, Dec 10, 1966",REG,,Pacific,WCAC,7.84,W,90,78,,2,1,W 1,Nebraska Coliseum,
1966-67,16,9,Joe Cipriano,79.7,77.6,4.26,2.18,,,4,"Mon, Dec 12, 1966",REG,,Washington State,AAWU,4.88,W,100,75,,3,1,W 2,Nebraska Coliseum,
1966-67,16,9,Joe Cipriano,79.7,77.6,4.26,2.18,,,5,"Tue, Dec 13, 1966",REG,,Washington State,AAWU,4.88,W,80,78,,4,1,W 3,Nebraska Coliseum,
1966-67,16,9,Joe Cipriano,79.7,77.6,4.26,2.18,,,6,"Fri, Dec 16, 1966",REG,N,La Salle,Mid-Atl,3.72,L,76,99,,4,2,L 1,,
1966-67,16,9,Joe Cipriano,79.7,77.6,4.26,2.18,,,7,"Sat, Dec 17, 1966",REG,N,Portland,Ind,-14.87,W,71,69,,5,2,W 1,,
1966-67,16,9,Joe Cipriano,79.7,77.6,4.26,2.18,,,8,"Tue, Dec 27, 1966",REG,N,Kansas State,Big 8,7.9,L,81,98,,5,3,L 1,,
1966-67,16,9,Joe Cipriano,79.7,77.6,4.26,2.18,,,9,"Thu, Dec 29, 1966",REG,N,Oklahoma State,Big 8,-4.73,W,73,64,,6,3,W 1,,
1966-67,16,9,Joe Cipriano,79.7,77.6,4.26,2.18,,,10,"Fri, Dec 30, 1966",REG,N,Colorado,Big 8,6.4,L,66,73,,6,4,L 1,,
1966-67,16,9,Joe Cipriano,79.7,77.6,4.26,2.18,,,11,"Sat, Jan 7, 1967",REG,@,Oklahoma State,Big 8,-4.73,W,67,57,,7,4,W 1,Gallagher-Iba Arena,
1966-67,16,9,Joe Cipriano,79.7,77.6,4.26,2.18,,,12,"Mon, Jan 9, 1967",REG,@,Oklahoma,Big 8,-2.84,L,87,99,,7,5,L 1,McCasland Field House,
1966-67,16,9,Joe Cipriano,79.7,77.6,4.26,2.18,,,13,"Sat, Jan 14, 1967",REG,,Colorado,Big 8,6.4,W,84,80,,8,5,W 1,Nebraska Coliseum,
1966-67,16,9,Joe Cipriano,79.7,77.6,4.26,2.18,,,14,"Thu, Jan 26, 1967",REG,,Oklahoma,Big 8,-2.84,W,97,78,,9,5,W 2,Nebraska Coliseum,
1966-67,16,9,Joe Cipriano,79.7,77.6,4.26,2.18,,,15,"Sat, Jan 28, 1967",REG,,Missouri,Big 8,-7.33,W,99,82,,10,5,W 3,Nebraska Coliseum,
1966-67,16,9,Joe Cipriano,79.7,77.6,4.26,2.18,,,16,"Sat, Feb 4, 1967",REG,@,Kansas State,Big 8,7.9,W,67,59,,11,5,W 4,Ahearn Field House,
1966-67,16,9,Joe Cipriano,79.7,77.6,4.26,2.18,,,17,"Tue, Feb 7, 1967",REG,@,Kansas (7),Big 8,14.02,L,58,84,,11,6,L 1,Allen Fieldhouse,
1966-67,16,9,Joe Cipriano,79.7,77.6,4.26,2.18,,,18,"Sat, Feb 11, 1967",REG,,Iowa State,Big 8,3.74,W,94,82,,12,6,W 1,Nebraska Coliseum,
1966-67,16,9,Joe Cipriano,79.7,77.6,4.26,2.18,,,19,"Sat, Feb 18, 1967",REG,@,Iowa State,Big 8,3.74,W,76,65,,13,6,W 2,The Armory,
1966-67,16,9,Joe Cipriano,79.7,77.6,4.26,2.18,,,20,"Sat, Feb 25, 1967",REG,,Kansas State,Big 8,7.9,W,79,71,,14,6,W 3,Nebraska Coliseum,
1966-67,16,9,Joe Cipriano,79.7,77.6,4.26,2.18,,,21,"Tue, Feb 28, 1967",REG,@,Missouri,Big 8,-7.33,W,80,73,,15,6,W 4,Brewer Fieldhouse,
1966-67,16,9,Joe Cipriano,79.7,77.6,4.26,2.18,,,22,"Sat, Mar 4, 1967",REG,,Kansas (4),Big 8,14.02,L,57,64,,15,7,L 1,Nebraska Coliseum,
1966-67,16,9,Joe Cipriano,79.7,77.6,4.26,2.18,,,23,"Mon, Mar 6, 1967",REG,,Oklahoma State,Big 8,-4.73,W,88,71,,16,7,W 1,Nebraska Coliseum,
1966-67,16,9,Joe Cipriano,79.7,77.6,4.26,2.18,,,24,"Sat, Mar 11, 1967",REG,@,Colorado,Big 8,6.4,L,57,64,,16,8,L 1,,
1966-67,16,9,Joe Cipriano,79.7,77.6,4.26,2.18,,,25,"Mon, Mar 13, 1967",NIT,N,Marshall,MAC,5.59,L,88,119,,16,9,L 2,Madison Square Garden (III),
1967-68,15,10,Joe Cipriano,78.2,74.8,5.06,3.34,,,1,"Fri, Dec 8, 1967",REG,@,Washington State,AAWU,9.9,L,70,93,,0,1,L 1,Bohler Gymnasium,
1967-68,15,10,Joe Cipriano,78.2,74.8,5.06,3.34,,,2,"Sat, Dec 9, 1967",REG,@,Washington State,AAWU,9.9,W,91,76,,1,1,W 1,Bohler Gymnasium,
1967-68,15,10,Joe Cipriano,78.2,74.8,5.06,3.34,,,3,"Wed, Dec 20, 1967",REG,@,Michigan State,Big Ten,1.86,L,70,74,,1,2,L 1,Jenison Field House,
1967-68,15,10,Joe Cipriano,78.2,74.8,5.06,3.34,,,4,"Sat, Dec 23, 1967",REG,,Wyoming,WAC,5.55,W,82,74,,2,2,W 1,Nebraska Coliseum,
1967-68,15,10,Joe Cipriano,78.2,74.8,5.06,3.34,,,5,"Wed, Dec 27, 1967",REG,N,Oklahoma,Big 8,0.32,W,75,65,,3,2,W 2,Municipal Auditorium,
1967-68,15,10,Joe Cipriano,78.2,74.8,5.06,3.34,,,6,"Fri, Dec 29, 1967",REG,N,Oklahoma State,Big 8,1.8,W,48,46,,4,2,W 3,,
1967-68,15,10,Joe Cipriano,78.2,74.8,5.06,3.34,,,7,"Sat, Dec 30, 1967",REG,N,Kansas State,Big 8,4.46,W,66,62,,5,2,W 4,,
1967-68,15,10,Joe Cipriano,78.2,74.8,5.06,3.34,,,8,"Fri, Jan 5, 1968",REG,@,Iowa State,Big 8,0.1,L,70,85,,5,3,L 1,The Armory,
1967-68,15,10,Joe Cipriano,78.2,74.8,5.06,3.34,,,9,"Tue, Jan 9, 1968",REG,@,Kansas State,Big 8,4.46,L,62,78,,5,4,L 2,Ahearn Field House,
1967-68,15,10,Joe Cipriano,78.2,74.8,5.06,3.34,,,10,"Sat, Jan 13, 1968",REG,,Missouri,Big 8,1.19,W,75,66,,6,4,W 1,Nebraska Coliseum,
1967-68,15,10,Joe Cipriano,78.2,74.8,5.06,3.34,,,11,"Sat, Jan 27, 1968",REG,,Oklahoma,Big 8,0.32,W,110,90,,7,4,W 2,Nebraska Coliseum,
1967-68,15,10,Joe Cipriano,78.2,74.8,5.06,3.34,,,12,"Thu, Feb 1, 1968",REG,,Colorado,Big 8,-0.34,W,87,73,,8,4,W 3,Nebraska Coliseum,
1967-68,15,10,Joe Cipriano,78.2,74.8,5.06,3.34,,,13,"Sat, Feb 3, 1968",REG,@,Oklahoma State,Big 8,1.8,W,63,62,,9,4,W 4,Gallagher-Iba Arena,
1967-68,15,10,Joe Cipriano,78.2,74.8,5.06,3.34,,,14,"Mon, Feb 5, 1968",REG,@,Oklahoma,Big 8,0.32,W,89,83,,10,4,W 5,McCasland Field House,
1967-68,15,10,Joe Cipriano,78.2,74.8,5.06,3.34,,,15,"Sat, Feb 10, 1968",REG,,Kansas State,Big 8,4.46,W,92,68,,11,4,W 6,Nebraska Coliseum,
1967-68,15,10,Joe Cipriano,78.2,74.8,5.06,3.34,,,16,"Sat, Feb 17, 1968",REG,@,Kansas,Big 8,10.66,L,60,71,,11,5,L 1,Allen Fieldhouse,
1967-68,15,10,Joe Cipriano,78.2,74.8,5.06,3.34,,,17,"Mon, Feb 19, 1968",REG,,Oklahoma State,Big 8,1.8,W,82,73,,12,5,W 1,Nebraska Coliseum,
1967-68,15,10,Joe Cipriano,78.2,74.8,5.06,3.34,,,18,"Sat, Feb 24, 1968",REG,@,Colorado,Big 8,-0.34,L,73,75,,12,6,L 1,Balch Fieldhouse,
1967-68,15,10,Joe Cipriano,78.2,74.8,5.06,3.34,,,19,"Tue, Feb 27, 1968",REG,,Kansas,Big 8,10.66,W,76,69,,13,6,W 1,Nebraska Coliseum,
1967-68,15,10,Joe Cipriano,78.2,74.8,5.06,3.34,,,20,"Fri, Mar 1, 1968",REG,,Iowa State,Big 8,0.1,L,92,93,,13,7,L 1,Nebraska Coliseum,
1967-68,15,10,Joe Cipriano,78.2,74.8,5.06,3.34,,,21,"Thu, Mar 7, 1968",REG,@,Missouri,Big 8,1.19,L,70,91,,13,8,L 2,Brewer Fieldhouse,
1968-69,12,14,Joe Cipriano,73.4,74,2.4,3.68,,,1,"Sat, Nov 30, 1968",REG,,Wisconsin,Big Ten,7.21,W,68,55,,1,0,W 1,Nebraska Coliseum,
1968-69,12,14,Joe Cipriano,73.4,74,2.4,3.68,,,2,"Fri, Dec 6, 1968",REG,@,Oregon State,Pac-8,1.19,L,67,79,,1,1,L 1,Gill Coliseum,
1968-69,12,14,Joe Cipriano,73.4,74,2.4,3.68,,,3,"Sat, Dec 7, 1968",REG,@,Oregon,Pac-8,1.35,W,85,77,,2,1,W 1,McArthur Court,
1968-69,12,14,Joe Cipriano,73.4,74,2.4,3.68,,,4,"Tue, Dec 10, 1968",REG,,Wichita State,MVC,0.83,W,94,92,,3,1,W 2,Nebraska Coliseum,
1968-69,12,14,Joe Cipriano,73.4,74,2.4,3.68,,,5,"Mon, Dec 16, 1968",REG,,Michigan State,Big Ten,8.35,W,73,59,,4,1,W 3,Nebraska Coliseum,
1968-69,12,14,Joe Cipriano,73.4,74,2.4,3.68,,,6,"Fri, Dec 20, 1968",REG,@,Arizona State,WAC,1.73,L,76,83,,4,2,L 1,Sun Devil Gymnasium,
1968-69,12,14,Joe Cipriano,73.4,74,2.4,3.68,,,7,"Sat, Dec 21, 1968",REG,N,California (15),Pac-8,1.68,L,73,86,,4,3,L 2,,
1968-69,12,14,Joe Cipriano,73.4,74,2.4,3.68,,,8,"Mon, Dec 23, 1968",REG,@,Arizona,WAC,7.63,L,63,68,,4,4,L 3,Bear Down Gym,
1968-69,12,14,Joe Cipriano,73.4,74,2.4,3.68,,,9,"Thu, Dec 26, 1968",REG,N,Kansas (8),Big 8,11.27,L,56,82,,4,5,L 4,,
1968-69,12,14,Joe Cipriano,73.4,74,2.4,3.68,,,10,"Sat, Dec 28, 1968",REG,N,Oklahoma,Big 8,-6.41,W,70,48,,5,5,W 1,Municipal Auditorium,
1968-69,12,14,Joe Cipriano,73.4,74,2.4,3.68,,,11,"Mon, Dec 30, 1968",REG,N,Missouri,Big 8,4.74,W,76,70,,6,5,W 2,,
1968-69,12,14,Joe Cipriano,73.4,74,2.4,3.68,,,12,"Sat, Jan 4, 1969",REG,,Kansas (5),Big 8,11.27,L,52,56,,6,6,L 1,Nebraska Coliseum,
1968-69,12,14,Joe Cipriano,73.4,74,2.4,3.68,,,13,"Tue, Jan 7, 1969",REG,@,Kansas State,Big 8,6.61,L,72,95,,6,7,L 2,Ahearn Field House,
1968-69,12,14,Joe Cipriano,73.4,74,2.4,3.68,,,14,"Sat, Jan 25, 1969",REG,@,Iowa State,Big 8,0.87,L,93,99,,6,8,L 3,The Armory,
1968-69,12,14,Joe Cipriano,73.4,74,2.4,3.68,,,15,"Mon, Jan 27, 1969",REG,,Oklahoma State,Big 8,1.29,L,52,76,,6,9,L 4,Nebraska Coliseum,
1968-69,12,14,Joe Cipriano,73.4,74,2.4,3.68,,,16,"Sat, Feb 1, 1969",REG,,Missouri,Big 8,4.74,W,87,71,,7,9,W 1,Nebraska Coliseum,
1968-69,12,14,Joe Cipriano,73.4,74,2.4,3.68,,,17,"Mon, Feb 3, 1969",REG,,Oklahoma,Big 8,-6.41,W,90,83,,8,9,W 2,Nebraska Coliseum,
1968-69,12,14,Joe Cipriano,73.4,74,2.4,3.68,,,18,"Sat, Feb 8, 1969",REG,@,Colorado (20),Big 8,7.82,L,81,83,,8,10,L 1,Balch Fieldhouse,
1968-69,12,14,Joe Cipriano,73.4,74,2.4,3.68,,,19,"Tue, Feb 11, 1969",REG,@,Missouri,Big 8,4.74,L,60,79,,8,11,L 2,Brewer Fieldhouse,
1968-69,12,14,Joe Cipriano,73.4,74,2.4,3.68,,,20,"Sat, Feb 15, 1969",REG,,Iowa State,Big 8,0.87,L,74,75,,8,12,L 3,Nebraska Coliseum,
1968-69,12,14,Joe Cipriano,73.4,74,2.4,3.68,,,21,"Sat, Feb 22, 1969",REG,@,Kansas (16),Big 8,11.27,L,73,79,,8,13,L 4,Allen Fieldhouse,
1968-69,12,14,Joe Cipriano,73.4,74,2.4,3.68,,,22,"Mon, Feb 24, 1969",REG,,Colorado,Big 8,7.82,W,79,65,,9,13,W 1,Nebraska Coliseum,
1968-69,12,14,Joe Cipriano,73.4,74,2.4,3.68,,,23,"Sat, Mar 1, 1969",REG,,Kansas State,Big 8,6.61,W,88,71,,10,13,W 2,Nebraska Coliseum,
1968-69,12,14,Joe Cipriano,73.4,74,2.4,3.68,,,24,"Thu, Mar 6, 1969",REG,@,Oklahoma State,Big 8,1.29,L,63,72,,10,14,L 1,Gallagher-Iba Arena,
1968-69,12,14,Joe Cipriano,73.4,74,2.4,3.68,,,25,"Sat, Mar 8, 1969",REG,@,Oklahoma,Big 8,-6.41,W,70,64,,11,14,W 1,McCasland Field House,
1969-70,16,9,Joe Cipriano,72.5,72.2,3.75,5.07,,,1,"Sat, Dec 6, 1969",REG,@,Wichita State,MVC,-1.01,W,81,79,,1,0,W 1,Levitt Arena,
1969-70,16,9,Joe Cipriano,72.5,72.2,3.75,5.07,,,2,"Tue, Dec 9, 1969",REG,,Duquesne (7),Ind,13.02,W,82,77,,2,0,W 2,Nebraska Coliseum,
1969-70,16,9,Joe Cipriano,72.5,72.2,3.75,5.07,,,3,"Fri, Dec 12, 1969",REG,@,Houston,Ind,9.6,L,82,112,,2,1,L 1,Hofheinz Pavilion,
1969-70,16,9,Joe Cipriano,72.5,72.2,3.75,5.07,,,4,"Sat, Dec 13, 1969",REG,N,Texas A&M,SWC,-1.16,W,78,69,,3,1,W 1,,
1969-70,16,9,Joe Cipriano,72.5,72.2,3.75,5.07,,,5,"Sat, Dec 20, 1969",REG,,Arizona,WAC,1.02,W,79,69,,4,1,W 2,Nebraska Coliseum,
1969-70,16,9,Joe Cipriano,72.5,72.2,3.75,5.07,,,6,"Sat, Dec 27, 1969",REG,N,Colorado,Big 8,8.53,L,60,72,,4,2,L 1,,
1969-70,16,9,Joe Cipriano,72.5,72.2,3.75,5.07,,,7,"Mon, Dec 29, 1969",REG,N,Iowa State,Big 8,0.72,W,74,66,,5,2,W 1,,
1969-70,16,9,Joe Cipriano,72.5,72.2,3.75,5.07,,,8,"Tue, Dec 30, 1969",REG,N,Kansas,Big 8,10.08,W,78,73,,6,2,W 2,,
1969-70,16,9,Joe Cipriano,72.5,72.2,3.75,5.07,,,9,"Tue, Jan 6, 1970",REG,@,Iowa State,Big 8,0.72,L,70,72,,6,3,L 1,The Armory,
1969-70,16,9,Joe Cipriano,72.5,72.2,3.75,5.07,,,10,"Tue, Jan 13, 1970",REG,,Kansas State,Big 8,7.04,L,64,71,,6,4,L 2,Nebraska Coliseum,
1969-70,16,9,Joe Cipriano,72.5,72.2,3.75,5.07,,,11,"Sat, Jan 17, 1970",REG,,Colorado,Big 8,8.53,W,60,58,,7,4,W 1,Nebraska Coliseum,
1969-70,16,9,Joe Cipriano,72.5,72.2,3.75,5.07,,,12,"Sat, Jan 31, 1970",REG,@,Oklahoma,Big 8,2.04,W,70,60,,8,4,W 2,McCasland Field House,
1969-70,16,9,Joe Cipriano,72.5,72.2,3.75,5.07,,,13,"Mon, Feb 2, 1970",REG,@,Oklahoma State,Big 8,1.82,L,58,81,,8,5,L 1,Gallagher-Iba Arena,
1969-70,16,9,Joe Cipriano,72.5,72.2,3.75,5.07,,,14,"Sat, Feb 7, 1970",REG,,Kansas,Big 8,10.08,W,84,73,,9,5,W 1,Nebraska Coliseum,
1969-70,16,9,Joe Cipriano,72.5,72.2,3.75,5.07,,,15,"Tue, Feb 10, 1970",REG,@,Colorado,Big 8,8.53,L,59,76,,9,6,L 1,Balch Fieldhouse,
1969-70,16,9,Joe Cipriano,72.5,72.2,3.75,5.07,,,16,"Sat, Feb 14, 1970",REG,,Missouri,Big 8,5.1,W,60,48,,10,6,W 1,Nebraska Coliseum,
1969-70,16,9,Joe Cipriano,72.5,72.2,3.75,5.07,,,17,"Tue, Feb 17, 1970",REG,@,Kansas,Big 8,10.08,L,87,100,,10,7,L 1,Allen Fieldhouse,
1969-70,16,9,Joe Cipriano,72.5,72.2,3.75,5.07,,,18,"Sat, Feb 21, 1970",REG,@,Kansas State (18),Big 8,7.04,L,62,69,,10,8,L 2,Ahearn Field House,
1969-70,16,9,Joe Cipriano,72.5,72.2,3.75,5.07,,,19,"Mon, Feb 23, 1970",REG,,Oklahoma,Big 8,2.04,W,79,66,,11,8,W 1,Nebraska Coliseum,
1969-70,16,9,Joe Cipriano,72.5,72.2,3.75,5.07,,,20,"Sat, Feb 28, 1970",REG,@,Missouri,Big 8,5.1,L,63,80,,11,9,L 1,Brewer Fieldhouse,
1969-70,16,9,Joe Cipriano,72.5,72.2,3.75,5.07,,,21,"Mon, Mar 2, 1970",REG,,Oklahoma State,Big 8,1.82,W,61,55,,12,9,W 1,Nebraska Coliseum,
1969-70,16,9,Joe Cipriano,72.5,72.2,3.75,5.07,,,22,"Sat, Mar 7, 1970",REG,,Iowa State,Big 8,0.72,W,87,81,,13,9,W 2,Nebraska Coliseum,
1970-71,18,8,Joe Cipriano,73.4,67.8,6.53,1.65,,,1,"Tue, Dec 1, 1970",REG,@,Wyoming,WAC,2.19,W,68,63,,1,0,W 1,War Memorial Fieldhouse,
1970-71,18,8,Joe Cipriano,73.4,67.8,6.53,1.65,,,2,"Sat, Dec 5, 1970",REG,,Iowa,Big Ten,1.17,W,73,71,,2,0,W 2,Nebraska Coliseum,
1970-71,18,8,Joe Cipriano,73.4,67.8,6.53,1.65,,,3,"Fri, Dec 11, 1970",REG,@,TCU,SWC,0.46,W,69,64,,3,0,W 3,Daniel-Meyer Coliseum,
1970-71,18,8,Joe Cipriano,73.4,67.8,6.53,1.65,,,4,"Sat, Dec 12, 1970",REG,@,Southern Methodist,SWC,-2.51,L,75,80,,3,1,L 1,Moody Coliseum,
1970-71,18,8,Joe Cipriano,73.4,67.8,6.53,1.65,,,5,"Mon, Dec 14, 1970",REG,,Nevada,WCAC,-21.57,W,116,71,,4,1,W 1,Nebraska Coliseum,
1970-71,18,8,Joe Cipriano,73.4,67.8,6.53,1.65,,,6,"Fri, Dec 18, 1970",REG,,Miami (FL),Ind,-8.26,W,85,58,,5,1,W 2,Nebraska Coliseum,
1970-71,18,8,Joe Cipriano,73.4,67.8,6.53,1.65,,,7,"Sat, Dec 19, 1970",REG,,Colorado State,WAC,8.9,W,69,65,,6,1,W 3,Nebraska Coliseum,
1970-71,18,8,Joe Cipriano,73.4,67.8,6.53,1.65,,,8,"Wed, Dec 23, 1970",REG,@,Wichita State,MVC,1.65,W,72,71,,7,1,W 4,Levitt Arena,
1970-71,18,8,Joe Cipriano,73.4,67.8,6.53,1.65,,,9,"Mon, Dec 28, 1970",REG,N,Oklahoma State,Big 8,-3.77,W,71,58,,8,1,W 5,,
1970-71,18,8,Joe Cipriano,73.4,67.8,6.53,1.65,,,10,"Tue, Dec 29, 1970",REG,N,Colorado,Big 8,3.61,W,77,67,,9,1,W 6,,
1970-71,18,8,Joe Cipriano,73.4,67.8,6.53,1.65,,,11,"Wed, Dec 30, 1970",REG,N,Kansas (12),Big 8,16.09,L,52,72,,9,2,L 1,,
1970-71,18,8,Joe Cipriano,73.4,67.8,6.53,1.65,,,12,"Sat, Jan 9, 1971",REG,@,Kansas State,Big 8,0.3,L,69,70,,9,3,L 2,Ahearn Field House,
1970-71,18,8,Joe Cipriano,73.4,67.8,6.53,1.65,,,13,"Sat, Jan 16, 1971",REG,,Iowa State,Big 8,-4.65,W,84,62,,10,3,W 1,Nebraska Coliseum,
1970-71,18,8,Joe Cipriano,73.4,67.8,6.53,1.65,,,14,"Sat, Jan 30, 1971",REG,,Oklahoma State,Big 8,-3.77,W,80,59,,11,3,W 2,Nebraska Coliseum,
1970-71,18,8,Joe Cipriano,73.4,67.8,6.53,1.65,,,15,"Mon, Feb 1, 1971",REG,@,Oklahoma,Big 8,7.32,L,67,79,,11,4,L 1,McCasland Field House,
1970-71,18,8,Joe Cipriano,73.4,67.8,6.53,1.65,,,16,"Sat, Feb 6, 1971",REG,,Kansas (5),Big 8,16.09,L,67,81,,11,5,L 2,Nebraska Coliseum,
1970-71,18,8,Joe Cipriano,73.4,67.8,6.53,1.65,,,17,"Tue, Feb 9, 1971",REG,@,Iowa State,Big 8,-4.65,W,69,67,,12,5,W 1,James H. Hilton Coliseum,
1970-71,18,8,Joe Cipriano,73.4,67.8,6.53,1.65,,,18,"Sat, Feb 13, 1971",REG,,Missouri,Big 8,2.72,W,81,72,,13,5,W 2,Nebraska Coliseum,
1970-71,18,8,Joe Cipriano,73.4,67.8,6.53,1.65,,,19,"Tue, Feb 16, 1971",REG,@,Colorado,Big 8,3.61,W,65,63,,14,5,W 3,Balch Fieldhouse,
1970-71,18,8,Joe Cipriano,73.4,67.8,6.53,1.65,,,20,"Sat, Feb 20, 1971",REG,@,Oklahoma State,Big 8,-3.77,W,57,55,,15,5,W 4,Gallagher-Iba Arena,
1970-71,18,8,Joe Cipriano,73.4,67.8,6.53,1.65,,,21,"Mon, Feb 22, 1971",REG,,Oklahoma,Big 8,7.32,L,56,65,,15,6,L 1,Nebraska Coliseum,
1970-71,18,8,Joe Cipriano,73.4,67.8,6.53,1.65,,,22,"Sat, Feb 27, 1971",REG,@,Missouri,Big 8,2.72,L,65,77,,15,7,L 2,Brewer Fieldhouse,
1970-71,18,8,Joe Cipriano,73.4,67.8,6.53,1.65,,,23,"Tue, Mar 2, 1971",REG,,Kansas State,Big 8,0.3,W,87,71,,16,7,W 1,Nebraska Coliseum,
1970-71,18,8,Joe Cipriano,73.4,67.8,6.53,1.65,,,24,"Sat, Mar 6, 1971",REG,,Colorado,Big 8,3.61,W,85,71,,17,7,W 2,Nebraska Coliseum,
1970-71,18,8,Joe Cipriano,73.4,67.8,6.53,1.65,,,25,"Sat, Mar 13, 1971",REG,@,Kansas (5),Big 8,16.09,L,54,59,,17,8,L 1,Allen Fieldhouse,
1971-72,14,12,Joe Cipriano,70.6,67.7,4.14,1.22,,,1,"Wed, Dec 1, 1971",REG,,Wyoming,WAC,-2.27,W,81,63,,1,0,W 1,Nebraska Coliseum,
1971-72,14,12,Joe Cipriano,70.6,67.7,4.14,1.22,,,2,"Fri, Dec 3, 1971",REG,,San Diego State,PCAA,0.92,L,61,63,,1,1,L 1,Nebraska Coliseum,
1971-72,14,12,Joe Cipriano,70.6,67.7,4.14,1.22,,,3,"Sat, Dec 4, 1971",REG,,Wichita State,MVC,8.99,L,61,74,,1,2,L 2,Nebraska Coliseum,
1971-72,14,12,Joe Cipriano,70.6,67.7,4.14,1.22,,,4,"Mon, Dec 6, 1971",REG,@,Duquesne,Ind,6.58,L,53,75,,1,3,L 3,Civic Arena,
1971-72,14,12,Joe Cipriano,70.6,67.7,4.14,1.22,,,5,"Sat, Dec 11, 1971",REG,,Southern Methodist,SWC,-3.21,W,84,76,,2,3,W 1,Nebraska Coliseum,
1971-72,14,12,Joe Cipriano,70.6,67.7,4.14,1.22,,,6,"Fri, Dec 17, 1971",REG,,Idaho,Big Sky,-23.63,W,90,49,,3,3,W 2,Nebraska Coliseum,
1971-72,14,12,Joe Cipriano,70.6,67.7,4.14,1.22,,,7,"Sat, Dec 18, 1971",REG,,La Salle,Mid-Atl,-5.21,W,75,60,,4,3,W 3,Nebraska Coliseum,
1971-72,14,12,Joe Cipriano,70.6,67.7,4.14,1.22,,,8,"Tue, Dec 21, 1971",REG,@,Iowa,Big Ten,5.15,L,77,86,,4,4,L 1,Iowa Field House,
1971-72,14,12,Joe Cipriano,70.6,67.7,4.14,1.22,,,9,"Thu, Dec 23, 1971",REG,,San Jose State,PCAA,-4.37,W,80,63,,5,4,W 1,Nebraska Coliseum,
1971-72,14,12,Joe Cipriano,70.6,67.7,4.14,1.22,,,10,"Mon, Dec 27, 1971",REG,N,Missouri,Big 8,9.76,L,64,76,,5,5,L 1,,
1971-72,14,12,Joe Cipriano,70.6,67.7,4.14,1.22,,,11,"Wed, Dec 29, 1971",REG,N,Oklahoma State,Big 8,-4.5,W,64,56,,6,5,W 1,,
1971-72,14,12,Joe Cipriano,70.6,67.7,4.14,1.22,,,12,"Thu, Dec 30, 1971",REG,N,Oklahoma,Big 8,2.24,W,84,68,,7,5,W 2,Municipal Auditorium,
1971-72,14,12,Joe Cipriano,70.6,67.7,4.14,1.22,,,13,"Sat, Jan 8, 1972",REG,,Oklahoma State,Big 8,-4.5,W,73,59,,8,5,W 3,Nebraska Coliseum,
1971-72,14,12,Joe Cipriano,70.6,67.7,4.14,1.22,,,14,"Mon, Jan 10, 1972",REG,,Oklahoma,Big 8,2.24,W,77,70,,9,5,W 4,Nebraska Coliseum,
1971-72,14,12,Joe Cipriano,70.6,67.7,4.14,1.22,,,15,"Sat, Jan 15, 1972",REG,,Colorado,Big 8,-3.68,W,67,55,,10,5,W 5,Nebraska Coliseum,
1971-72,14,12,Joe Cipriano,70.6,67.7,4.14,1.22,,,16,"Wed, Jan 26, 1972",REG,@,Oklahoma State,Big 8,-4.5,W,64,63,,11,5,W 6,Gallagher-Iba Arena,
1971-72,14,12,Joe Cipriano,70.6,67.7,4.14,1.22,,,17,"Sat, Jan 29, 1972",REG,@,Kansas,Big 8,3.88,L,55,57,,11,6,L 1,Allen Fieldhouse,
1971-72,14,12,Joe Cipriano,70.6,67.7,4.14,1.22,,,18,"Tue, Feb 1, 1972",REG,,Kansas State,Big 8,11.3,W,61,60,,12,6,W 1,Nebraska Coliseum,
1971-72,14,12,Joe Cipriano,70.6,67.7,4.14,1.22,,,19,"Mon, Feb 7, 1972",REG,@,Oklahoma,Big 8,2.24,L,70,72,,12,7,L 1,McCasland Field House,
1971-72,14,12,Joe Cipriano,70.6,67.7,4.14,1.22,,,20,"Sat, Feb 12, 1972",REG,,Iowa State,Big 8,1.57,W,76,71,,13,7,W 1,Nebraska Coliseum,
1971-72,14,12,Joe Cipriano,70.6,67.7,4.14,1.22,,,21,"Tue, Feb 15, 1972",REG,@,Missouri (15),Big 8,9.76,L,65,80,,13,8,L 1,Brewer Fieldhouse,
1971-72,14,12,Joe Cipriano,70.6,67.7,4.14,1.22,,,22,"Sat, Feb 19, 1972",REG,,Kansas,Big 8,3.88,W,99,78,,14,8,W 1,Nebraska Coliseum,
1971-72,14,12,Joe Cipriano,70.6,67.7,4.14,1.22,,,23,"Sat, Feb 26, 1972",REG,@,Colorado,Big 8,-3.68,L,57,67,,14,9,L 1,Balch Fieldhouse,
1971-72,14,12,Joe Cipriano,70.6,67.7,4.14,1.22,,,24,"Sat, Mar 4, 1972",REG,,Missouri (19),Big 8,9.76,L,54,61,,14,10,L 2,Nebraska Coliseum,
1971-72,14,12,Joe Cipriano,70.6,67.7,4.14,1.22,,,25,"Mon, Mar 6, 1972",REG,@,Iowa State,Big 8,1.57,L,67,76,,14,11,L 3,James H. Hilton Coliseum,
1971-72,14,12,Joe Cipriano,70.6,67.7,4.14,1.22,,,26,"Sat, Mar 11, 1972",REG,@,Kansas State,Big 8,11.3,L,76,81,,14,12,L 4,Ahearn Field House,
1972-73,9,17,Joe Cipriano,63.5,69.6,-4.14,2.5,,,1,"Fri, Nov 24, 1972",REG,,North Texas,MVC,-3.29,W,64,46,,1,0,W 1,Nebraska Coliseum,
1972-73,9,17,Joe Cipriano,63.5,69.6,-4.14,2.5,,,2,"Fri, Dec 1, 1972",REG,@,Wyoming,WAC,-3.69,L,59,65,,1,1,L 1,War Memorial Fieldhouse,
1972-73,9,17,Joe Cipriano,63.5,69.6,-4.14,2.5,,,3,"Fri, Dec 8, 1972",REG,N,California,Pac-8,5.75,L,50,75,,1,2,L 2,,
1972-73,9,17,Joe Cipriano,63.5,69.6,-4.14,2.5,,,4,"Sat, Dec 9, 1972",REG,N,Air Force,Ind,-0.02,W,57,53,,2,2,W 1,,
1972-73,9,17,Joe Cipriano,63.5,69.6,-4.14,2.5,,,5,"Mon, Dec 11, 1972",REG,,TCU,SWC,-14.26,W,72,58,,3,2,W 2,Nebraska Coliseum,
1972-73,9,17,Joe Cipriano,63.5,69.6,-4.14,2.5,,,6,"Fri, Dec 15, 1972",REG,@,Kentucky,SEC,13.02,L,60,85,,3,3,L 1,Memorial Coliseum,
1972-73,9,17,Joe Cipriano,63.5,69.6,-4.14,2.5,,,7,"Sat, Dec 16, 1972",REG,N,Colorado State,WAC,0.97,L,51,57,,3,4,L 2,,
1972-73,9,17,Joe Cipriano,63.5,69.6,-4.14,2.5,,,8,"Wed, Dec 27, 1972",REG,N,Iowa State,Big 8,5.23,L,64,75,,3,5,L 3,,
1972-73,9,17,Joe Cipriano,63.5,69.6,-4.14,2.5,,,9,"Fri, Dec 29, 1972",REG,N,Kansas,Big 8,0.72,W,74,72,,4,5,W 1,,
1972-73,9,17,Joe Cipriano,63.5,69.6,-4.14,2.5,,,10,"Sat, Dec 30, 1972",REG,N,Oklahoma State,Big 8,-5.26,L,73,75,,4,6,L 1,,
1972-73,9,17,Joe Cipriano,63.5,69.6,-4.14,2.5,,,11,"Sat, Jan 6, 1973",REG,N,North Carolina (9),ACC,17.71,L,62,79,,4,7,L 2,,
1972-73,9,17,Joe Cipriano,63.5,69.6,-4.14,2.5,,,12,"Sat, Jan 13, 1973",REG,,Oklahoma State,Big 8,-5.26,L,55,68,,4,8,L 3,Nebraska Coliseum,
1972-73,9,17,Joe Cipriano,63.5,69.6,-4.14,2.5,,,13,"Mon, Jan 15, 1973",REG,,Oklahoma,Big 8,3.33,W,74,67,,5,8,W 1,Nebraska Coliseum,
1972-73,9,17,Joe Cipriano,63.5,69.6,-4.14,2.5,,,14,"Sat, Jan 27, 1973",REG,,Missouri (7),Big 8,7.48,L,65,78,,5,9,L 1,Nebraska Coliseum,
1972-73,9,17,Joe Cipriano,63.5,69.6,-4.14,2.5,,,15,"Tue, Jan 30, 1973",REG,@,Iowa State,Big 8,5.23,L,60,81,,5,10,L 2,James H. Hilton Coliseum,
1972-73,9,17,Joe Cipriano,63.5,69.6,-4.14,2.5,,,16,"Sat, Feb 3, 1973",REG,,Kansas State (18),Big 8,10.19,L,55,82,,5,11,L 3,Nebraska Coliseum,
1972-73,9,17,Joe Cipriano,63.5,69.6,-4.14,2.5,,,17,"Mon, Feb 5, 1973",REG,,Colorado,Big 8,1.08,L,59,67,,5,12,L 4,Nebraska Coliseum,
1972-73,9,17,Joe Cipriano,63.5,69.6,-4.14,2.5,,,18,"Sat, Feb 10, 1973",REG,@,Kansas,Big 8,0.72,W,59,46,,6,12,W 1,Allen Fieldhouse,
1972-73,9,17,Joe Cipriano,63.5,69.6,-4.14,2.5,,,19,"Sat, Feb 17, 1973",REG,@,Oklahoma,Big 8,3.33,L,59,67,,6,13,L 1,McCasland Field House,
1972-73,9,17,Joe Cipriano,63.5,69.6,-4.14,2.5,,,20,"Mon, Feb 19, 1973",REG,@,Oklahoma State,Big 8,-5.26,W,76,64,,7,13,W 1,Gallagher-Iba Arena,
1972-73,9,17,Joe Cipriano,63.5,69.6,-4.14,2.5,,,21,"Sat, Feb 24, 1973",REG,,Kansas,Big 8,0.72,W,62,59,,8,13,W 2,Nebraska Coliseum,
1972-73,9,17,Joe Cipriano,63.5,69.6,-4.14,2.5,,,22,"Tue, Feb 27, 1973",REG,,Iowa State,Big 8,5.23,L,76,82,,8,14,L 1,Nebraska Coliseum,
1972-73,9,17,Joe Cipriano,63.5,69.6,-4.14,2.5,,,23,"Sat, Mar 3, 1973",REG,@,Kansas State (16),Big 8,10.19,L,70,97,,8,15,L 2,Ahearn Field House,
1972-73,9,17,Joe Cipriano,63.5,69.6,-4.14,2.5,,,24,"Tue, Mar 6, 1973",REG,@,Colorado,Big 8,1.08,L,63,71,,8,16,L 3,Balch Fieldhouse,
1972-73,9,17,Joe Cipriano,63.5,69.6,-4.14,2.5,,,25,"Sat, Mar 10, 1973",REG,@,Missouri (12),Big 8,7.48,L,70,86,,8,17,L 4,Hearnes Center,
1973-74,14,12,Joe Cipriano,67,66.7,1.43,4.42,,,1,"Sat, Dec 1, 1973",REG,,Wyoming,WAC,-6.09,W,70,62,,1,0,W 1,Nebraska Coliseum,
1973-74,14,12,Joe Cipriano,67,66.7,1.43,4.42,,,2,"Fri, Dec 7, 1973",REG,@,Vanderbilt,SEC,11.16,L,58,82,,1,1,L 1,Memorial Gymnasium,
1973-74,14,12,Joe Cipriano,67,66.7,1.43,4.42,,,3,"Sat, Dec 8, 1973",REG,N,Middle Tennessee,OVC,-1.12,L,65,76,,1,2,L 2,,
1973-74,14,12,Joe Cipriano,67,66.7,1.43,4.42,,,4,"Tue, Dec 11, 1973",REG,,Georgia State,Ind,-23.73,W,78,75,,2,2,W 1,Nebraska Coliseum,
1973-74,14,12,Joe Cipriano,67,66.7,1.43,4.42,,,5,"Thu, Dec 27, 1973",REG,N,Kansas State (18),Big 8,10.85,L,47,68,,2,3,L 1,,
1973-74,14,12,Joe Cipriano,67,66.7,1.43,4.42,,,6,"Fri, Dec 28, 1973",REG,N,Oklahoma State,Big 8,0.65,W,69,62,,3,3,W 1,,
1973-74,14,12,Joe Cipriano,67,66.7,1.43,4.42,,,7,"Sat, Dec 29, 1973",REG,N,Kansas,Big 8,13.11,L,66,75,,3,4,L 1,,
1973-74,14,12,Joe Cipriano,67,66.7,1.43,4.42,,,8,"Mon, Jan 7, 1974",REG,@,Wichita State,MVC,-1.49,L,58,66,,3,5,L 2,Levitt Arena,
1973-74,14,12,Joe Cipriano,67,66.7,1.43,4.42,,,9,"Sat, Jan 12, 1974",REG,@,Kansas,Big 8,13.11,L,64,79,,3,6,L 3,Allen Fieldhouse,
1973-74,14,12,Joe Cipriano,67,66.7,1.43,4.42,,,10,"Sat, Jan 19, 1974",REG,,Oklahoma,Big 8,11.12,W,63,58,,4,6,W 1,Nebraska Coliseum,
1973-74,14,12,Joe Cipriano,67,66.7,1.43,4.42,,,11,"Tue, Jan 22, 1974",REG,,Kansas State,Big 8,10.85,L,65,73,,4,7,L 1,Nebraska Coliseum,
1973-74,14,12,Joe Cipriano,67,66.7,1.43,4.42,,,12,"Sat, Jan 26, 1974",REG,@,Oklahoma State,Big 8,0.65,L,66,79,,4,8,L 2,Gallagher-Iba Arena,
1973-74,14,12,Joe Cipriano,67,66.7,1.43,4.42,,,13,"Mon, Jan 28, 1974",REG,@,Oklahoma,Big 8,11.12,L,63,85,,4,9,L 3,McCasland Field House,
1973-74,14,12,Joe Cipriano,67,66.7,1.43,4.42,,,14,"Tue, Feb 5, 1974",REG,,Iowa State,Big 8,5.84,W,91,78,,5,9,W 1,Nebraska Coliseum,
1973-74,14,12,Joe Cipriano,67,66.7,1.43,4.42,,,15,"Sat, Feb 9, 1974",REG,,Missouri,Big 8,3.06,W,75,58,,6,9,W 2,Nebraska Coliseum,
1973-74,14,12,Joe Cipriano,67,66.7,1.43,4.42,,,16,"Tue, Feb 12, 1974",REG,@,Colorado,Big 8,2.38,L,64,65,,6,10,L 1,Balch Fieldhouse,
1973-74,14,12,Joe Cipriano,67,66.7,1.43,4.42,,,17,"Sat, Feb 16, 1974",REG,@,Missouri,Big 8,3.06,W,88,87,,7,10,W 1,Hearnes Center,
1973-74,14,12,Joe Cipriano,67,66.7,1.43,4.42,,,18,"Sat, Feb 23, 1974",REG,,Oklahoma State,Big 8,0.65,W,71,63,,8,10,W 2,Nebraska Coliseum,
1973-74,14,12,Joe Cipriano,67,66.7,1.43,4.42,,,19,"Tue, Feb 26, 1974",REG,,Kansas (15),Big 8,13.11,L,46,51,,8,11,L 1,Nebraska Coliseum,
1973-74,14,12,Joe Cipriano,67,66.7,1.43,4.42,,,20,"Sat, Mar 2, 1974",REG,@,Kansas State,Big 8,10.85,W,58,54,,9,11,W 1,Ahearn Field House,
1973-74,14,12,Joe Cipriano,67,66.7,1.43,4.42,,,21,"Tue, Mar 5, 1974",REG,,Colorado,Big 8,2.38,W,65,42,,10,11,W 2,Nebraska Coliseum,
1973-74,14,12,Joe Cipriano,67,66.7,1.43,4.42,,,22,"Sat, Mar 9, 1974",REG,@,Iowa State,Big 8,5.84,L,58,76,,10,12,L 1,James H. Hilton Coliseum,
1974-75,14,12,Joe Cipriano,69.2,69.1,3.4,4.32,,,1,"Fri, Dec 6, 1974",REG,N,Long Beach State,PCAA,5.66,W,67,55,,1,0,W 1,,
1974-75,14,12,Joe Cipriano,69.2,69.1,3.4,4.32,,,2,"Sat, Dec 7, 1974",REG,@,Arizona State,WAC,16.49,L,62,83,,1,1,L 1,Desert Financial Arena,
1974-75,14,12,Joe Cipriano,69.2,69.1,3.4,4.32,,,3,"Tue, Dec 10, 1974",REG,@,North Texas,MVC,-4.54,W,69,56,,2,1,W 1,Super Pit,
1974-75,14,12,Joe Cipriano,69.2,69.1,3.4,4.32,,,4,"Sat, Dec 14, 1974",REG,,Wichita State,MVC,3.31,W,78,65,,3,1,W 2,Nebraska Coliseum,
1974-75,14,12,Joe Cipriano,69.2,69.1,3.4,4.32,,,5,"Tue, Dec 17, 1974",REG,,San Jose State,PCAA,1.33,L,66,80,,3,2,L 1,Nebraska Coliseum,
1974-75,14,12,Joe Cipriano,69.2,69.1,3.4,4.32,,,6,"Fri, Dec 20, 1974",REG,N,Southern Methodist,SWC,-7.24,W,69,67,,4,2,W 1,,
1974-75,14,12,Joe Cipriano,69.2,69.1,3.4,4.32,,,7,"Sat, Dec 21, 1974",REG,@,Indiana (2),Big Ten,28.66,L,60,97,,4,3,L 1,Assembly Hall,
1974-75,14,12,Joe Cipriano,69.2,69.1,3.4,4.32,,,8,"Mon, Dec 23, 1974",REG,,Vanderbilt,SEC,8.28,W,81,66,,5,3,W 1,Nebraska Coliseum,
1974-75,14,12,Joe Cipriano,69.2,69.1,3.4,4.32,,,9,"Thu, Dec 26, 1974",REG,N,Oklahoma (18),Big 8,3.87,W,75,64,,6,3,W 2,Municipal Auditorium,
1974-75,14,12,Joe Cipriano,69.2,69.1,3.4,4.32,,,10,"Sat, Dec 28, 1974",REG,N,Kansas,Big 8,9.25,L,62,63,,6,4,L 1,,
1974-75,14,12,Joe Cipriano,69.2,69.1,3.4,4.32,,,11,"Mon, Dec 30, 1974",REG,N,Kansas State,Big 8,6.38,L,63,80,,6,5,L 2,,
1974-75,14,12,Joe Cipriano,69.2,69.1,3.4,4.32,,,12,"Sat, Jan 18, 1975",REG,,Kansas State,Big 8,6.38,W,74,61,,7,5,W 1,Nebraska Coliseum,
1974-75,14,12,Joe Cipriano,69.2,69.1,3.4,4.32,,,13,"Wed, Jan 22, 1975",REG,@,Oklahoma,Big 8,3.87,W,68,61,,8,5,W 2,McCasland Field House,
1974-75,14,12,Joe Cipriano,69.2,69.1,3.4,4.32,,,14,"Sat, Jan 25, 1975",REG,,Colorado,Big 8,-7.59,W,85,69,,9,5,W 3,Nebraska Coliseum,
1974-75,14,12,Joe Cipriano,69.2,69.1,3.4,4.32,,,15,"Wed, Jan 29, 1975",REG,,Oklahoma State,Big 8,0.58,W,73,58,,10,5,W 4,Nebraska Coliseum,
1974-75,14,12,Joe Cipriano,69.2,69.1,3.4,4.32,,,16,"Sat, Feb 1, 1975",REG,@,Missouri,Big 8,4.65,L,74,88,,10,6,L 1,Hearnes Center,
1974-75,14,12,Joe Cipriano,69.2,69.1,3.4,4.32,,,17,"Wed, Feb 5, 1975",REG,@,Kansas,Big 8,9.25,L,44,72,,10,7,L 2,Allen Fieldhouse,
1974-75,14,12,Joe Cipriano,69.2,69.1,3.4,4.32,,,18,"Sat, Feb 8, 1975",REG,,Iowa State,Big 8,1.12,W,75,62,,11,7,W 1,Nebraska Coliseum,
1974-75,14,12,Joe Cipriano,69.2,69.1,3.4,4.32,,,19,"Wed, Feb 12, 1975",REG,,Oklahoma,Big 8,3.87,L,57,65,OT,11,8,L 1,Nebraska Coliseum,
1974-75,14,12,Joe Cipriano,69.2,69.1,3.4,4.32,,,20,"Sat, Feb 15, 1975",REG,@,Colorado,Big 8,-7.59,L,61,62,,11,9,L 2,Balch Fieldhouse,
1974-75,14,12,Joe Cipriano,69.2,69.1,3.4,4.32,,,21,"Wed, Feb 19, 1975",REG,@,Kansas State,Big 8,6.38,L,64,65,,11,10,L 3,Ahearn Field House,
1974-75,14,12,Joe Cipriano,69.2,69.1,3.4,4.32,,,22,"Sat, Feb 22, 1975",REG,,Missouri,Big 8,4.65,W,80,77,,12,10,W 1,Nebraska Coliseum,
1974-75,14,12,Joe Cipriano,69.2,69.1,3.4,4.32,,,23,"Wed, Feb 26, 1975",REG,@,Oklahoma State,Big 8,0.58,W,59,58,,13,10,W 2,Gallagher-Iba Arena,
1974-75,14,12,Joe Cipriano,69.2,69.1,3.4,4.32,,,24,"Wed, Mar 5, 1975",REG,,Kansas,Big 8,9.25,L,77,79,,13,11,L 1,Nebraska Coliseum,
1974-75,14,12,Joe Cipriano,69.2,69.1,3.4,4.32,,,25,"Sat, Mar 8, 1975",REG,@,Iowa State,Big 8,1.12,L,69,82,,13,12,L 2,James H. Hilton Coliseum,
1975-76,19,8,Joe Cipriano,67.2,62.8,6.71,2.59,,,1,"Fri, Nov 28, 1975",REG,,Illinois,Big Ten,6.07,L,58,60,,0,1,L 1,Nebraska Coliseum,
1975-76,19,8,Joe Cipriano,67.2,62.8,6.71,2.59,,,2,"Sat, Nov 29, 1975",REG,,Northwestern,Big Ten,6.52,W,79,68,,1,1,W 1,Nebraska Coliseum,
1975-76,19,8,Joe Cipriano,67.2,62.8,6.71,2.59,,,3,"Wed, Dec 3, 1975",REG,@,Iowa,Big Ten,8.48,L,65,72,,1,2,L 1,Iowa Field House,
1975-76,19,8,Joe Cipriano,67.2,62.8,6.71,2.59,,,4,"Sat, Dec 6, 1975",REG,,Washington (20),Pac-8,16.59,L,63,75,,1,3,L 2,Nebraska Coliseum,
1975-76,19,8,Joe Cipriano,67.2,62.8,6.71,2.59,,,5,"Wed, Dec 10, 1975",REG,,Saint Mary's (CA),WCAC,-8.73,W,68,57,,2,3,W 1,Nebraska Coliseum,
1975-76,19,8,Joe Cipriano,67.2,62.8,6.71,2.59,,,6,"Fri, Dec 19, 1975",REG,N,Pacific,PCAA,-4.25,W,85,59,,3,3,W 2,,
1975-76,19,8,Joe Cipriano,67.2,62.8,6.71,2.59,,,7,"Sat, Dec 20, 1975",REG,@,New Mexico State,MVC,1.71,W,79,75,,4,3,W 3,Pan American Center,
1975-76,19,8,Joe Cipriano,67.2,62.8,6.71,2.59,,,8,"Mon, Dec 22, 1975",REG,@,Vanderbilt,SEC,5.97,W,68,57,,5,3,W 4,Memorial Gymnasium,
1975-76,19,8,Joe Cipriano,67.2,62.8,6.71,2.59,,,9,"Sat, Dec 27, 1975",REG,N,Kansas,Big 8,2.46,L,66,69,,5,4,L 1,,
1975-76,19,8,Joe Cipriano,67.2,62.8,6.71,2.59,,,10,"Mon, Dec 29, 1975",REG,N,Oklahoma,Big 8,-0.23,W,75,53,,6,4,W 1,Kemper Arena,
1975-76,19,8,Joe Cipriano,67.2,62.8,6.71,2.59,,,11,"Tue, Dec 30, 1975",REG,N,Oklahoma State,Big 8,1.88,W,56,49,,7,4,W 2,,
1975-76,19,8,Joe Cipriano,67.2,62.8,6.71,2.59,,,12,"Tue, Jan 6, 1976",REG,,South Carolina,Ind,7.09,W,69,68,,8,4,W 3,Nebraska Coliseum,
1975-76,19,8,Joe Cipriano,67.2,62.8,6.71,2.59,,,13,"Sat, Jan 17, 1976",REG,@,Kansas State,Big 8,8.03,W,65,59,,9,4,W 4,Ahearn Field House,
1975-76,19,8,Joe Cipriano,67.2,62.8,6.71,2.59,,,14,"Wed, Jan 21, 1976",REG,,Oklahoma,Big 8,-0.23,W,68,67,,10,4,W 5,Nebraska Coliseum,
1975-76,19,8,Joe Cipriano,67.2,62.8,6.71,2.59,,,15,"Sat, Jan 24, 1976",REG,@,Colorado,Big 8,-4.28,W,66,64,,11,4,W 6,Balch Fieldhouse,
1975-76,19,8,Joe Cipriano,67.2,62.8,6.71,2.59,,,16,"Wed, Jan 28, 1976",REG,@,Oklahoma State,Big 8,1.88,W,52,48,,12,4,W 7,Gallagher-Iba Arena,
1975-76,19,8,Joe Cipriano,67.2,62.8,6.71,2.59,,,17,"Sat, Jan 31, 1976",REG,,Missouri (13),Big 8,12.35,L,57,62,,12,5,L 1,Nebraska Coliseum,
1975-76,19,8,Joe Cipriano,67.2,62.8,6.71,2.59,,,18,"Wed, Feb 4, 1976",REG,,Kansas,Big 8,2.46,W,57,54,,13,5,W 1,Nebraska Coliseum,
1975-76,19,8,Joe Cipriano,67.2,62.8,6.71,2.59,,,19,"Sat, Feb 7, 1976",REG,@,Iowa State,Big 8,-8.25,W,66,56,,14,5,W 2,James H. Hilton Coliseum,
1975-76,19,8,Joe Cipriano,67.2,62.8,6.71,2.59,,,20,"Wed, Feb 11, 1976",REG,@,Oklahoma,Big 8,-0.23,L,60,65,,14,6,L 1,Lloyd Noble Center,
1975-76,19,8,Joe Cipriano,67.2,62.8,6.71,2.59,,,21,"Sat, Feb 14, 1976",REG,,Colorado,Big 8,-4.28,W,80,61,,15,6,W 1,Nebraska Coliseum,
1975-76,19,8,Joe Cipriano,67.2,62.8,6.71,2.59,,,22,"Wed, Feb 18, 1976",REG,,Kansas State,Big 8,8.03,L,53,65,,15,7,L 1,Nebraska Coliseum,
1975-76,19,8,Joe Cipriano,67.2,62.8,6.71,2.59,,,23,"Sat, Feb 21, 1976",REG,@,Missouri (14),Big 8,12.35,L,84,95,,15,8,L 2,Hearnes Center,
1975-76,19,8,Joe Cipriano,67.2,62.8,6.71,2.59,,,24,"Sat, Feb 28, 1976",REG,,Oklahoma State,Big 8,1.88,W,60,54,,16,8,W 1,Nebraska Coliseum,
1975-76,19,8,Joe Cipriano,67.2,62.8,6.71,2.59,,,25,"Wed, Mar 3, 1976",REG,@,Kansas,Big 8,2.46,W,62,58,,17,8,W 2,Allen Fieldhouse,
1975-76,19,8,Joe Cipriano,67.2,62.8,6.71,2.59,,,26,"Sat, Mar 6, 1976",REG,,Iowa State,Big 8,-8.25,W,82,66,,18,8,W 3,Nebraska Coliseum,
1976-77,15,14,Joe Cipriano,62.6,61.1,5.31,4.92,,,1,"Sat, Nov 27, 1976",REG,,Iowa,Big Ten,10.5,L,57,71,,0,1,L 1,Bob Devaney Sports Center,
1976-77,15,14,Joe Cipriano,62.6,61.1,5.31,4.92,,,2,"Mon, Nov 29, 1976",REG,@,Washington,Pac-8,6.28,W,59,58,,1,1,W 1,Hec Edmundson Pavilion,
1976-77,15,14,Joe Cipriano,62.6,61.1,5.31,4.92,,,3,"Thu, Dec 2, 1976",REG,@,Hawaii,Ind,-6.8,W,64,59,,2,1,W 2,Neal S. Blaisdell Center,
1976-77,15,14,Joe Cipriano,62.6,61.1,5.31,4.92,,,4,"Fri, Dec 3, 1976",REG,@,Hawaii,Ind,-6.8,W,60,59,,3,1,W 3,Neal S. Blaisdell Center,
1976-77,15,14,Joe Cipriano,62.6,61.1,5.31,4.92,,,5,"Wed, Dec 8, 1976",REG,,Minnesota,Big Ten,17.53,L,58,66,,3,2,L 1,Bob Devaney Sports Center,
1976-77,15,14,Joe Cipriano,62.6,61.1,5.31,4.92,,,6,"Sat, Dec 11, 1976",REG,@,Illinois,Big Ten,5.33,L,63,67,,3,3,L 2,Assembly Hall,
1976-77,15,14,Joe Cipriano,62.6,61.1,5.31,4.92,,,7,"Mon, Dec 20, 1976",REG,@,Northwestern,Big Ten,-0.34,W,71,68,,4,3,W 1,Welsh-Ryan Arena,
1976-77,15,14,Joe Cipriano,62.6,61.1,5.31,4.92,,,8,"Tue, Dec 28, 1976",REG,N,Colorado,Big 8,1.89,L,50,55,,4,4,L 1,,
1976-77,15,14,Joe Cipriano,62.6,61.1,5.31,4.92,,,9,"Wed, Dec 29, 1976",REG,N,Iowa State,Big 8,-1.09,W,75,55,,5,4,W 1,,
1976-77,15,14,Joe Cipriano,62.6,61.1,5.31,4.92,,,10,"Thu, Dec 30, 1976",REG,N,Oklahoma,Big 8,6.81,W,66,56,,6,4,W 2,Kemper Arena,
1976-77,15,14,Joe Cipriano,62.6,61.1,5.31,4.92,,,11,"Mon, Jan 3, 1977",REG,@,South Carolina,Ind,4.18,L,49,54,,6,5,L 1,Carolina Coliseum,
1976-77,15,14,Joe Cipriano,62.6,61.1,5.31,4.92,,,12,"Sat, Jan 8, 1977",REG,,Kansas State,Big 8,12.65,L,52,57,,6,6,L 2,Bob Devaney Sports Center,
1976-77,15,14,Joe Cipriano,62.6,61.1,5.31,4.92,,,13,"Wed, Jan 12, 1977",REG,,Colorado,Big 8,1.89,W,69,54,,7,6,W 1,Bob Devaney Sports Center,
1976-77,15,14,Joe Cipriano,62.6,61.1,5.31,4.92,,,14,"Sat, Jan 15, 1977",REG,@,Iowa State,Big 8,-1.09,W,49,48,,8,6,W 2,James H. Hilton Coliseum,
1976-77,15,14,Joe Cipriano,62.6,61.1,5.31,4.92,,,15,"Wed, Jan 19, 1977",REG,,Oklahoma,Big 8,6.81,L,58,65,,8,7,L 1,Bob Devaney Sports Center,
1976-77,15,14,Joe Cipriano,62.6,61.1,5.31,4.92,,,16,"Sat, Jan 22, 1977",REG,@,Missouri,Big 8,11.07,L,63,76,,8,8,L 2,Hearnes Center,
1976-77,15,14,Joe Cipriano,62.6,61.1,5.31,4.92,,,17,"Wed, Jan 26, 1977",REG,,Kansas,Big 8,8.28,W,60,57,,9,8,W 1,Bob Devaney Sports Center,
1976-77,15,14,Joe Cipriano,62.6,61.1,5.31,4.92,,,18,"Sat, Jan 29, 1977",REG,,Oklahoma State,Big 8,1.48,W,66,54,,10,8,W 2,Bob Devaney Sports Center,
1976-77,15,14,Joe Cipriano,62.6,61.1,5.31,4.92,,,19,"Wed, Feb 2, 1977",REG,@,Colorado,Big 8,1.89,W,73,62,,11,8,W 3,Balch Fieldhouse,
1976-77,15,14,Joe Cipriano,62.6,61.1,5.31,4.92,,,20,"Sat, Feb 5, 1977",REG,,Iowa State,Big 8,-1.09,W,66,51,,12,8,W 4,Bob Devaney Sports Center,
1976-77,15,14,Joe Cipriano,62.6,61.1,5.31,4.92,,,21,"Wed, Feb 9, 1977",REG,@,Kansas State,Big 8,12.65,L,62,67,,12,9,L 1,Ahearn Field House,
1976-77,15,14,Joe Cipriano,62.6,61.1,5.31,4.92,,,22,"Sat, Feb 12, 1977",REG,,Missouri,Big 8,11.07,W,60,58,,13,9,W 1,Bob Devaney Sports Center,
1976-77,15,14,Joe Cipriano,62.6,61.1,5.31,4.92,,,23,"Wed, Feb 16, 1977",REG,@,Oklahoma,Big 8,6.81,L,62,72,,13,10,L 1,Lloyd Noble Center,
1976-77,15,14,Joe Cipriano,62.6,61.1,5.31,4.92,,,24,"Sat, Feb 19, 1977",REG,@,Kansas,Big 8,8.28,L,66,74,,13,11,L 2,Allen Fieldhouse,
1976-77,15,14,Joe Cipriano,62.6,61.1,5.31,4.92,,,25,"Wed, Feb 23, 1977",REG,@,Oklahoma State,Big 8,1.48,L,60,62,,13,12,L 3,Gallagher-Iba Arena,
1976-77,15,14,Joe Cipriano,62.6,61.1,5.31,4.92,,,26,"Sat, Feb 26, 1977",CTOURN,@,Kansas,Big 8,8.28,L,58,61,,13,13,L 4,Allen Fieldhouse,
1977-78,22,8,Joe Cipriano,67.7,62.9,10.18,5.52,,,1,"Fri, Dec 2, 1977",REG,,Missouri Southern State,,,W,61,54,,1,0,W 1,Bob Devaney Sports Center,
1977-78,22,8,Joe Cipriano,67.7,62.9,10.18,5.52,,,2,"Fri, Dec 9, 1977",REG,,Creighton,MVC,7.02,W,65,58,,2,0,W 2,Bob Devaney Sports Center,
1977-78,22,8,Joe Cipriano,67.7,62.9,10.18,5.52,,,3,"Sat, Dec 10, 1977",REG,,South Dakota,,,W,74,64,,3,0,W 3,Bob Devaney Sports Center,
1977-78,22,8,Joe Cipriano,67.7,62.9,10.18,5.52,,,4,"Mon, Dec 12, 1977",REG,,Nevada,WCAC,6.48,W,67,50,,4,0,W 4,Bob Devaney Sports Center,
1977-78,22,8,Joe Cipriano,67.7,62.9,10.18,5.52,,,5,"Fri, Dec 16, 1977",REG,,UC Davis,,,W,69,64,,5,0,W 5,Bob Devaney Sports Center,
1977-78,22,8,Joe Cipriano,67.7,62.9,10.18,5.52,,,6,"Sat, Dec 17, 1977",REG,,Mississippi,SEC,-0.16,W,80,70,,6,0,W 6,Bob Devaney Sports Center,
1977-78,22,8,Joe Cipriano,67.7,62.9,10.18,5.52,,,7,"Mon, Dec 19, 1977",REG,@,Minnesota,Big Ten,10.27,W,63,49,,7,0,W 7,Williams Arena,
1977-78,22,8,Joe Cipriano,67.7,62.9,10.18,5.52,,,8,"Wed, Dec 21, 1977",REG,,Western Illinois,,,W,73,72,,8,0,W 8,Bob Devaney Sports Center,
1977-78,22,8,Joe Cipriano,67.7,62.9,10.18,5.52,,,9,"Fri, Dec 23, 1977",REG,,Montana State,Big Sky,-11.25,W,104,60,,9,0,W 9,Bob Devaney Sports Center,
1977-78,22,8,Joe Cipriano,67.7,62.9,10.18,5.52,,,10,"Tue, Dec 27, 1977",REG,N,Oklahoma State,Big 8,0.81,W,70,58,,10,0,W 10,Kemper Arena,
1977-78,22,8,Joe Cipriano,67.7,62.9,10.18,5.52,,,11,"Thu, Dec 29, 1977",REG,N,Kansas State,Big 8,9.86,L,60,69,,10,1,L 1,Kemper Arena,
1977-78,22,8,Joe Cipriano,67.7,62.9,10.18,5.52,,,12,"Fri, Dec 30, 1977",REG,N,Oklahoma,Big 8,7.18,W,75,68,,11,1,W 1,Kemper Arena,
1977-78,22,8,Joe Cipriano,67.7,62.9,10.18,5.52,,,13,"Sat, Jan 7, 1978",REG,@,Kansas State,Big 8,9.86,W,77,63,,12,1,W 2,Ahearn Field House,
1977-78,22,8,Joe Cipriano,67.7,62.9,10.18,5.52,,,14,"Wed, Jan 11, 1978",REG,@,Colorado,Big 8,-1.14,L,64,73,,12,2,L 1,Balch Fieldhouse,
1977-78,22,8,Joe Cipriano,67.7,62.9,10.18,5.52,,,15,"Sat, Jan 14, 1978",REG,,Iowa State,Big 8,3.48,L,59,65,,12,3,L 2,Bob Devaney Sports Center,
1977-78,22,8,Joe Cipriano,67.7,62.9,10.18,5.52,,,16,"Wed, Jan 18, 1978",REG,@,Oklahoma,Big 8,7.18,W,78,64,,13,3,W 1,Lloyd Noble Center,
1977-78,22,8,Joe Cipriano,67.7,62.9,10.18,5.52,,,17,"Sat, Jan 21, 1978",REG,,Missouri,Big 8,3.51,W,56,55,,14,3,W 2,Bob Devaney Sports Center,
1977-78,22,8,Joe Cipriano,67.7,62.9,10.18,5.52,,,18,"Wed, Jan 25, 1978",REG,,Kansas (8),Big 8,18.02,W,62,58,,15,3,W 3,Bob Devaney Sports Center,
1977-78,22,8,Joe Cipriano,67.7,62.9,10.18,5.52,,,19,"Sat, Jan 28, 1978",REG,,Oklahoma State,Big 8,0.81,W,63,57,,16,3,W 4,Bob Devaney Sports Center,
1977-78,22,8,Joe Cipriano,67.7,62.9,10.18,5.52,,,20,"Wed, Feb 1, 1978",REG,,Colorado,Big 8,-1.14,W,86,75,,17,3,W 5,Bob Devaney Sports Center,
1977-78,22,8,Joe Cipriano,67.7,62.9,10.18,5.52,,,21,"Sat, Feb 4, 1978",REG,@,Iowa State,Big 8,3.48,W,62,56,,18,3,W 6,James H. Hilton Coliseum,
1977-78,22,8,Joe Cipriano,67.7,62.9,10.18,5.52,,,22,"Wed, Feb 8, 1978",REG,,Kansas State,Big 8,9.86,W,63,50,,19,3,W 7,Bob Devaney Sports Center,
1977-78,22,8,Joe Cipriano,67.7,62.9,10.18,5.52,,,23,"Sat, Feb 11, 1978",REG,@,Missouri,Big 8,3.51,L,52,74,,19,4,L 1,Hearnes Center,
1977-78,22,8,Joe Cipriano,67.7,62.9,10.18,5.52,,,24,"Wed, Feb 15, 1978",REG,,Oklahoma,Big 8,7.18,L,68,74,,19,5,L 2,Bob Devaney Sports Center,
1977-78,22,8,Joe Cipriano,67.7,62.9,10.18,5.52,,,25,"Sat, Feb 18, 1978",REG,@,Kansas (6),Big 8,18.02,L,70,75,,19,6,L 3,Allen Fieldhouse,
1977-78,22,8,Joe Cipriano,67.7,62.9,10.18,5.52,,,26,"Sat, Feb 25, 1978",REG,@,Oklahoma State,Big 8,0.81,W,67,56,,20,6,W 1,Gallagher-Iba Arena,
1977-78,22,8,Joe Cipriano,67.7,62.9,10.18,5.52,,,27,"Tue, Feb 28, 1978",CTOURN,,Oklahoma State,Big 8,0.81,W,71,63,,21,6,W 2,Bob Devaney Sports Center,
1977-78,22,8,Joe Cipriano,67.7,62.9,10.18,5.52,,,28,"Fri, Mar 3, 1978",CTOURN,@,Missouri,Big 8,3.51,L,58,61,,21,7,L 1,Kemper Arena,
1977-78,22,8,Joe Cipriano,67.7,62.9,10.18,5.52,,,29,"Wed, Mar 8, 1978",NIT,,Utah State,Ind,9.63,W,67,66,,22,7,W 1,Bob Devaney Sports Center,
1977-78,22,8,Joe Cipriano,67.7,62.9,10.18,5.52,,,30,"Wed, Mar 15, 1978",NIT,@,Texas (17),SWC,16.05,L,48,67,,22,8,L 1,Frank Erwin Center,
1978-79,14,13,Joe Cipriano,64,62.3,3.75,4.12,,,1,"Sat, Nov 25, 1978",REG,,Arkansas Tech,,,W,70,59,,1,0,W 1,Bob Devaney Sports Center,
1978-79,14,13,Joe Cipriano,64,62.3,3.75,4.12,,,2,"Tue, Nov 28, 1978",REG,,Minnesota,Big Ten,5.29,W,58,48,,2,0,W 2,Bob Devaney Sports Center,
1978-79,14,13,Joe Cipriano,64,62.3,3.75,4.12,,,3,"Sat, Dec 2, 1978",REG,,Purdue,Big Ten,15.56,L,47,58,,2,1,L 1,Bob Devaney Sports Center,
1978-79,14,13,Joe Cipriano,64,62.3,3.75,4.12,,,4,"Sat, Dec 9, 1978",REG,@,Creighton,MVC,1.89,L,61,78,,2,2,L 2,Omaha Civic Auditorium,
1978-79,14,13,Joe Cipriano,64,62.3,3.75,4.12,,,5,"Wed, Dec 13, 1978",REG,,Sacramento State,,,W,91,56,,3,2,W 1,Bob Devaney Sports Center,
1978-79,14,13,Joe Cipriano,64,62.3,3.75,4.12,,,6,"Sat, Dec 16, 1978",REG,@,Mississippi,SEC,6.47,L,67,70,,3,3,L 1,Mississippi Coast Coliseum,
1978-79,14,13,Joe Cipriano,64,62.3,3.75,4.12,,,7,"Fri, Dec 22, 1978",REG,N,UC Santa Barbara,PCAA,-5.31,W,75,55,,4,3,W 1,Las Vegas Convention Center,
1978-79,14,13,Joe Cipriano,64,62.3,3.75,4.12,,,8,"Sat, Dec 23, 1978",REG,@,Nevada-Las Vegas (18),Ind,10.74,L,63,79,,4,4,L 1,Las Vegas Convention Center,
1978-79,14,13,Joe Cipriano,64,62.3,3.75,4.12,,,9,"Thu, Dec 28, 1978",REG,@,Missouri,Big 8,2.61,W,58,56,OT,5,4,W 1,Kemper Arena,
1978-79,14,13,Joe Cipriano,64,62.3,3.75,4.12,,,10,"Fri, Dec 29, 1978",REG,N,Colorado,Big 8,0.88,L,61,74,,5,5,L 1,Kemper Arena,
1978-79,14,13,Joe Cipriano,64,62.3,3.75,4.12,,,11,"Sat, Dec 30, 1978",REG,N,Oklahoma,Big 8,8.26,W,69,53,,6,5,W 1,Kemper Arena,
1978-79,14,13,Joe Cipriano,64,62.3,3.75,4.12,,,12,"Sat, Jan 6, 1979",REG,@,Iowa State,Big 8,0.21,W,72,68,,7,5,W 2,James H. Hilton Coliseum,
1978-79,14,13,Joe Cipriano,64,62.3,3.75,4.12,,,13,"Sat, Jan 13, 1979",REG,@,Colorado,Big 8,0.88,L,61,64,,7,6,L 1,Balch Fieldhouse,
1978-79,14,13,Joe Cipriano,64,62.3,3.75,4.12,,,14,"Wed, Jan 17, 1979",REG,,Kansas State,Big 8,4.31,W,55,53,,8,6,W 1,Bob Devaney Sports Center,
1978-79,14,13,Joe Cipriano,64,62.3,3.75,4.12,,,15,"Sat, Jan 20, 1979",REG,@,Missouri,Big 8,2.61,L,60,76,,8,7,L 1,Hearnes Center,
1978-79,14,13,Joe Cipriano,64,62.3,3.75,4.12,,,16,"Wed, Jan 24, 1979",REG,,Oklahoma,Big 8,8.26,W,74,56,,9,7,W 1,Bob Devaney Sports Center,
1978-79,14,13,Joe Cipriano,64,62.3,3.75,4.12,,,17,"Sat, Jan 27, 1979",REG,,Kansas,Big 8,6.05,W,66,64,OT,10,7,W 2,Bob Devaney Sports Center,
1978-79,14,13,Joe Cipriano,64,62.3,3.75,4.12,,,18,"Wed, Jan 31, 1979",REG,@,Oklahoma State,Big 8,1.86,L,57,66,,10,8,L 1,Gallagher-Iba Arena,
1978-79,14,13,Joe Cipriano,64,62.3,3.75,4.12,,,19,"Sat, Feb 3, 1979",REG,,Colorado,Big 8,0.88,W,79,52,,11,8,W 1,Bob Devaney Sports Center,
1978-79,14,13,Joe Cipriano,64,62.3,3.75,4.12,,,20,"Wed, Feb 7, 1979",REG,@,Kansas State,Big 8,4.31,L,46,58,,11,9,L 1,Ahearn Field House,
1978-79,14,13,Joe Cipriano,64,62.3,3.75,4.12,,,21,"Sat, Feb 10, 1979",REG,,Iowa State,Big 8,0.21,L,46,48,,11,10,L 2,Bob Devaney Sports Center,
1978-79,14,13,Joe Cipriano,64,62.3,3.75,4.12,,,22,"Wed, Feb 14, 1979",REG,@,Oklahoma,Big 8,8.26,L,58,79,,11,11,L 3,Lloyd Noble Center,
1978-79,14,13,Joe Cipriano,64,62.3,3.75,4.12,,,23,"Sat, Feb 17, 1979",REG,,Missouri,Big 8,2.61,W,76,64,,12,11,W 1,Bob Devaney Sports Center,
1978-79,14,13,Joe Cipriano,64,62.3,3.75,4.12,,,24,"Wed, Feb 21, 1979",REG,@,Kansas,Big 8,6.05,L,59,66,,12,12,L 1,Allen Fieldhouse,
1978-79,14,13,Joe Cipriano,64,62.3,3.75,4.12,,,25,"Sat, Feb 24, 1979",REG,,Oklahoma State,Big 8,1.86,W,76,67,,13,12,W 1,Bob Devaney Sports Center,
1978-79,14,13,Joe Cipriano,64,62.3,3.75,4.12,,,26,"Wed, Feb 28, 1979",CTOURN,@,Kansas State,Big 8,4.31,L,60,61,2OT,13,13,L 1,Ahearn Field House,
1979-80,18,13,Joe Cipriano,68.7,67.8,3.4,5.41,,,1,"Sat, Dec 1, 1979",REG,,Portland State,Ind,-14.53,W,74,52,,1,0,W 1,Bob Devaney Sports Center,
1979-80,18,13,Joe Cipriano,68.7,67.8,3.4,5.41,,,2,"Sat, Dec 8, 1979",REG,,Creighton,MVC,4.05,W,64,55,,2,0,W 2,Bob Devaney Sports Center,
1979-80,18,13,Joe Cipriano,68.7,67.8,3.4,5.41,,,3,"Tue, Dec 11, 1979",REG,@,Purdue (9),Big Ten,17.53,L,56,78,,2,1,L 1,Mackey Arena,
1979-80,18,13,Joe Cipriano,68.7,67.8,3.4,5.41,,,4,"Sat, Dec 15, 1979",REG,@,Minnesota,Big Ten,15.72,L,58,75,,2,2,L 2,Williams Arena,
1979-80,18,13,Joe Cipriano,68.7,67.8,3.4,5.41,,,5,"Sat, Dec 22, 1979",REG,,UAB,Sun Belt,4.6,W,92,84,,3,2,W 1,Bob Devaney Sports Center,
1979-80,18,13,Joe Cipriano,68.7,67.8,3.4,5.41,,,6,"Thu, Dec 27, 1979",REG,N,Wisconsin,Big Ten,11.93,W,83,82,,4,2,W 2,Neal S. Blaisdell Center,
1979-80,18,13,Joe Cipriano,68.7,67.8,3.4,5.41,,,7,"Fri, Dec 28, 1979",REG,@,Hawaii,WAC,-1.52,L,55,67,,4,3,L 1,Neal S. Blaisdell Center,
1979-80,18,13,Joe Cipriano,68.7,67.8,3.4,5.41,,,8,"Sat, Dec 29, 1979",REG,N,Louisville (12),Metro,15.56,L,58,65,,4,4,L 2,Neal S. Blaisdell Center,
1979-80,18,13,Joe Cipriano,68.7,67.8,3.4,5.41,,,9,"Wed, Jan 2, 1980",REG,@,Idaho,Big Sky,0.66,L,55,64,,4,5,L 3,Cowan Spectrum,
1979-80,18,13,Joe Cipriano,68.7,67.8,3.4,5.41,,,10,"Wed, Jan 9, 1980",REG,@,Iowa State,Big 8,-1.24,W,58,50,,5,5,W 1,James H. Hilton Coliseum,
1979-80,18,13,Joe Cipriano,68.7,67.8,3.4,5.41,,,11,"Sat, Jan 12, 1980",REG,,Missouri (13),Big 8,12.81,L,63,84,,5,6,L 1,Bob Devaney Sports Center,
1979-80,18,13,Joe Cipriano,68.7,67.8,3.4,5.41,,,12,"Wed, Jan 16, 1980",REG,,Kansas,Big 8,4.71,W,64,57,,6,6,W 1,Bob Devaney Sports Center,
1979-80,18,13,Joe Cipriano,68.7,67.8,3.4,5.41,,,13,"Sat, Jan 19, 1980",REG,@,Colorado,Big 8,0.07,W,53,44,,7,6,W 2,Coors Events/Conference Center,
1979-80,18,13,Joe Cipriano,68.7,67.8,3.4,5.41,,,14,"Wed, Jan 23, 1980",REG,,Oklahoma State,Big 8,-0.35,W,74,73,,8,6,W 3,Bob Devaney Sports Center,
1979-80,18,13,Joe Cipriano,68.7,67.8,3.4,5.41,,,15,"Sat, Jan 26, 1980",REG,@,Kansas State,Big 8,8.54,L,64,66,,8,7,L 1,Ahearn Field House,
1979-80,18,13,Joe Cipriano,68.7,67.8,3.4,5.41,,,16,"Wed, Jan 30, 1980",REG,,Oklahoma,Big 8,5.07,W,59,58,,9,7,W 1,Bob Devaney Sports Center,
1979-80,18,13,Joe Cipriano,68.7,67.8,3.4,5.41,,,17,"Sat, Feb 2, 1980",REG,@,Missouri (14),Big 8,12.81,L,60,73,,9,8,L 1,Hearnes Center,
1979-80,18,13,Joe Cipriano,68.7,67.8,3.4,5.41,,,18,"Tue, Feb 5, 1980",REG,@,Kansas,Big 8,4.71,W,61,56,,10,8,W 1,Allen Fieldhouse,
1979-80,18,13,Joe Cipriano,68.7,67.8,3.4,5.41,,,19,"Sat, Feb 9, 1980",REG,,Iowa State,Big 8,-1.24,W,69,66,,11,8,W 2,Bob Devaney Sports Center,
1979-80,18,13,Joe Cipriano,68.7,67.8,3.4,5.41,,,20,"Wed, Feb 13, 1980",REG,@,Oklahoma State,Big 8,-0.35,L,68,83,,11,9,L 1,Gallagher-Iba Arena,
1979-80,18,13,Joe Cipriano,68.7,67.8,3.4,5.41,,,21,"Sat, Feb 16, 1980",REG,,Colorado,Big 8,0.07,L,55,56,,11,10,L 2,Bob Devaney Sports Center,
1979-80,18,13,Joe Cipriano,68.7,67.8,3.4,5.41,,,22,"Wed, Feb 20, 1980",REG,,Kansas State,Big 8,8.54,W,70,58,,12,10,W 1,Bob Devaney Sports Center,
1979-80,18,13,Joe Cipriano,68.7,67.8,3.4,5.41,,,23,"Sat, Feb 23, 1980",REG,@,Oklahoma,Big 8,5.07,L,60,78,,12,11,L 1,Lloyd Noble Center,
1979-80,18,13,Joe Cipriano,68.7,67.8,3.4,5.41,,,24,"Tue, Feb 26, 1980",CTOURN,,Oklahoma,Big 8,5.07,W,75,68,,13,11,W 1,Bob Devaney Sports Center,
1979-80,18,13,Joe Cipriano,68.7,67.8,3.4,5.41,,,25,"Wed, Feb 27, 1980",CTOURN,N,Kansas State,Big 8,8.54,L,59,60,,13,12,L 1,Kemper Arena,
1979-80,18,13,Joe Cipriano,68.7,67.8,3.4,5.41,,,26,"Thu, Mar 6, 1980",NIT,@,Michigan,Big Ten,13.7,L,69,76,,13,13,L 2,Crisler Arena,
1980-81,15,12,Moe Iba,63.4,59.7,7.78,5.98,,,1,"Fri, Nov 28, 1980",REG,,Wyoming,WAC,17.3,L,59,62,,0,1,L 1,Bob Devaney Sports Center,
1980-81,15,12,Moe Iba,63.4,59.7,7.78,5.98,,,2,"Sat, Nov 29, 1980",REG,,Idaho,Big Sky,4.83,L,53,64,,0,2,L 2,Bob Devaney Sports Center,
1980-81,15,12,Moe Iba,63.4,59.7,7.78,5.98,,,3,"Sat, Dec 6, 1980",REG,@,Creighton,MVC,6.09,L,61,66,,0,3,L 3,Omaha Civic Auditorium,
1980-81,15,12,Moe Iba,63.4,59.7,7.78,5.98,,,4,"Tue, Dec 9, 1980",REG,,Penn State,Ind,1.51,W,75,50,,1,3,W 1,Bob Devaney Sports Center,
1980-81,15,12,Moe Iba,63.4,59.7,7.78,5.98,,,5,"Fri, Dec 12, 1980",REG,N,Loyola Marymount,WCAC,-9.49,W,67,66,,2,3,W 2,Jon M. Huntsman Center,
1980-81,15,12,Moe Iba,63.4,59.7,7.78,5.98,,,6,"Sat, Dec 13, 1980",REG,@,Utah,WAC,13.69,L,55,57,,2,4,L 1,Jon M. Huntsman Center,
1980-81,15,12,Moe Iba,63.4,59.7,7.78,5.98,,,7,"Mon, Dec 22, 1980",REG,,Colorado State,WAC,-7,W,54,48,,3,4,W 1,Bob Devaney Sports Center,
1980-81,15,12,Moe Iba,63.4,59.7,7.78,5.98,,,8,"Tue, Dec 23, 1980",REG,,Montana,Big Sky,-0.25,W,69,46,,4,4,W 2,Bob Devaney Sports Center,
1980-81,15,12,Moe Iba,63.4,59.7,7.78,5.98,,,9,"Sat, Dec 27, 1980",REG,@,Ball State,MAC,2.27,L,62,67,,4,5,L 1,Irving Gymnasium,
1980-81,15,12,Moe Iba,63.4,59.7,7.78,5.98,,,10,"Tue, Dec 30, 1980",REG,N,Arkansas,SWC,12.05,L,52,64,,4,6,L 2,,
1980-81,15,12,Moe Iba,63.4,59.7,7.78,5.98,,,11,"Wed, Jan 14, 1981",REG,,Kansas State,Big 8,13.37,W,59,49,,5,6,W 1,Bob Devaney Sports Center,
1980-81,15,12,Moe Iba,63.4,59.7,7.78,5.98,,,12,"Sat, Jan 17, 1981",REG,@,Oklahoma State,Big 8,5.32,L,70,81,,5,7,L 1,Gallagher-Iba Arena,
1980-81,15,12,Moe Iba,63.4,59.7,7.78,5.98,,,13,"Wed, Jan 21, 1981",REG,,Colorado,Big 8,7.84,L,59,62,,5,8,L 2,Bob Devaney Sports Center,
1980-81,15,12,Moe Iba,63.4,59.7,7.78,5.98,,,14,"Sat, Jan 24, 1981",REG,,Missouri,Big 8,10.94,W,66,53,,6,8,W 1,Bob Devaney Sports Center,
1980-81,15,12,Moe Iba,63.4,59.7,7.78,5.98,,,15,"Wed, Jan 28, 1981",REG,@,Iowa State,Big 8,-0.12,W,61,56,,7,8,W 2,James H. Hilton Coliseum,
1980-81,15,12,Moe Iba,63.4,59.7,7.78,5.98,,,16,"Sat, Jan 31, 1981",REG,,Kansas (18),Big 8,14.88,W,57,54,,8,8,W 3,Bob Devaney Sports Center,
1980-81,15,12,Moe Iba,63.4,59.7,7.78,5.98,,,17,"Wed, Feb 4, 1981",REG,@,Oklahoma,Big 8,-1.84,W,71,59,,9,8,W 4,Lloyd Noble Center,
1980-81,15,12,Moe Iba,63.4,59.7,7.78,5.98,,,18,"Sat, Feb 7, 1981",REG,,Oklahoma State,Big 8,5.32,W,62,54,,10,8,W 5,Bob Devaney Sports Center,
1980-81,15,12,Moe Iba,63.4,59.7,7.78,5.98,,,19,"Wed, Feb 11, 1981",REG,@,Colorado,Big 8,7.84,W,57,56,,11,8,W 6,Coors Events/Conference Center,
1980-81,15,12,Moe Iba,63.4,59.7,7.78,5.98,,,20,"Sat, Feb 14, 1981",REG,@,Kansas State,Big 8,13.37,L,49,66,,11,9,L 1,Ahearn Field House,
1980-81,15,12,Moe Iba,63.4,59.7,7.78,5.98,,,21,"Wed, Feb 18, 1981",REG,,Iowa State,Big 8,-0.12,W,81,61,,12,9,W 1,Bob Devaney Sports Center,
1980-81,15,12,Moe Iba,63.4,59.7,7.78,5.98,,,22,"Sat, Feb 21, 1981",REG,@,Missouri,Big 8,10.94,L,45,55,,12,10,L 1,Hearnes Center,
1980-81,15,12,Moe Iba,63.4,59.7,7.78,5.98,,,23,"Wed, Feb 25, 1981",REG,@,Kansas,Big 8,14.88,L,49,75,,12,11,L 2,Allen Fieldhouse,
1980-81,15,12,Moe Iba,63.4,59.7,7.78,5.98,,,24,"Sat, Feb 28, 1981",REG,,Oklahoma,Big 8,-1.84,W,90,63,,13,11,W 1,Bob Devaney Sports Center,
1980-81,15,12,Moe Iba,63.4,59.7,7.78,5.98,,,25,"Tue, Mar 3, 1981",CTOURN,,Colorado,Big 8,7.84,L,66,70,,13,12,L 1,Bob Devaney Sports Center,
1981-82,16,12,Moe Iba,63.1,55.3,11.89,6.37,,,1,"Fri, Nov 27, 1981",REG,@,Wyoming,WAC,14.28,L,48,62,,0,1,L 1,War Memorial Fieldhouse,
1981-82,16,12,Moe Iba,63.1,55.3,11.89,6.37,,,2,"Sat, Dec 5, 1981",REG,,Creighton,MVC,-2.24,W,86,46,,1,1,W 1,Bob Devaney Sports Center,
1981-82,16,12,Moe Iba,63.1,55.3,11.89,6.37,,,3,"Wed, Dec 9, 1981",REG,@,Baylor,SWC,6.37,W,64,63,,2,1,W 2,Heart O' Texas Coliseum,
1981-82,16,12,Moe Iba,63.1,55.3,11.89,6.37,,,4,"Sat, Dec 19, 1981",REG,,Ball State,MAC,-1.35,W,71,57,,3,1,W 3,Bob Devaney Sports Center,
1981-82,16,12,Moe Iba,63.1,55.3,11.89,6.37,,,5,"Mon, Dec 21, 1981",REG,@,Penn State,Ind,0.39,L,58,60,,3,2,L 1,Rec Hall,
1981-82,16,12,Moe Iba,63.1,55.3,11.89,6.37,,,6,"Wed, Dec 23, 1981",REG,@,Colorado State,WAC,-0.02,L,51,58,,3,3,L 2,Moby Arena,
1981-82,16,12,Moe Iba,63.1,55.3,11.89,6.37,,,7,"Mon, Dec 28, 1981",REG,N,Air Force,WAC,-4.84,W,63,47,,4,3,W 1,,
1981-82,16,12,Moe Iba,63.1,55.3,11.89,6.37,,,8,"Tue, Dec 29, 1981",REG,@,Northern Iowa,Ind,-11.49,W,53,42,,5,3,W 2,UNI-Dome,
1981-82,16,12,Moe Iba,63.1,55.3,11.89,6.37,,,9,"Sat, Jan 9, 1982",REG,,Arkansas (11),SWC,14.79,L,50,51,,5,4,L 1,Bob Devaney Sports Center,
1981-82,16,12,Moe Iba,63.1,55.3,11.89,6.37,,,10,"Wed, Jan 13, 1982",REG,,Kansas,Big 8,8.01,W,75,55,,6,4,W 1,Bob Devaney Sports Center,
1981-82,16,12,Moe Iba,63.1,55.3,11.89,6.37,,,11,"Sat, Jan 16, 1982",REG,,Missouri (2),Big 8,18.07,L,42,44,,6,5,L 1,Bob Devaney Sports Center,
1981-82,16,12,Moe Iba,63.1,55.3,11.89,6.37,,,12,"Wed, Jan 20, 1982",REG,@,Oklahoma State,Big 8,7.69,L,50,52,,6,6,L 2,Gallagher-Iba Arena,
1981-82,16,12,Moe Iba,63.1,55.3,11.89,6.37,,,13,"Sat, Jan 23, 1982",REG,,Iowa State,Big 8,0.52,W,60,47,,7,6,W 1,Bob Devaney Sports Center,
1981-82,16,12,Moe Iba,63.1,55.3,11.89,6.37,,,14,"Wed, Jan 27, 1982",REG,@,Oklahoma,Big 8,7.36,L,48,51,,7,7,L 1,Lloyd Noble Center,
1981-82,16,12,Moe Iba,63.1,55.3,11.89,6.37,,,15,"Sat, Jan 30, 1982",REG,@,Colorado,Big 8,3.51,W,74,57,,8,7,W 1,Coors Events/Conference Center,
1981-82,16,12,Moe Iba,63.1,55.3,11.89,6.37,,,16,"Wed, Feb 3, 1982",REG,,Kansas State (19),Big 8,13.66,L,64,75,,8,8,L 1,Bob Devaney Sports Center,
1981-82,16,12,Moe Iba,63.1,55.3,11.89,6.37,,,17,"Sat, Feb 6, 1982",REG,@,Missouri (1),Big 8,18.07,W,67,51,,9,8,W 1,Hearnes Center,
1981-82,16,12,Moe Iba,63.1,55.3,11.89,6.37,,,18,"Wed, Feb 10, 1982",REG,,Oklahoma State,Big 8,7.69,W,75,63,,10,8,W 2,Bob Devaney Sports Center,
1981-82,16,12,Moe Iba,63.1,55.3,11.89,6.37,,,19,"Sat, Feb 13, 1982",REG,@,Kansas,Big 8,8.01,L,63,66,,10,9,L 1,Allen Fieldhouse,
1981-82,16,12,Moe Iba,63.1,55.3,11.89,6.37,,,20,"Mon, Feb 15, 1982",REG,,Oklahoma,Big 8,7.36,W,65,51,,11,9,W 1,Bob Devaney Sports Center,
1981-82,16,12,Moe Iba,63.1,55.3,11.89,6.37,,,21,"Sat, Feb 20, 1982",REG,@,Iowa State,Big 8,0.52,L,61,63,,11,10,L 1,James H. Hilton Coliseum,
1981-82,16,12,Moe Iba,63.1,55.3,11.89,6.37,,,22,"Wed, Feb 24, 1982",REG,,Colorado,Big 8,3.51,W,79,57,,12,10,W 1,Bob Devaney Sports Center,
1981-82,16,12,Moe Iba,63.1,55.3,11.89,6.37,,,23,"Sat, Feb 27, 1982",REG,@,Kansas State,Big 8,13.66,L,50,67,,12,11,L 1,Ahearn Field House,
1981-82,16,12,Moe Iba,63.1,55.3,11.89,6.37,,,24,"Tue, Mar 2, 1982",CTOURN,,Oklahoma State,Big 8,7.69,W,60,49,,13,11,W 1,Bob Devaney Sports Center,
1981-82,16,12,Moe Iba,63.1,55.3,11.89,6.37,,,25,"Wed, Mar 3, 1982",CTOURN,N,Missouri (5),Big 8,18.07,L,53,58,,13,12,L 1,Kemper Arena,
1982-83,22,10,Moe Iba,68.4,60.9,9.69,6.26,,,1,"Mon, Nov 29, 1982",REG,@,Montana,Big Sky,5.58,L,51,61,,0,1,L 1,Adams Center/Dahlberg Arena,
1982-83,22,10,Moe Iba,68.4,60.9,9.69,6.26,,,2,"Sat, Dec 4, 1982",REG,@,Creighton,MVC,-1.66,W,65,62,,1,1,W 1,Omaha Civic Auditorium,
1982-83,22,10,Moe Iba,68.4,60.9,9.69,6.26,,,3,"Sat, Dec 11, 1982",REG,,Baylor,SWC,0.51,W,59,56,,2,1,W 2,Bob Devaney Sports Center,
1982-83,22,10,Moe Iba,68.4,60.9,9.69,6.26,,,4,"Sat, Dec 18, 1982",REG,,Wyoming,WAC,3.73,W,68,57,,3,1,W 3,Bob Devaney Sports Center,
1982-83,22,10,Moe Iba,68.4,60.9,9.69,6.26,,,5,"Wed, Dec 29, 1982",REG,N,Cornell,Ivy,-9.19,W,66,56,,4,1,W 4,,
1982-83,22,10,Moe Iba,68.4,60.9,9.69,6.26,,,6,"Thu, Dec 30, 1982",REG,N,Indiana (1),Big Ten,17.88,L,50,67,,4,2,L 1,Market Square Arena,
1982-83,22,10,Moe Iba,68.4,60.9,9.69,6.26,,,7,"Mon, Jan 3, 1983",REG,N,Arkansas (10),SWC,13.25,L,58,64,,4,3,L 2,,
1982-83,22,10,Moe Iba,68.4,60.9,9.69,6.26,,,8,"Sun, Jan 16, 1983",REG,,Missouri State,Mid-Cont,-8.73,W,98,46,,5,3,W 1,Bob Devaney Sports Center,
1982-83,22,10,Moe Iba,68.4,60.9,9.69,6.26,,,9,"Tue, Jan 18, 1983",REG,@,Iowa State,Big 8,1.75,W,59,54,,6,3,W 2,James H. Hilton Coliseum,
1982-83,22,10,Moe Iba,68.4,60.9,9.69,6.26,,,10,"Sat, Jan 22, 1983",REG,@,Colorado,Big 8,1.56,L,69,72,,6,4,L 1,Coors Events/Conference Center,
1982-83,22,10,Moe Iba,68.4,60.9,9.69,6.26,,,11,"Wed, Jan 26, 1983",REG,,Kansas State,Big 8,2.78,W,59,43,,7,4,W 1,Bob Devaney Sports Center,
1982-83,22,10,Moe Iba,68.4,60.9,9.69,6.26,,,12,"Sat, Jan 29, 1983",REG,@,Missouri (13),Big 8,15.39,L,56,79,,7,5,L 1,Hearnes Center,
1982-83,22,10,Moe Iba,68.4,60.9,9.69,6.26,,,13,"Wed, Feb 2, 1983",REG,,Oklahoma,Big 8,14.58,W,60,59,,8,5,W 1,Bob Devaney Sports Center,
1982-83,22,10,Moe Iba,68.4,60.9,9.69,6.26,,,14,"Sat, Feb 5, 1983",REG,,Kansas,Big 8,5.53,W,68,61,,9,5,W 2,Bob Devaney Sports Center,
1982-83,22,10,Moe Iba,68.4,60.9,9.69,6.26,,,15,"Wed, Feb 9, 1983",REG,@,Oklahoma State,Big 8,11.1,L,63,71,,9,6,L 1,Gallagher-Iba Arena,
1982-83,22,10,Moe Iba,68.4,60.9,9.69,6.26,,,16,"Sat, Feb 12, 1983",REG,,Colorado,Big 8,1.56,W,68,56,,10,6,W 1,Bob Devaney Sports Center,
1982-83,22,10,Moe Iba,68.4,60.9,9.69,6.26,,,17,"Wed, Feb 16, 1983",REG,@,Kansas State,Big 8,2.78,W,56,45,,11,6,W 2,Ahearn Field House,
1982-83,22,10,Moe Iba,68.4,60.9,9.69,6.26,,,18,"Sat, Feb 19, 1983",REG,,Iowa State,Big 8,1.75,W,67,66,,12,6,W 3,Bob Devaney Sports Center,
1982-83,22,10,Moe Iba,68.4,60.9,9.69,6.26,,,19,"Thu, Feb 24, 1983",REG,@,Oklahoma,Big 8,14.58,L,71,84,,12,7,L 1,Lloyd Noble Center,
1982-83,22,10,Moe Iba,68.4,60.9,9.69,6.26,,,20,"Sat, Feb 26, 1983",REG,,Missouri (15),Big 8,15.39,L,51,54,,12,8,L 2,Bob Devaney Sports Center,
1982-83,22,10,Moe Iba,68.4,60.9,9.69,6.26,,,21,"Wed, Mar 2, 1983",REG,@,Kansas,Big 8,5.53,W,60,58,,13,8,W 1,Allen Fieldhouse,
1982-83,22,10,Moe Iba,68.4,60.9,9.69,6.26,,,22,"Sat, Mar 5, 1983",REG,,Oklahoma State,Big 8,11.1,W,77,68,,14,8,W 2,Bob Devaney Sports Center,
1982-83,22,10,Moe Iba,68.4,60.9,9.69,6.26,,,23,"Thu, Mar 10, 1983",CTOURN,,Iowa State,Big 8,1.75,W,94,71,,15,8,W 3,Bob Devaney Sports Center,
1982-83,22,10,Moe Iba,68.4,60.9,9.69,6.26,,,24,"Fri, Mar 11, 1983",CTOURN,N,Missouri (12),Big 8,15.39,L,63,69,,15,9,L 1,Kemper Arena,
1982-83,22,10,Moe Iba,68.4,60.9,9.69,6.26,,,25,"Thu, Mar 17, 1983",NIT,,Tulane,Metro,11.35,W,72,65,,16,9,W 1,Bob Devaney Sports Center,
1982-83,22,10,Moe Iba,68.4,60.9,9.69,6.26,,,26,"Mon, Mar 21, 1983",NIT,,Iona,MAAC,3.72,W,85,73,,17,9,W 2,Bob Devaney Sports Center,
1982-83,22,10,Moe Iba,68.4,60.9,9.69,6.26,,,27,"Thu, Mar 24, 1983",NIT,,TCU,SWC,6.92,W,67,57,,18,9,W 3,Bob Devaney Sports Center,
1982-83,22,10,Moe Iba,68.4,60.9,9.69,6.26,,,28,"Mon, Mar 28, 1983",NIT,N,DePaul,Ind,9.41,L,58,68,,18,10,L 1,Madison Square Garden (IV),
1983-84,18,12,Moe Iba,64.9,61.6,5.58,5.55,,,1,"Mon, Nov 28, 1983",REG,,Texas Tech,SWC,5.56,L,45,59,,0,1,L 1,Bob Devaney Sports Center,
1983-84,18,12,Moe Iba,64.9,61.6,5.58,5.55,,,2,"Sat, Dec 3, 1983",REG,,Creighton,MVC,4.88,W,65,56,,1,1,W 1,Bob Devaney Sports Center,
1983-84,18,12,Moe Iba,64.9,61.6,5.58,5.55,,,3,"Mon, Dec 5, 1983",REG,@,Wisconsin,Big Ten,2.73,W,71,69,,2,1,W 2,Wisconsin Field House,
1983-84,18,12,Moe Iba,64.9,61.6,5.58,5.55,,,4,"Sat, Dec 10, 1983",REG,,Arkansas (15),SWC,10.18,W,67,54,,3,1,W 3,Bob Devaney Sports Center,
1983-84,18,12,Moe Iba,64.9,61.6,5.58,5.55,,,5,"Sat, Dec 17, 1983",REG,,Northern Iowa,Mid-Cont,-5.25,W,90,64,,4,1,W 4,Bob Devaney Sports Center,
1983-84,18,12,Moe Iba,64.9,61.6,5.58,5.55,,,6,"Tue, Dec 20, 1983",REG,@,Wyoming,WAC,5.56,W,67,64,,5,1,W 5,Arena-Auditorium,
1983-84,18,12,Moe Iba,64.9,61.6,5.58,5.55,,,7,"Wed, Dec 28, 1983",REG,N,Georgia Tech,ACC,10.09,L,49,66,,5,2,L 1,,
1983-84,18,12,Moe Iba,64.9,61.6,5.58,5.55,,,8,"Thu, Dec 29, 1983",REG,N,Michigan State,Big Ten,7.84,L,45,58,,5,3,L 2,,
1983-84,18,12,Moe Iba,64.9,61.6,5.58,5.55,,,9,"Wed, Jan 4, 1984",REG,,Colorado State,WAC,1.78,W,56,54,,6,3,W 1,Bob Devaney Sports Center,
1983-84,18,12,Moe Iba,64.9,61.6,5.58,5.55,,,10,"Sat, Jan 14, 1984",REG,,Eastern Washington,Ind,-14.15,W,105,71,,7,3,W 2,Bob Devaney Sports Center,
1983-84,18,12,Moe Iba,64.9,61.6,5.58,5.55,,,11,"Wed, Jan 18, 1984",REG,@,Iowa State,Big 8,5.32,W,64,63,,8,3,W 3,James H. Hilton Coliseum,
1983-84,18,12,Moe Iba,64.9,61.6,5.58,5.55,,,12,"Sat, Jan 21, 1984",REG,,Missouri,Big 8,8.02,L,48,50,,8,4,L 1,Bob Devaney Sports Center,
1983-84,18,12,Moe Iba,64.9,61.6,5.58,5.55,,,13,"Wed, Jan 25, 1984",REG,@,Kansas,Big 8,9.76,L,61,77,,8,5,L 2,Allen Fieldhouse,
1983-84,18,12,Moe Iba,64.9,61.6,5.58,5.55,,,14,"Sat, Jan 28, 1984",REG,@,Colorado,Big 8,5.34,L,57,60,,8,6,L 3,Coors Events/Conference Center,
1983-84,18,12,Moe Iba,64.9,61.6,5.58,5.55,,,15,"Wed, Feb 1, 1984",REG,,Oklahoma State,Big 8,1.25,W,54,52,,9,6,W 1,Bob Devaney Sports Center,
1983-84,18,12,Moe Iba,64.9,61.6,5.58,5.55,,,16,"Sat, Feb 4, 1984",REG,@,Kansas State,Big 8,5.41,W,47,46,,10,6,W 2,Ahearn Field House,
1983-84,18,12,Moe Iba,64.9,61.6,5.58,5.55,,,17,"Wed, Feb 8, 1984",REG,,Oklahoma (10),Big 8,17.82,L,67,78,,10,7,L 1,Bob Devaney Sports Center,
1983-84,18,12,Moe Iba,64.9,61.6,5.58,5.55,,,18,"Sat, Feb 11, 1984",REG,@,Missouri,Big 8,8.02,W,61,56,,11,7,W 1,Hearnes Center,
1983-84,18,12,Moe Iba,64.9,61.6,5.58,5.55,,,19,"Wed, Feb 15, 1984",REG,,Kansas,Big 8,9.76,L,66,67,,11,8,L 1,Bob Devaney Sports Center,
1983-84,18,12,Moe Iba,64.9,61.6,5.58,5.55,,,20,"Sat, Feb 18, 1984",REG,,Iowa State,Big 8,5.32,L,48,69,,11,9,L 2,Bob Devaney Sports Center,
1983-84,18,12,Moe Iba,64.9,61.6,5.58,5.55,,,21,"Wed, Feb 22, 1984",REG,@,Oklahoma State,Big 8,1.25,W,67,64,,12,9,W 1,Gallagher-Iba Arena,
1983-84,18,12,Moe Iba,64.9,61.6,5.58,5.55,,,22,"Sat, Feb 25, 1984",REG,,Colorado,Big 8,5.34,W,75,67,,13,9,W 2,Bob Devaney Sports Center,
1983-84,18,12,Moe Iba,64.9,61.6,5.58,5.55,,,23,"Tue, Feb 28, 1984",REG,,Kansas State,Big 8,5.41,W,63,56,,14,9,W 3,Bob Devaney Sports Center,
1983-84,18,12,Moe Iba,64.9,61.6,5.58,5.55,,,24,"Thu, Mar 1, 1984",REG,@,Oklahoma (6),Big 8,17.82,L,70,79,,14,10,L 1,Lloyd Noble Center,
1983-84,18,12,Moe Iba,64.9,61.6,5.58,5.55,,,25,"Thu, Mar 8, 1984",CTOURN,,Kansas State,Big 8,5.41,L,39,41,,14,11,L 2,Bob Devaney Sports Center,
1983-84,18,12,Moe Iba,64.9,61.6,5.58,5.55,,,26,"Thu, Mar 15, 1984",NIT,@,Creighton,MVC,4.88,W,56,54,,15,11,W 1,Omaha Civic Auditorium,
1983-84,18,12,Moe Iba,64.9,61.6,5.58,5.55,,,27,"Mon, Mar 19, 1984",NIT,@,Xavier,MW City,4.53,L,57,58,,15,12,L 1,Cincinnati Gardens,
1984-85,16,14,Moe Iba,71.8,69,6.26,5.33,,,1,"Mon, Dec 3, 1984",REG,,Montana State,Big Sky,-2.88,W,86,65,,1,0,W 1,Bob Devaney Sports Center,
1984-85,16,14,Moe Iba,71.8,69,6.26,5.33,,,2,"Sat, Dec 8, 1984",REG,@,Creighton,MVC,3.29,W,78,73,,2,0,W 2,Omaha Civic Auditorium,
1984-85,16,14,Moe Iba,71.8,69,6.26,5.33,,,3,"Mon, Dec 10, 1984",REG,,Wyoming,WAC,-0.78,W,79,65,,3,0,W 3,Bob Devaney Sports Center,
1984-85,16,14,Moe Iba,71.8,69,6.26,5.33,,,4,"Wed, Dec 12, 1984",REG,,Wisconsin,Big Ten,3.51,W,53,51,,4,0,W 4,Bob Devaney Sports Center,
1984-85,16,14,Moe Iba,71.8,69,6.26,5.33,,,5,"Sat, Dec 15, 1984",REG,@,Texas Tech,SWC,10.07,W,79,74,,5,0,W 5,Lubbock Municipal Coliseum,
1984-85,16,14,Moe Iba,71.8,69,6.26,5.33,,,6,"Sat, Dec 22, 1984",REG,,Washington State,Pac-10,1.31,L,58,63,,5,1,L 1,Bob Devaney Sports Center,
1984-85,16,14,Moe Iba,71.8,69,6.26,5.33,,,7,"Fri, Dec 28, 1984",REG,N,UC Irvine,PCAA,-3.37,W,73,67,,6,1,W 1,,
1984-85,16,14,Moe Iba,71.8,69,6.26,5.33,,,8,"Sat, Dec 29, 1984",REG,@,Santa Clara,WCAC,6.1,L,59,78,,6,2,L 1,Toso Pavilion,
1984-85,16,14,Moe Iba,71.8,69,6.26,5.33,,,9,"Thu, Jan 3, 1985",REG,@,Evansville,MW City,-1.93,L,73,80,,6,3,L 2,Roberts Stadium,
1984-85,16,14,Moe Iba,71.8,69,6.26,5.33,,,10,"Sat, Jan 12, 1985",REG,@,Colorado State,WAC,0.73,W,88,78,,7,3,W 1,Moby Arena,
1984-85,16,14,Moe Iba,71.8,69,6.26,5.33,,,11,"Wed, Jan 16, 1985",REG,,Kansas State,Big 8,4.33,W,75,63,,8,3,W 2,Bob Devaney Sports Center,
1984-85,16,14,Moe Iba,71.8,69,6.26,5.33,,,12,"Sat, Jan 19, 1985",REG,@,Oklahoma State,Big 8,3.92,L,66,68,,8,4,L 1,Gallagher-Iba Arena,
1984-85,16,14,Moe Iba,71.8,69,6.26,5.33,,,13,"Wed, Jan 23, 1985",REG,,Colorado,Big 8,-1.69,W,85,67,,9,4,W 1,Bob Devaney Sports Center,
1984-85,16,14,Moe Iba,71.8,69,6.26,5.33,,,14,"Sat, Jan 26, 1985",REG,,Missouri,Big 8,6.4,W,74,66,,10,4,W 2,Bob Devaney Sports Center,
1984-85,16,14,Moe Iba,71.8,69,6.26,5.33,,,15,"Wed, Jan 30, 1985",REG,@,Iowa State,Big 8,8.87,L,65,76,,10,5,L 1,James H. Hilton Coliseum,
1984-85,16,14,Moe Iba,71.8,69,6.26,5.33,,,16,"Sat, Feb 2, 1985",REG,,Kansas (19),Big 8,11.83,L,80,91,,10,6,L 2,Bob Devaney Sports Center,
1984-85,16,14,Moe Iba,71.8,69,6.26,5.33,,,17,"Wed, Feb 6, 1985",REG,@,Oklahoma (7),Big 8,18.12,L,74,83,,10,7,L 3,Lloyd Noble Center,
1984-85,16,14,Moe Iba,71.8,69,6.26,5.33,,,18,"Sat, Feb 9, 1985",REG,,Oklahoma State,Big 8,3.92,W,66,48,,11,7,W 1,Bob Devaney Sports Center,
1984-85,16,14,Moe Iba,71.8,69,6.26,5.33,,,19,"Wed, Feb 13, 1985",REG,@,Colorado,Big 8,-1.69,L,61,64,,11,8,L 1,Coors Events/Conference Center,
1984-85,16,14,Moe Iba,71.8,69,6.26,5.33,,,20,"Sat, Feb 16, 1985",REG,@,Kansas State,Big 8,4.33,L,62,68,,11,9,L 2,Ahearn Field House,
1984-85,16,14,Moe Iba,71.8,69,6.26,5.33,,,21,"Thu, Feb 21, 1985",REG,,Iowa State,Big 8,8.87,W,74,57,,12,9,W 1,Bob Devaney Sports Center,
1984-85,16,14,Moe Iba,71.8,69,6.26,5.33,,,22,"Sat, Feb 23, 1985",REG,@,Missouri,Big 8,6.4,L,50,69,,12,10,L 1,Hearnes Center,
1984-85,16,14,Moe Iba,71.8,69,6.26,5.33,,,23,"Thu, Feb 28, 1985",REG,@,Kansas (11),Big 8,11.83,L,65,70,,12,11,L 2,Allen Fieldhouse,
1984-85,16,14,Moe Iba,71.8,69,6.26,5.33,,,24,"Sat, Mar 2, 1985",REG,,Oklahoma (6),Big 8,18.12,L,62,65,,12,12,L 3,Bob Devaney Sports Center,
1984-85,16,14,Moe Iba,71.8,69,6.26,5.33,,,25,"Tue, Mar 5, 1985",CTOURN,@,Kansas (10),Big 8,11.83,L,69,74,,12,13,L 4,Allen Fieldhouse,
1984-85,16,14,Moe Iba,71.8,69,6.26,5.33,,,26,"Wed, Mar 13, 1985",NIT,,Canisius,ECACN,1.92,W,79,66,,13,13,W 1,Bob Devaney Sports Center,
1984-85,16,14,Moe Iba,71.8,69,6.26,5.33,,,27,"Tue, Mar 19, 1985",NIT,@,UCLA,Pac-10,10.68,L,63,82,,13,14,L 1,Pauley Pavilion,
1985-86,19,11,Moe Iba,70.8,66.7,11.57,8.93,,,1,"Tue, Nov 26, 1985",REG,,Southern Illinois,MVC,-6.52,W,85,50,,1,0,W 1,Bob Devaney Sports Center,
1985-86,19,11,Moe Iba,70.8,66.7,11.57,12.53,,,2,"Sat, Nov 30, 1985",REG,@,Wyoming,WAC,5.24,W,64,53,,2,0,W 2,Arena-Auditorium,
1985-86,19,11,Moe Iba,70.8,66.7,11.57,16.13,,,3,"Mon, Dec 2, 1985",REG,,UC Irvine,PCAA,3.41,L,80,87,,2,1,L 1,Bob Devaney Sports Center,
1985-86,19,11,Moe Iba,70.8,66.7,11.57,19.73,,,4,"Sat, Dec 7, 1985",REG,,Creighton,MVC,-0.66,W,71,52,,3,1,W 1,Bob Devaney Sports Center,
1985-86,19,11,Moe Iba,70.8,66.7,11.57,23.33,,,5,"Thu, Dec 12, 1985",REG,@,Washington State,Pac-10,2.7,W,79,72,,4,1,W 2,Friel Court at Beasley Coliseum,
1985-86,19,11,Moe Iba,70.8,66.7,11.57,26.93,,,6,"Sat, Dec 14, 1985",REG,@,Montana State,Big Sky,1.15,W,76,59,,5,1,W 3,Worthington Arena,
1985-86,19,11,Moe Iba,70.8,66.7,11.57,30.53,,,7,"Fri, Dec 20, 1985",REG,,Georgia,SEC,13.71,L,63,67,,5,2,L 1,Bob Devaney Sports Center,
1985-86,19,11,Moe Iba,70.8,66.7,11.57,34.13,,,8,"Mon, Dec 23, 1985",REG,,Arizona State,Pac-10,1.67,W,80,67,,6,2,W 1,Bob Devaney Sports Center,
1985-86,19,11,Moe Iba,70.8,66.7,11.57,37.73,,,9,"Sun, Dec 29, 1985",REG,N,Alabama,SEC,16.73,L,61,78,,6,3,L 1,Don Haskins Center,
1985-86,19,11,Moe Iba,70.8,66.7,11.57,41.33,,,10,"Mon, Dec 30, 1985",REG,N,Ohio State,Big Ten,12.6,W,69,66,,7,3,W 1,Don Haskins Center,
1985-86,19,11,Moe Iba,70.8,66.7,11.57,44.93,,,11,"Mon, Jan 6, 1986",REG,,Evansville,MW Coll,-5.88,W,77,70,,8,3,W 2,Bob Devaney Sports Center,
1985-86,19,11,Moe Iba,70.8,66.7,11.57,48.53,,,12,"Wed, Jan 15, 1986",REG,,Kansas (8),Big 8,23.18,L,70,81,,8,4,L 1,Bob Devaney Sports Center,
1985-86,19,11,Moe Iba,70.8,66.7,11.57,52.13,,,13,"Sat, Jan 18, 1986",REG,,Missouri,Big 8,12.58,L,67,68,,8,5,L 2,Bob Devaney Sports Center,
1985-86,19,11,Moe Iba,70.8,66.7,11.57,55.73,,,14,"Wed, Jan 22, 1986",REG,,Oklahoma State,Big 8,7.68,W,68,52,,9,5,W 1,Bob Devaney Sports Center,
1985-86,19,11,Moe Iba,70.8,66.7,11.57,59.33,,,15,"Sat, Jan 25, 1986",REG,,Iowa State,Big 8,14.46,W,75,58,,10,5,W 2,Bob Devaney Sports Center,
1985-86,19,11,Moe Iba,70.8,66.7,11.57,62.93,,,16,"Wed, Jan 29, 1986",REG,@,Oklahoma (6),Big 8,17.9,L,60,87,,10,6,L 1,Lloyd Noble Center,
1985-86,19,11,Moe Iba,70.8,66.7,11.57,66.53,,,17,"Sat, Feb 1, 1986",REG,@,Colorado,Big 8,-0.12,W,77,60,,11,6,W 1,Coors Events/Conference Center,
1985-86,19,11,Moe Iba,70.8,66.7,11.57,70.13,,,18,"Wed, Feb 5, 1986",REG,,Kansas State,Big 8,10.62,L,54,64,,11,7,L 1,Bob Devaney Sports Center,
1985-86,19,11,Moe Iba,70.8,66.7,11.57,73.73,,,19,"Sat, Feb 8, 1986",REG,@,Missouri,Big 8,12.58,W,75,66,,12,7,W 1,Hearnes Center,
1985-86,19,11,Moe Iba,70.8,66.7,11.57,77.33,,,20,"Wed, Feb 12, 1986",REG,@,Oklahoma State,Big 8,7.68,W,62,51,,13,7,W 2,Gallagher-Iba Arena,
1985-86,19,11,Moe Iba,70.8,66.7,11.57,80.93,,,21,"Sat, Feb 15, 1986",REG,@,Kansas (3),Big 8,23.18,L,61,79,,13,8,L 1,Allen Fieldhouse,
1985-86,19,11,Moe Iba,70.8,66.7,11.57,84.53,,,22,"Wed, Feb 19, 1986",REG,,Oklahoma (10),Big 8,17.9,W,66,64,,14,8,W 1,Bob Devaney Sports Center,
1985-86,19,11,Moe Iba,70.8,66.7,11.57,88.13,,,23,"Sat, Feb 22, 1986",REG,@,Iowa State,Big 8,14.46,L,73,81,,14,9,L 1,James H. Hilton Coliseum,
1985-86,19,11,Moe Iba,70.8,66.7,11.57,91.73,,,24,"Wed, Feb 26, 1986",REG,,Colorado,Big 8,-0.12,W,79,72,,15,9,W 1,Bob Devaney Sports Center,
1985-86,19,11,Moe Iba,70.8,66.7,11.57,95.33,,,25,"Sat, Mar 1, 1986",REG,@,Kansas State,Big 8,10.62,W,64,60,,16,9,W 2,Ahearn Field House,
1985-86,19,11,Moe Iba,70.8,66.7,11.57,98.93,,,26,"Thu, Mar 6, 1986",CTOURN,N,Oklahoma State,Big 8,7.68,W,82,75,,17,9,W 3,Kemper Arena,
1985-86,19,11,Moe Iba,70.8,66.7,11.57,102.53,,,27,"Fri, Mar 7, 1986",CTOURN,N,Iowa State,Big 8,14.46,L,58,75,,17,10,L 1,Kemper Arena,
1985-86,19,11,Moe Iba,70.8,66.7,11.57,106.13,,,28,"Fri, Mar 14, 1986",NCAA,N,Western Kentucky,Sun Belt,11.04,L,59,67,,17,11,L 2,Charlotte Coliseum (I),
1986-87,21,12,Danny Nee,74.9,74.4,2.92,4.79,,,1,"Fri, Nov 28, 1986",REG,@,UC Irvine,PCAA,3.65,L,101,109,,0,1,L 1,Crawford Hall,
1986-87,21,12,Danny Nee,74.9,74.4,2.92,4.79,,,2,"Mon, Dec 1, 1986",REG,,Oregon,Pac-10,4.59,W,76,69,,1,1,W 1,Bob Devaney Sports Center,
1986-87,21,12,Danny Nee,74.9,74.4,2.92,4.79,,,3,"Sat, Dec 6, 1986",REG,@,Creighton,MVC,-1.14,L,66,78,,1,2,L 1,Omaha Civic Auditorium,
1986-87,21,12,Danny Nee,74.9,74.4,2.92,4.79,,,4,"Wed, Dec 10, 1986",REG,@,Southern Illinois,MVC,-0.61,W,87,85,,2,2,W 1,SIU Arena,
1986-87,21,12,Danny Nee,74.9,74.4,2.92,4.79,,,5,"Sat, Dec 13, 1986",REG,,Texas A&M,SWC,5.35,L,64,66,,2,3,L 1,Bob Devaney Sports Center,
1986-87,21,12,Danny Nee,74.9,74.4,2.92,4.79,,,6,"Sat, Dec 20, 1986",REG,,Wyoming,WAC,7.9,W,62,61,,3,3,W 1,Bob Devaney Sports Center,
1986-87,21,12,Danny Nee,74.9,74.4,2.92,4.79,,,7,"Mon, Dec 22, 1986",REG,,Detroit Mercy,MW Coll,-9.75,W,71,55,,4,3,W 2,Bob Devaney Sports Center,
1986-87,21,12,Danny Nee,74.9,74.4,2.92,4.79,,,8,"Mon, Dec 29, 1986",REG,N,Butler,MW Coll,-3.19,W,67,56,,5,3,W 3,,
1986-87,21,12,Danny Nee,74.9,74.4,2.92,4.79,,,9,"Tue, Dec 30, 1986",REG,N,San Francisco,WCAC,-1.45,W,66,60,,6,3,W 4,,
1986-87,21,12,Danny Nee,74.9,74.4,2.92,4.79,,,10,"Sat, Jan 3, 1987",REG,,Creighton,MVC,-1.14,W,70,65,,7,3,W 5,Bob Devaney Sports Center,
1986-87,21,12,Danny Nee,74.9,74.4,2.92,4.79,,,11,"Wed, Jan 7, 1987",REG,,Brooklyn,Ind,-15.93,W,62,46,,8,3,W 6,Bob Devaney Sports Center,
1986-87,21,12,Danny Nee,74.9,74.4,2.92,4.79,,,12,"Sat, Jan 10, 1987",REG,@,Kansas State,Big 8,10.59,L,82,114,,8,4,L 1,Ahearn Field House,
1986-87,21,12,Danny Nee,74.9,74.4,2.92,4.79,,,13,"Sat, Jan 17, 1987",REG,,Colorado,Big 8,1.35,W,86,66,,9,4,W 1,Bob Devaney Sports Center,
1986-87,21,12,Danny Nee,74.9,74.4,2.92,4.79,,,14,"Tue, Jan 20, 1987",REG,@,Iowa State,Big 8,6.59,L,75,91,,9,5,L 1,James H. Hilton Coliseum,
1986-87,21,12,Danny Nee,74.9,74.4,2.92,4.79,,,15,"Sat, Jan 24, 1987",REG,@,Kansas,Big 8,13.33,L,65,86,,9,6,L 2,Allen Fieldhouse,
1986-87,21,12,Danny Nee,74.9,74.4,2.92,4.79,,,16,"Wed, Jan 28, 1987",REG,,Missouri,Big 8,11.31,L,71,87,,9,7,L 3,Bob Devaney Sports Center,
1986-87,21,12,Danny Nee,74.9,74.4,2.92,4.79,,,17,"Sun, Feb 1, 1987",REG,,Oklahoma State,Big 8,0.52,W,73,66,,10,7,W 1,Bob Devaney Sports Center,
1986-87,21,12,Danny Nee,74.9,74.4,2.92,4.79,,,18,"Wed, Feb 4, 1987",REG,,Oklahoma (8),Big 8,16.8,L,66,80,,10,8,L 1,Bob Devaney Sports Center,
1986-87,21,12,Danny Nee,74.9,74.4,2.92,4.79,,,19,"Sat, Feb 7, 1987",REG,@,Colorado,Big 8,1.35,W,68,65,,11,8,W 1,Coors Events/Conference Center,
1986-87,21,12,Danny Nee,74.9,74.4,2.92,4.79,,,20,"Wed, Feb 11, 1987",REG,,Iowa State,Big 8,6.59,W,66,65,,12,8,W 2,Bob Devaney Sports Center,
1986-87,21,12,Danny Nee,74.9,74.4,2.92,4.79,,,21,"Sat, Feb 14, 1987",REG,,Kansas State,Big 8,10.59,W,78,76,,13,8,W 3,Bob Devaney Sports Center,
1986-87,21,12,Danny Nee,74.9,74.4,2.92,4.79,,,22,"Wed, Feb 18, 1987",REG,@,Missouri,Big 8,11.31,L,64,80,,13,9,L 1,Hearnes Center,
1986-87,21,12,Danny Nee,74.9,74.4,2.92,4.79,,,23,"Sat, Feb 21, 1987",REG,@,Oklahoma (13),Big 8,16.8,L,97,133,,13,10,L 2,Lloyd Noble Center,
1986-87,21,12,Danny Nee,74.9,74.4,2.92,4.79,,,24,"Wed, Feb 25, 1987",REG,@,Oklahoma State,Big 8,0.52,W,79,77,,14,10,W 1,Gallagher-Iba Arena,
1986-87,21,12,Danny Nee,74.9,74.4,2.92,4.79,,,25,"Sat, Feb 28, 1987",REG,,Kansas (16),Big 8,13.33,W,83,81,,15,10,W 2,Bob Devaney Sports Center,
1986-87,21,12,Danny Nee,74.9,74.4,2.92,4.79,,,26,"Fri, Mar 6, 1987",CTOURN,N,Kansas State,Big 8,10.59,L,45,47,,15,11,L 1,Kemper Arena,
1986-87,21,12,Danny Nee,74.9,74.4,2.92,4.79,,,27,"Wed, Mar 11, 1987",NIT,,Marquette,Ind,6.09,W,78,76,,16,11,W 1,Bob Devaney Sports Center,
1986-87,21,12,Danny Nee,74.9,74.4,2.92,4.79,,,28,"Tue, Mar 17, 1987",NIT,,Arkansas,SWC,9.53,W,78,71,,17,11,W 2,Bob Devaney Sports Center,
1986-87,21,12,Danny Nee,74.9,74.4,2.92,4.79,,,29,"Sat, Mar 21, 1987",NIT,,Washington,Pac-10,8.13,W,81,76,,18,11,W 3,Bob Devaney Sports Center,
1986-87,21,12,Danny Nee,74.9,74.4,2.92,4.79,,,30,"Tue, Mar 24, 1987",NIT,N,Southern Mississippi,Metro,7.34,L,75,82,,18,12,L 1,Madison Square Garden (IV),
1986-87,21,12,Danny Nee,74.9,74.4,2.92,4.79,,,31,"Thu, Mar 26, 1987",NIT,N,Little Rock,TAAC,-2.41,W,76,67,,19,12,W 1,Madison Square Garden (IV),
1987-88,13,18,Danny Nee,71.2,75.1,1.49,6.83,,,1,"Fri, Nov 27, 1987",REG,N,Villanova,Big East,13.92,L,53,70,,0,1,L 1,Lahaina Civic Center,
1987-88,13,18,Danny Nee,71.2,75.1,1.49,6.83,,,2,"Sat, Nov 28, 1987",REG,N,Baylor,SWC,6.27,L,79,82,,0,2,L 2,Lahaina Civic Center,
1987-88,13,18,Danny Nee,71.2,75.1,1.49,6.83,,,3,"Wed, Dec 2, 1987",REG,,Texas A&M,SWC,-1.31,W,92,60,,1,2,W 1,Bob Devaney Sports Center,
1987-88,13,18,Danny Nee,71.2,75.1,1.49,6.83,,,4,"Fri, Dec 4, 1987",REG,,Lehigh,ECC,-1.59,W,71,66,,2,2,W 2,Bob Devaney Sports Center,
1987-88,13,18,Danny Nee,71.2,75.1,1.49,6.83,,,5,"Sat, Dec 5, 1987",REG,,Ohio State,Big Ten,8.95,L,63,72,,2,3,L 1,Bob Devaney Sports Center,
1987-88,13,18,Danny Nee,71.2,75.1,1.49,6.83,,,6,"Mon, Dec 7, 1987",REG,@,Detroit Mercy,MW Coll,-7.65,W,63,58,,3,3,W 1,Calihan Hall,
1987-88,13,18,Danny Nee,71.2,75.1,1.49,6.83,,,7,"Wed, Dec 9, 1987",REG,@,Creighton,MVC,-3.37,L,73,88,,3,4,L 1,Omaha Civic Auditorium,
1987-88,13,18,Danny Nee,71.2,75.1,1.49,6.83,,,8,"Sat, Dec 12, 1987",REG,@,Oregon,Pac-10,5.03,W,67,62,,4,4,W 1,McArthur Court,
1987-88,13,18,Danny Nee,71.2,75.1,1.49,6.83,,,9,"Sat, Dec 19, 1987",REG,@,Wyoming (6),WAC,14.67,L,58,87,,4,5,L 1,Arena-Auditorium,
1987-88,13,18,Danny Nee,71.2,75.1,1.49,6.83,,,10,"Mon, Dec 21, 1987",REG,,Brooklyn,Ind,-21.55,W,72,44,,5,5,W 1,Bob Devaney Sports Center,
1987-88,13,18,Danny Nee,71.2,75.1,1.49,6.83,,,11,"Wed, Dec 30, 1987",REG,@,Drake,MVC,2.21,L,68,85,,5,6,L 1,Veterans Memorial Auditorium,
1987-88,13,18,Danny Nee,71.2,75.1,1.49,6.83,,,12,"Sat, Jan 2, 1988",REG,,Columbia,Ivy,-16.33,W,77,62,,6,6,W 1,Bob Devaney Sports Center,
1987-88,13,18,Danny Nee,71.2,75.1,1.49,6.83,,,13,"Mon, Jan 4, 1988",REG,@,Furman,Southern,-4.54,W,75,74,,7,6,W 2,Memorial Auditorium,
1987-88,13,18,Danny Nee,71.2,75.1,1.49,6.83,,,14,"Wed, Jan 6, 1988",REG,,Grambling,SWAC,-7.3,L,68,71,,7,7,L 1,Bob Devaney Sports Center,
1987-88,13,18,Danny Nee,71.2,75.1,1.49,6.83,,,15,"Sat, Jan 16, 1988",REG,,Missouri,Big 8,17.8,W,70,68,,8,7,W 1,Bob Devaney Sports Center,
1987-88,13,18,Danny Nee,71.2,75.1,1.49,6.83,,,16,"Wed, Jan 20, 1988",REG,@,Iowa State (10),Big 8,12.68,L,76,114,,8,8,L 1,James H. Hilton Coliseum,
1987-88,13,18,Danny Nee,71.2,75.1,1.49,6.83,,,17,"Wed, Jan 27, 1988",REG,,Kansas,Big 8,15.71,W,70,68,,9,8,W 1,Bob Devaney Sports Center,
1987-88,13,18,Danny Nee,71.2,75.1,1.49,6.83,,,18,"Sat, Jan 30, 1988",REG,@,Colorado,Big 8,-0.63,W,63,57,,10,8,W 2,Coors Events/Conference Center,
1987-88,13,18,Danny Nee,71.2,75.1,1.49,6.83,,,19,"Thu, Feb 4, 1988",REG,,Oklahoma State,Big 8,6.61,L,56,72,,10,9,L 1,Bob Devaney Sports Center,
1987-88,13,18,Danny Nee,71.2,75.1,1.49,6.83,,,20,"Sat, Feb 6, 1988",REG,@,Kansas State,Big 8,15.79,L,63,65,,10,10,L 2,Ahearn Field House,
1987-88,13,18,Danny Nee,71.2,75.1,1.49,6.83,,,21,"Tue, Feb 9, 1988",REG,,Oklahoma (4),Big 8,29.48,L,77,92,,10,11,L 3,Bob Devaney Sports Center,
1987-88,13,18,Danny Nee,71.2,75.1,1.49,6.83,,,22,"Thu, Feb 11, 1988",REG,@,Missouri,Big 8,17.8,L,67,92,,10,12,L 4,Hearnes Center,
1987-88,13,18,Danny Nee,71.2,75.1,1.49,6.83,,,23,"Tue, Feb 16, 1988",REG,@,Kansas,Big 8,15.71,L,48,70,,10,13,L 5,Allen Fieldhouse,
1987-88,13,18,Danny Nee,71.2,75.1,1.49,6.83,,,24,"Sun, Feb 21, 1988",REG,,Colorado,Big 8,-0.63,W,75,67,,11,13,W 1,Bob Devaney Sports Center,
1987-88,13,18,Danny Nee,71.2,75.1,1.49,6.83,,,25,"Wed, Feb 24, 1988",REG,@,Oklahoma State,Big 8,6.61,L,73,90,,11,14,L 1,Gallagher-Iba Arena,
1987-88,13,18,Danny Nee,71.2,75.1,1.49,6.83,,,26,"Sat, Feb 27, 1988",REG,,Iowa State,Big 8,12.68,L,84,85,,11,15,L 2,Bob Devaney Sports Center,
1987-88,13,18,Danny Nee,71.2,75.1,1.49,6.83,,,27,"Wed, Mar 2, 1988",REG,,Kansas State,Big 8,15.79,L,67,77,,11,16,L 3,Bob Devaney Sports Center,
1987-88,13,18,Danny Nee,71.2,75.1,1.49,6.83,,,28,"Sat, Mar 5, 1988",REG,@,Oklahoma (4),Big 8,29.48,L,93,113,,11,17,L 4,Lloyd Noble Center,
1987-88,13,18,Danny Nee,71.2,75.1,1.49,6.83,,,29,"Fri, Mar 11, 1988",CTOURN,N,Kansas State,Big 8,15.79,L,70,75,,11,18,L 5,Kemper Arena,
1988-89,17,16,Danny Nee,76.8,78.1,6.02,7.71,,,1,"Sat, Nov 26, 1988",REG,,Creighton,MVC,3.45,W,86,77,,1,0,W 1,Bob Devaney Sports Center,
1988-89,17,16,Danny Nee,76.8,78.1,6.02,7.71,,,2,"Wed, Nov 30, 1988",REG,,Michigan State,Big Ten,11.83,L,75,77,,1,1,L 1,Bob Devaney Sports Center,
1988-89,17,16,Danny Nee,76.8,78.1,6.02,7.71,,,3,"Fri, Dec 2, 1988",REG,,North Texas,Southland,-6.15,W,90,84,,2,1,W 1,Bob Devaney Sports Center,
1988-89,17,16,Danny Nee,76.8,78.1,6.02,7.71,,,4,"Sat, Dec 3, 1988",REG,,San Jose State,Big West,-7.37,W,90,76,,3,1,W 2,Bob Devaney Sports Center,
1988-89,17,16,Danny Nee,76.8,78.1,6.02,7.71,,,5,"Mon, Dec 5, 1988",REG,@,Idaho,Big Sky,10.45,L,68,83,,3,2,L 1,Cowan Spectrum,
1988-89,17,16,Danny Nee,76.8,78.1,6.02,7.71,,,6,"Sun, Dec 11, 1988",REG,@,Texas Tech,SWC,4.68,W,71,69,,4,2,W 1,Lubbock Municipal Coliseum,
1988-89,17,16,Danny Nee,76.8,78.1,6.02,7.71,,,7,"Wed, Dec 14, 1988",REG,@,Ohio State (14),Big Ten,16.15,L,76,113,,4,3,L 1,St. John Arena,
1988-89,17,16,Danny Nee,76.8,78.1,6.02,7.71,,,8,"Sat, Dec 17, 1988",REG,,Furman,Southern,-4.78,W,69,56,,5,3,W 1,Bob Devaney Sports Center,
1988-89,17,16,Danny Nee,76.8,78.1,6.02,7.71,,,9,"Fri, Dec 23, 1988",REG,,Drake,MVC,0.15,W,65,57,,6,3,W 2,Bob Devaney Sports Center,
1988-89,17,16,Danny Nee,76.8,78.1,6.02,7.71,,,10,"Thu, Dec 29, 1988",REG,N,Morehead State,OVC,-9.39,W,81,77,,7,3,W 3,,
1988-89,17,16,Danny Nee,76.8,78.1,6.02,7.71,,,11,"Fri, Dec 30, 1988",REG,N,Louisiana State,SEC,8.14,L,87,90,,7,4,L 1,,
1988-89,17,16,Danny Nee,76.8,78.1,6.02,7.71,,,12,"Thu, Jan 5, 1989",REG,,Sam Houston,Southland,-5.77,W,89,70,,8,4,W 1,Bob Devaney Sports Center,
1988-89,17,16,Danny Nee,76.8,78.1,6.02,7.71,,,13,"Mon, Jan 9, 1989",REG,,Oklahoma (3),Big 8,23.95,L,81,89,,8,5,L 1,Bob Devaney Sports Center,
1988-89,17,16,Danny Nee,76.8,78.1,6.02,7.71,,,14,"Thu, Jan 12, 1989",REG,,Northern Illinois,Ind,-11.21,W,71,56,,9,5,W 1,Bob Devaney Sports Center,
1988-89,17,16,Danny Nee,76.8,78.1,6.02,7.71,,,15,"Sat, Jan 14, 1989",REG,@,Oklahoma State,Big 8,12.68,L,69,82,,9,6,L 1,Gallagher-Iba Arena,
1988-89,17,16,Danny Nee,76.8,78.1,6.02,7.71,,,16,"Tue, Jan 17, 1989",REG,,Maryland-Baltimore County,Ind,-12.16,W,86,65,,10,6,W 1,Bob Devaney Sports Center,
1988-89,17,16,Danny Nee,76.8,78.1,6.02,7.71,,,17,"Sat, Jan 21, 1989",REG,,Kansas State,Big 8,13.63,L,68,80,,10,7,L 1,Bob Devaney Sports Center,
1988-89,17,16,Danny Nee,76.8,78.1,6.02,7.71,,,18,"Mon, Jan 23, 1989",REG,,Wyoming,WAC,4.81,W,71,58,,11,7,W 1,Bob Devaney Sports Center,
1988-89,17,16,Danny Nee,76.8,78.1,6.02,7.71,,,19,"Sat, Jan 28, 1989",REG,,Missouri (5),Big 8,20.8,L,72,89,,11,8,L 1,Bob Devaney Sports Center,
1988-89,17,16,Danny Nee,76.8,78.1,6.02,7.71,,,20,"Tue, Jan 31, 1989",REG,@,Iowa State,Big 8,10.03,L,76,88,,11,9,L 2,James H. Hilton Coliseum,
1988-89,17,16,Danny Nee,76.8,78.1,6.02,7.71,,,21,"Sat, Feb 4, 1989",REG,,Kansas,Big 8,15.95,W,74,70,,12,9,W 1,Bob Devaney Sports Center,
1988-89,17,16,Danny Nee,76.8,78.1,6.02,7.71,,,22,"Wed, Feb 8, 1989",REG,@,Colorado,Big 8,2.96,L,80,83,,12,10,L 1,Coors Events/Conference Center,
1988-89,17,16,Danny Nee,76.8,78.1,6.02,7.71,,,23,"Sat, Feb 11, 1989",REG,@,Kansas State,Big 8,13.63,L,66,80,,12,11,L 2,Bramlage Coliseum,
1988-89,17,16,Danny Nee,76.8,78.1,6.02,7.71,,,24,"Tue, Feb 14, 1989",REG,,Oklahoma State,Big 8,12.68,W,79,77,,13,11,W 1,Bob Devaney Sports Center,
1988-89,17,16,Danny Nee,76.8,78.1,6.02,7.71,,,25,"Sun, Feb 19, 1989",REG,@,Missouri (3),Big 8,20.8,L,63,79,,13,12,L 1,Hearnes Center,
1988-89,17,16,Danny Nee,76.8,78.1,6.02,7.71,,,26,"Wed, Feb 22, 1989",REG,,Colorado,Big 8,2.96,W,97,59,,14,12,W 1,Bob Devaney Sports Center,
1988-89,17,16,Danny Nee,76.8,78.1,6.02,7.71,,,27,"Sat, Feb 25, 1989",REG,,Iowa State,Big 8,10.03,W,77,74,,15,12,W 2,Bob Devaney Sports Center,
1988-89,17,16,Danny Nee,76.8,78.1,6.02,7.71,,,28,"Wed, Mar 1, 1989",REG,@,Kansas,Big 8,15.95,L,71,80,,15,13,L 1,Allen Fieldhouse,
1989-90,10,18,Danny Nee,80.7,86.1,2.37,7.76,,,1,"Sat, Nov 25, 1989",REG,,Kansas City,Ind,-3.71,W,91,76,,1,0,W 1,Bob Devaney Sports Center,
1989-90,10,18,Danny Nee,80.7,86.1,2.37,7.76,,,2,"Mon, Nov 27, 1989",REG,@,Miami (OH),MAC,4.51,L,71,91,,1,1,L 1,Millett Hall,
1989-90,10,18,Danny Nee,80.7,86.1,2.37,7.76,,,3,"Wed, Nov 29, 1989",REG,@,Michigan State,Big Ten,16.62,L,69,80,,1,2,L 2,Breslin Student Events Center,
1989-90,10,18,Danny Nee,80.7,86.1,2.37,7.76,,,4,"Fri, Dec 1, 1989",REG,,Harvard,Ivy,-13.69,W,117,79,,2,2,W 1,Bob Devaney Sports Center,
1989-90,10,18,Danny Nee,80.7,86.1,2.37,7.76,,,5,"Sat, Dec 2, 1989",REG,,Pepperdine,WCC,2.32,W,104,100,,3,2,W 2,Bob Devaney Sports Center,
1989-90,10,18,Danny Nee,80.7,86.1,2.37,7.76,,,6,"Tue, Dec 5, 1989",REG,@,Northern Illinois,Ind,-1.89,L,56,65,,3,3,L 1,Chick Evans Fieldhouse,
1989-90,10,18,Danny Nee,80.7,86.1,2.37,7.76,,,7,"Sat, Dec 9, 1989",REG,,Texas Tech,SWC,-4.51,W,76,69,,4,3,W 1,Bob Devaney Sports Center,
1989-90,10,18,Danny Nee,80.7,86.1,2.37,7.76,,,8,"Mon, Dec 11, 1989",REG,,Idaho,Big Sky,6.79,L,72,79,,4,4,L 1,Bob Devaney Sports Center,
1989-90,10,18,Danny Nee,80.7,86.1,2.37,7.76,,,9,"Thu, Dec 14, 1989",REG,@,Creighton,MVC,4.99,L,83,86,,4,5,L 2,Omaha Civic Auditorium,
1989-90,10,18,Danny Nee,80.7,86.1,2.37,7.76,,,10,"Sat, Dec 30, 1989",REG,,Wagner,NEC,-11.33,W,88,67,,5,5,W 1,Bob Devaney Sports Center,
1989-90,10,18,Danny Nee,80.7,86.1,2.37,7.76,,,11,"Sat, Jan 6, 1990",REG,,Sam Houston,Southland,-10.69,W,99,91,,6,5,W 2,Bob Devaney Sports Center,
1989-90,10,18,Danny Nee,80.7,86.1,2.37,7.76,,,12,"Mon, Jan 8, 1990",REG,,Kansas (1),Big 8,25.46,L,93,98,,6,6,L 1,Bob Devaney Sports Center,
1989-90,10,18,Danny Nee,80.7,86.1,2.37,7.76,,,13,"Sat, Jan 13, 1990",REG,,Missouri (5),Big 8,15.85,L,95,111,,6,7,L 2,Bob Devaney Sports Center,
1989-90,10,18,Danny Nee,80.7,86.1,2.37,7.76,,,14,"Tue, Jan 16, 1990",REG,,Chicago State,Ind,-11.54,W,92,57,,7,7,W 1,Bob Devaney Sports Center,
1989-90,10,18,Danny Nee,80.7,86.1,2.37,7.76,,,15,"Sat, Jan 20, 1990",REG,@,Oklahoma State,Big 8,11.11,L,71,84,,7,8,L 1,Gallagher-Iba Arena,
1989-90,10,18,Danny Nee,80.7,86.1,2.37,7.76,,,16,"Mon, Jan 22, 1990",REG,@,Wyoming,WAC,6.2,L,65,95,,7,9,L 2,Arena-Auditorium,
1989-90,10,18,Danny Nee,80.7,86.1,2.37,7.76,,,17,"Sat, Jan 27, 1990",REG,,Iowa State,Big 8,6.16,L,83,91,,7,10,L 3,Bob Devaney Sports Center,
1989-90,10,18,Danny Nee,80.7,86.1,2.37,7.76,,,18,"Wed, Jan 31, 1990",REG,@,Oklahoma (9),Big 8,26.2,L,64,105,,7,11,L 4,Lloyd Noble Center,
1989-90,10,18,Danny Nee,80.7,86.1,2.37,7.76,,,19,"Sat, Feb 3, 1990",REG,,Kansas State,Big 8,12.56,W,74,71,,8,11,W 1,Bob Devaney Sports Center,
1989-90,10,18,Danny Nee,80.7,86.1,2.37,7.76,,,20,"Wed, Feb 7, 1990",REG,@,Colorado,Big 8,6.15,W,91,82,,9,11,W 2,Coors Events Center,
1989-90,10,18,Danny Nee,80.7,86.1,2.37,7.76,,,21,"Sat, Feb 10, 1990",REG,@,Missouri (1),Big 8,15.85,L,85,107,,9,12,L 1,Hearnes Center,
1989-90,10,18,Danny Nee,80.7,86.1,2.37,7.76,,,22,"Wed, Feb 14, 1990",REG,,Oklahoma State,Big 8,11.11,L,84,103,,9,13,L 2,Bob Devaney Sports Center,
1989-90,10,18,Danny Nee,80.7,86.1,2.37,7.76,,,23,"Sat, Feb 17, 1990",REG,@,Kansas (1),Big 8,25.46,L,67,94,,9,14,L 3,Allen Fieldhouse,
1989-90,10,18,Danny Nee,80.7,86.1,2.37,7.76,,,24,"Wed, Feb 21, 1990",REG,,Oklahoma (10),Big 8,26.2,L,66,88,,9,15,L 4,Bob Devaney Sports Center,
1989-90,10,18,Danny Nee,80.7,86.1,2.37,7.76,,,25,"Sat, Feb 24, 1990",REG,@,Iowa State,Big 8,6.16,L,85,101,,9,16,L 5,James H. Hilton Coliseum,
1989-90,10,18,Danny Nee,80.7,86.1,2.37,7.76,,,26,"Wed, Feb 28, 1990",REG,,Colorado,Big 8,6.15,W,96,82,,10,16,W 1,Bob Devaney Sports Center,
1989-90,10,18,Danny Nee,80.7,86.1,2.37,7.76,,,27,"Sat, Mar 3, 1990",REG,@,Kansas State,Big 8,12.56,L,57,80,,10,17,L 1,Bramlage Coliseum,
1989-90,10,18,Danny Nee,80.7,86.1,2.37,7.76,,,28,"Fri, Mar 9, 1990",CTOURN,N,Oklahoma (1),Big 8,26.2,L,65,78,,10,18,L 2,Kemper Arena,
1990-91,26,8,Danny Nee,87.6,78.6,18.46,9.49,,,1,"Fri, Nov 23, 1990",REG,N,Saint Louis,MW Coll,0.22,W,107,79,,1,0,W 1,,
1990-91,26,8,Danny Nee,87.6,78.6,18.46,9.49,,,2,"Sat, Nov 24, 1990",REG,N,Illinois,Big Ten,9.82,W,100,73,,2,0,W 2,,
1990-91,26,8,Danny Nee,87.6,78.6,18.46,9.49,,,3,"Sun, Nov 25, 1990",REG,N,Murray State,OVC,5.04,L,79,81,,2,1,L 1,,
1990-91,26,8,Danny Nee,87.6,78.6,18.46,9.49,,,4,"Wed, Nov 28, 1990",REG,,Michigan State (5),Big Ten,11.76,W,71,69,,3,1,W 1,Bob Devaney Sports Center,
1990-91,26,8,Danny Nee,87.6,78.6,18.46,9.49,,,5,"Mon, Dec 3, 1990",REG,@,Eastern Illinois,Mid-Cont,-2.79,W,94,64,,4,1,W 2,Lantz Arena,
1990-91,26,8,Danny Nee,87.6,78.6,18.46,9.49,,,6,"Thu, Dec 6, 1990",REG,,Creighton,MVC,10.76,W,97,63,,5,1,W 3,Bob Devaney Sports Center,
1990-91,26,8,Danny Nee,87.6,78.6,18.46,9.49,,,7,"Sat, Dec 8, 1990",REG,,Toledo,MAC,-3.19,W,105,68,,6,1,W 4,Bob Devaney Sports Center,
1990-91,26,8,Danny Nee,87.6,78.6,18.46,9.49,,,8,"Tue, Dec 11, 1990",REG,@,Wisconsin,Big Ten,9.13,W,75,63,,7,1,W 5,Wisconsin Field House,
1990-91,26,8,Danny Nee,87.6,78.6,18.46,9.49,,,9,"Fri, Dec 14, 1990",REG,,Tennessee Tech,OVC,-4.46,W,113,92,,8,1,W 6,Bob Devaney Sports Center,
1990-91,26,8,Danny Nee,87.6,78.6,18.46,9.49,,,10,"Sat, Dec 15, 1990",REG,,Bowling Green,MAC,6.14,W,99,85,,9,1,W 7,Bob Devaney Sports Center,
1990-91,26,8,Danny Nee,87.6,78.6,18.46,9.49,,,11,"Sat, Dec 22, 1990",REG,,Miami (OH),MAC,4.92,W,88,73,,10,1,W 8,Bob Devaney Sports Center,
1990-91,26,8,Danny Nee,87.6,78.6,18.46,9.49,,,12,"Fri, Dec 28, 1990",REG,,Idaho,Big Sky,-2.54,W,85,65,,11,1,W 9,Bob Devaney Sports Center,
1990-91,26,8,Danny Nee,87.6,78.6,18.46,9.49,,,13,"Sun, Dec 30, 1990",REG,@,The Citadel,Southern,-14.87,W,94,80,,12,1,W 10,McAlister Field House,
1990-91,26,8,Danny Nee,87.6,78.6,18.46,9.49,,,14,"Wed, Jan 2, 1991",REG,@,Green Bay,Mid-Cont,4.79,W,70,63,,13,1,W 11,Brown County Arena,
1990-91,26,8,Danny Nee,87.6,78.6,18.46,9.49,,,15,"Sat, Jan 5, 1991",REG,@,Kansas State,Big 8,12.29,W,74,69,,14,1,W 12,Bramlage Coliseum,
1990-91,26,8,Danny Nee,87.6,78.6,18.46,9.49,,,16,"Wed, Jan 9, 1991",REG,@,Kansas City,Ind,-6.98,W,97,78,,15,1,W 13,Municipal Auditorium,
1990-91,26,8,Danny Nee,87.6,78.6,18.46,9.49,,,17,"Sat, Jan 12, 1991",REG,,Iowa State,Big 8,7.64,W,97,87,,16,1,W 14,Bob Devaney Sports Center,
1990-91,26,8,Danny Nee,87.6,78.6,18.46,9.49,,,18,"Tue, Jan 22, 1991",REG,@,Colorado,Big 8,12.88,L,69,86,,16,2,L 1,Coors Events Center,
1990-91,26,8,Danny Nee,87.6,78.6,18.46,9.49,,,19,"Sat, Jan 26, 1991",REG,@,Oklahoma (13),Big 8,17.21,W,111,99,,17,2,W 1,Lloyd Noble Center,
1990-91,26,8,Danny Nee,87.6,78.6,18.46,9.49,,,20,"Wed, Jan 30, 1991",REG,,Missouri,Big 8,16.35,W,89,75,,18,2,W 2,Bob Devaney Sports Center,
1990-91,26,8,Danny Nee,87.6,78.6,18.46,9.49,,,21,"Sat, Feb 2, 1991",REG,,Oklahoma State,Big 8,21.17,L,68,81,,18,3,L 1,Bob Devaney Sports Center,
1990-91,26,8,Danny Nee,87.6,78.6,18.46,9.49,,,22,"Wed, Feb 6, 1991",REG,@,Kansas (18),Big 8,24.78,L,77,85,,18,4,L 2,Allen Fieldhouse,
1990-91,26,8,Danny Nee,87.6,78.6,18.46,9.49,,,23,"Sat, Feb 9, 1991",REG,,Colorado,Big 8,12.88,W,86,72,,19,4,W 1,Bob Devaney Sports Center,
1990-91,26,8,Danny Nee,87.6,78.6,18.46,9.49,,,24,"Wed, Feb 13, 1991",REG,@,Iowa State,Big 8,7.64,W,65,57,,20,4,W 2,James H. Hilton Coliseum,
1990-91,26,8,Danny Nee,87.6,78.6,18.46,9.49,,,25,"Sat, Feb 16, 1991",REG,,Oklahoma,Big 8,17.21,W,105,93,,21,4,W 3,Bob Devaney Sports Center,
1990-91,26,8,Danny Nee,87.6,78.6,18.46,9.49,,,26,"Mon, Feb 18, 1991",REG,,Northern Illinois,Mid-Cont,7.54,W,82,73,,22,4,W 4,Bob Devaney Sports Center,
1990-91,26,8,Danny Nee,87.6,78.6,18.46,9.49,,,27,"Wed, Feb 20, 1991",REG,@,Missouri,Big 8,16.35,L,71,91,,22,5,L 1,Hearnes Center,
1990-91,26,8,Danny Nee,87.6,78.6,18.46,9.49,,,28,"Sat, Feb 23, 1991",REG,,Kansas State,Big 8,12.29,W,85,78,,23,5,W 1,Bob Devaney Sports Center,
1990-91,26,8,Danny Nee,87.6,78.6,18.46,9.49,,,29,"Wed, Feb 27, 1991",REG,@,Oklahoma State (12),Big 8,21.17,L,69,80,,23,6,L 1,Gallagher-Iba Arena,
1990-91,26,8,Danny Nee,87.6,78.6,18.46,9.49,,,30,"Sun, Mar 3, 1991",REG,,Kansas (10),Big 8,24.78,W,85,75,,24,6,W 1,Bob Devaney Sports Center,
1990-91,26,8,Danny Nee,87.6,78.6,18.46,9.49,,,31,"Fri, Mar 8, 1991",CTOURN,N,Oklahoma,Big 8,17.21,W,117,113,OT,25,6,W 2,Kemper Arena,
1990-91,26,8,Danny Nee,87.6,78.6,18.46,9.49,,,32,"Sat, Mar 9, 1991",CTOURN,N,Kansas (12),Big 8,24.78,W,87,83,,26,6,W 3,Kemper Arena,
1990-91,26,8,Danny Nee,87.6,78.6,18.46,9.49,,,33,"Sun, Mar 10, 1991",CTOURN,N,Missouri,Big 8,16.35,L,82,90,,26,7,L 1,Kemper Arena,
1990-91,26,8,Danny Nee,87.6,78.6,18.46,9.49,,,34,"Thu, Mar 14, 1991",NCAA,N,Xavier,MW Coll,4.51,L,84,89,,26,8,L 2,Hubert H. Humphrey Metrodome,
1991-92,19,10,Danny Nee,80.5,76.4,12.6,8.5,,,1,"Sat, Nov 23, 1991",REG,,Sam Houston,Southland,-23.49,W,91,42,,1,0,W 1,Bob Devaney Sports Center,
1991-92,19,10,Danny Nee,80.5,76.4,12.6,8.5,,,2,"Mon, Nov 25, 1991",REG,,Southern California,Pac-10,12.93,W,93,84,,2,0,W 2,Bob Devaney Sports Center,
1991-92,19,10,Danny Nee,80.5,76.4,12.6,8.5,,,3,"Sat, Nov 30, 1991",REG,@,Southern Utah,Ind,2.74,W,106,101,,3,0,W 3,Centrum Arena,
1991-92,19,10,Danny Nee,80.5,76.4,12.6,8.5,,,4,"Mon, Dec 2, 1991",REG,,The Citadel,Southern,-13.71,W,84,61,,4,0,W 4,Bob Devaney Sports Center,
1991-92,19,10,Danny Nee,80.5,76.4,12.6,8.5,,,5,"Wed, Dec 4, 1991",REG,@,Michigan State (22),Big Ten,17.72,L,78,101,,4,1,L 1,Breslin Student Events Center,
1991-92,19,10,Danny Nee,80.5,76.4,12.6,8.5,,,6,"Sat, Dec 7, 1991",REG,@,Creighton,MVC,-5.25,W,90,85,,5,1,W 1,Omaha Civic Auditorium,
1991-92,19,10,Danny Nee,80.5,76.4,12.6,8.5,,,7,"Wed, Dec 11, 1991",REG,,Wisconsin,Big Ten,8.44,W,86,67,,6,1,W 2,Bob Devaney Sports Center,
1991-92,19,10,Danny Nee,80.5,76.4,12.6,8.5,,,8,"Fri, Dec 20, 1991",REG,,Texas A&M,SWC,-6.39,W,91,68,,7,1,W 3,Bob Devaney Sports Center,
1991-92,19,10,Danny Nee,80.5,76.4,12.6,8.5,,,9,"Sat, Dec 21, 1991",REG,,Eastern Washington,Big Sky,-10.54,W,102,67,,8,1,W 4,Bob Devaney Sports Center,
1991-92,19,10,Danny Nee,80.5,76.4,12.6,8.5,,,10,"Mon, Dec 30, 1991",REG,,Green Bay,Mid-Cont,9.06,W,76,68,,9,1,W 5,Bob Devaney Sports Center,
1991-92,19,10,Danny Nee,80.5,76.4,12.6,8.5,,,11,"Thu, Jan 2, 1992",REG,@,Toledo,MAC,-7.34,W,57,52,,10,1,W 6,John F. Savage Hall,
1991-92,19,10,Danny Nee,80.5,76.4,12.6,8.5,,,12,"Sat, Jan 4, 1992",REG,,Eastern Illinois,Mid-Cont,-2.36,W,81,68,,11,1,W 7,Bob Devaney Sports Center,
1991-92,19,10,Danny Nee,80.5,76.4,12.6,8.5,,,13,"Sat, Jan 11, 1992",REG,@,Colorado,Big 8,8.69,W,84,74,,12,1,W 8,Coors Events Center,
1991-92,19,10,Danny Nee,80.5,76.4,12.6,8.5,,,14,"Sat, Jan 18, 1992",REG,,Missouri (13),Big 8,18,L,73,83,,12,2,L 1,Bob Devaney Sports Center,
1991-92,19,10,Danny Nee,80.5,76.4,12.6,8.5,,,15,"Mon, Jan 20, 1992",REG,,Kansas City,Ind,3.08,W,74,71,,13,2,W 1,Bob Devaney Sports Center,
1991-92,19,10,Danny Nee,80.5,76.4,12.6,8.5,,,16,"Sat, Jan 25, 1992",REG,@,Kansas (5),Big 8,25.25,L,78,103,,13,3,L 1,Allen Fieldhouse,
1991-92,19,10,Danny Nee,80.5,76.4,12.6,8.5,,,17,"Mon, Jan 27, 1992",REG,,Oklahoma (18),Big 8,19.02,L,76,79,,13,4,L 2,Bob Devaney Sports Center,
1991-92,19,10,Danny Nee,80.5,76.4,12.6,8.5,,,18,"Sat, Feb 1, 1992",REG,,Iowa State,Big 8,13.67,W,68,63,,14,4,W 1,Bob Devaney Sports Center,
1991-92,19,10,Danny Nee,80.5,76.4,12.6,8.5,,,19,"Wed, Feb 5, 1992",REG,,Oklahoma State (2),Big 8,21.53,W,85,69,,15,4,W 2,Bob Devaney Sports Center,
1991-92,19,10,Danny Nee,80.5,76.4,12.6,8.5,,,20,"Sat, Feb 8, 1992",REG,@,Kansas State,Big 8,7.61,L,66,70,,15,5,L 1,Bramlage Coliseum,
1991-92,19,10,Danny Nee,80.5,76.4,12.6,8.5,,,21,"Mon, Feb 17, 1992",REG,@,Missouri (9),Big 8,18,L,61,87,,15,6,L 2,Hearnes Center,
1991-92,19,10,Danny Nee,80.5,76.4,12.6,8.5,,,22,"Wed, Feb 19, 1992",REG,,Kansas (3),Big 8,25.25,W,81,79,,16,6,W 1,Bob Devaney Sports Center,
1991-92,19,10,Danny Nee,80.5,76.4,12.6,8.5,,,23,"Sat, Feb 22, 1992",REG,@,Iowa State (23),Big 8,13.67,W,80,70,,17,6,W 2,James H. Hilton Coliseum,
1991-92,19,10,Danny Nee,80.5,76.4,12.6,8.5,,,24,"Tue, Feb 25, 1992",REG,@,Oklahoma State (14),Big 8,21.53,L,51,72,,17,7,L 1,Gallagher-Iba Arena,
1991-92,19,10,Danny Nee,80.5,76.4,12.6,8.5,,,25,"Sat, Feb 29, 1992",REG,,Colorado,Big 8,8.69,W,84,70,,18,7,W 1,Bob Devaney Sports Center,
1991-92,19,10,Danny Nee,80.5,76.4,12.6,8.5,,,26,"Wed, Mar 4, 1992",REG,,Kansas State,Big 8,7.61,W,91,62,,19,7,W 2,Bob Devaney Sports Center,
1991-92,19,10,Danny Nee,80.5,76.4,12.6,8.5,,,27,"Sat, Mar 7, 1992",REG,@,Oklahoma,Big 8,19.02,L,97,106,,19,8,L 1,Lloyd Noble Center,
1991-92,19,10,Danny Nee,80.5,76.4,12.6,8.5,,,28,"Fri, Mar 13, 1992",CTOURN,N,Oklahoma (24),Big 8,19.02,L,85,107,,19,9,L 2,Kemper Arena,
1991-92,19,10,Danny Nee,80.5,76.4,12.6,8.5,,,29,"Thu, Mar 19, 1992",NCAA,N,Connecticut,Big East,15.03,L,65,86,,19,10,L 3,Riverfront Coliseum,
1992-93,20,11,Danny Nee,80.5,75.7,10.57,5.7,,,1,"Fri, Dec 4, 1992",REG,,Colgate,Patriot,-5.96,W,108,76,,1,0,W 1,Bob Devaney Sports Center,
1992-93,20,11,Danny Nee,80.5,75.7,10.57,5.7,,,2,"Sat, Dec 5, 1992",REG,,Kent State,MAC,-5.26,W,85,61,,2,0,W 2,Bob Devaney Sports Center,
1992-93,20,11,Danny Nee,80.5,75.7,10.57,5.7,,,3,"Mon, Dec 7, 1992",REG,,The Citadel,Southern,-12.16,W,86,46,,3,0,W 3,Bob Devaney Sports Center,
1992-93,20,11,Danny Nee,80.5,75.7,10.57,5.7,,,4,"Thu, Dec 10, 1992",REG,,Creighton,MVC,-3.03,W,100,83,,4,0,W 4,Bob Devaney Sports Center,
1992-93,20,11,Danny Nee,80.5,75.7,10.57,5.7,,,5,"Sat, Dec 12, 1992",REG,@,Wichita State,MVC,-1.39,W,71,64,,5,0,W 5,Levitt Arena,
1992-93,20,11,Danny Nee,80.5,75.7,10.57,5.7,,,6,"Sat, Dec 19, 1992",REG,,Appalachian State,Southern,-6.09,W,93,83,,6,0,W 6,Bob Devaney Sports Center,
1992-93,20,11,Danny Nee,80.5,75.7,10.57,5.7,,,7,"Mon, Dec 21, 1992",REG,,UT Arlington,Southland,-6.79,W,116,95,,7,0,W 7,Bob Devaney Sports Center,
1992-93,20,11,Danny Nee,80.5,75.7,10.57,5.7,,,8,"Wed, Dec 23, 1992",REG,@,Southern California,Pac-10,8.5,L,64,74,,7,1,L 1,L.A. Sports Arena,
1992-93,20,11,Danny Nee,80.5,75.7,10.57,5.7,,,9,"Sun, Dec 27, 1992",REG,N,Michigan (6),Big Ten,22.01,L,73,88,,7,2,L 2,,
1992-93,20,11,Danny Nee,80.5,75.7,10.57,5.7,,,10,"Mon, Dec 28, 1992",REG,N,Louisiana,Sun Belt,4.58,L,80,109,,7,3,L 3,,
1992-93,20,11,Danny Nee,80.5,75.7,10.57,5.7,,,11,"Tue, Dec 29, 1992",REG,N,Fordham,Patriot,-7.93,W,79,55,,8,3,W 1,,
1992-93,20,11,Danny Nee,80.5,75.7,10.57,5.7,,,12,"Sat, Jan 2, 1993",REG,,Eastern Illinois,Mid-Cont,-11.12,W,70,54,,9,3,W 2,Bob Devaney Sports Center,
1992-93,20,11,Danny Nee,80.5,75.7,10.57,5.7,,,13,"Tue, Jan 5, 1993",REG,,Southern Utah,Ind,-4.6,W,100,85,,10,3,W 3,Bob Devaney Sports Center,
1992-93,20,11,Danny Nee,80.5,75.7,10.57,5.7,,,14,"Sat, Jan 9, 1993",REG,@,Kansas City,Ind,-1.41,W,66,65,,11,3,W 4,Municipal Auditorium,
1992-93,20,11,Danny Nee,80.5,75.7,10.57,5.7,,,15,"Thu, Jan 14, 1993",REG,@,Oklahoma (10),Big 8,17.87,L,89,102,,11,4,L 1,Lloyd Noble Center,
1992-93,20,11,Danny Nee,80.5,75.7,10.57,5.7,,,16,"Sat, Jan 16, 1993",REG,@,Oklahoma State,Big 8,14.62,L,73,78,,11,5,L 2,Gallagher-Iba Arena,
1992-93,20,11,Danny Nee,80.5,75.7,10.57,5.7,,,17,"Wed, Jan 20, 1993",REG,,Sacramento State,Ind,-17.02,W,86,70,,12,5,W 1,Bob Devaney Sports Center,
1992-93,20,11,Danny Nee,80.5,75.7,10.57,5.7,,,18,"Sat, Jan 23, 1993",REG,,Kansas State,Big 8,9.85,L,64,66,,12,6,L 1,Bob Devaney Sports Center,
1992-93,20,11,Danny Nee,80.5,75.7,10.57,5.7,,,19,"Mon, Jan 25, 1993",REG,@,Colorado,Big 8,6.48,W,82,67,,13,6,W 1,Coors Events Center,
1992-93,20,11,Danny Nee,80.5,75.7,10.57,5.7,,,20,"Sat, Jan 30, 1993",REG,,Missouri,Big 8,13.38,W,88,87,,14,6,W 2,Bob Devaney Sports Center,
1992-93,20,11,Danny Nee,80.5,75.7,10.57,5.7,,,21,"Wed, Feb 3, 1993",REG,@,Iowa State,Big 8,18.65,L,69,96,,14,7,L 1,James H. Hilton Coliseum,
1992-93,20,11,Danny Nee,80.5,75.7,10.57,5.7,,,22,"Sun, Feb 7, 1993",REG,,Kansas (3),Big 8,22.3,W,68,64,,15,7,W 1,Bob Devaney Sports Center,
1992-93,20,11,Danny Nee,80.5,75.7,10.57,5.7,,,23,"Sat, Feb 13, 1993",REG,@,Kansas State (23),Big 8,9.85,W,80,59,,16,7,W 2,Bramlage Coliseum,
1992-93,20,11,Danny Nee,80.5,75.7,10.57,5.7,,,24,"Mon, Feb 15, 1993",REG,,Oklahoma State,Big 8,14.62,L,63,73,,16,8,L 1,Bob Devaney Sports Center,
1992-93,20,11,Danny Nee,80.5,75.7,10.57,5.7,,,25,"Sun, Feb 21, 1993",REG,@,Missouri,Big 8,13.38,W,76,75,,17,8,W 1,Hearnes Center,
1992-93,20,11,Danny Nee,80.5,75.7,10.57,5.7,,,26,"Wed, Feb 24, 1993",REG,,Colorado,Big 8,6.48,W,76,67,,18,8,W 2,Bob Devaney Sports Center,
1992-93,20,11,Danny Nee,80.5,75.7,10.57,5.7,,,27,"Sat, Feb 27, 1993",REG,,Iowa State,Big 8,18.65,W,91,87,,19,8,W 3,Bob Devaney Sports Center,
1992-93,20,11,Danny Nee,80.5,75.7,10.57,5.7,,,28,"Wed, Mar 3, 1993",REG,@,Kansas (8),Big 8,22.3,L,83,94,,19,9,L 1,Allen Fieldhouse,
1992-93,20,11,Danny Nee,80.5,75.7,10.57,5.7,,,29,"Sun, Mar 7, 1993",REG,,Oklahoma,Big 8,17.87,W,94,83,,20,9,W 1,Bob Devaney Sports Center,
1992-93,20,11,Danny Nee,80.5,75.7,10.57,5.7,,,30,"Fri, Mar 12, 1993",CTOURN,N,Kansas State,Big 8,9.85,L,45,47,,20,10,L 1,Kemper Arena,
1992-93,20,11,Danny Nee,80.5,75.7,10.57,5.7,,,31,"Fri, Mar 19, 1993",NCAA,N,New Mexico State (24),Big West,8.08,L,79,93,,20,11,L 2,Carrier Dome,
1993-94,20,10,Danny Nee,87.3,80.6,13.56,6.86,,,1,"Sat, Nov 27, 1993",REG,@,UTSA,Southland,-9.09,W,96,85,,1,0,W 1,Convocation Center,
1993-94,20,10,Danny Nee,87.3,80.6,13.56,6.86,,,2,"Sun, Nov 28, 1993",REG,,Texas,SWC,15.11,L,75,78,,1,1,L 1,Bob Devaney Sports Center,
1993-94,20,10,Danny Nee,87.3,80.6,13.56,6.86,,,3,"Wed, Dec 1, 1993",REG,@,Appalachian State,Southern,-2.42,L,82,91,,1,2,L 2,Varsity Gym,
1993-94,20,10,Danny Nee,87.3,80.6,13.56,6.86,,,4,"Fri, Dec 3, 1993",REG,,Ohio,MAC,11.5,W,94,68,,2,2,W 1,Bob Devaney Sports Center,
1993-94,20,10,Danny Nee,87.3,80.6,13.56,6.86,,,5,"Sat, Dec 4, 1993",REG,,Portland,WCC,-0.88,W,111,85,,3,2,W 2,Bob Devaney Sports Center,
1993-94,20,10,Danny Nee,87.3,80.6,13.56,6.86,,,6,"Thu, Dec 9, 1993",REG,@,Creighton,MVC,-9.79,W,67,53,,4,2,W 3,Omaha Civic Auditorium,
1993-94,20,10,Danny Nee,87.3,80.6,13.56,6.86,,,7,"Sat, Dec 11, 1993",REG,,Wichita State,MVC,-8.13,W,94,72,,5,2,W 4,Bob Devaney Sports Center,
1993-94,20,10,Danny Nee,87.3,80.6,13.56,6.86,,,8,"Sat, Dec 18, 1993",REG,@,Michigan State,Big Ten,15.77,W,85,81,,6,2,W 5,Breslin Student Events Center,
1993-94,20,10,Danny Nee,87.3,80.6,13.56,6.86,,,9,"Mon, Dec 20, 1993",REG,,Florida A&M,MEAC,-21.83,W,86,61,,7,2,W 6,Bob Devaney Sports Center,
1993-94,20,10,Danny Nee,87.3,80.6,13.56,6.86,,,10,"Fri, Dec 31, 1993",REG,,Northern Iowa,MVC,3.03,W,70,63,,8,2,W 7,Bob Devaney Sports Center,
1993-94,20,10,Danny Nee,87.3,80.6,13.56,6.86,,,11,"Mon, Jan 3, 1994",REG,@,Iowa State,Big 8,13.99,W,78,72,,9,2,W 8,James H. Hilton Coliseum,
1993-94,20,10,Danny Nee,87.3,80.6,13.56,6.86,,,12,"Wed, Jan 5, 1994",REG,,Southern Utah,Ind,-3.43,W,89,85,,10,2,W 9,Bob Devaney Sports Center,
1993-94,20,10,Danny Nee,87.3,80.6,13.56,6.86,,,13,"Sat, Jan 8, 1994",REG,,Colorado,Big 8,0.06,W,106,67,,11,2,W 10,Bob Devaney Sports Center,
1993-94,20,10,Danny Nee,87.3,80.6,13.56,6.86,,,14,"Sat, Jan 15, 1994",REG,,Kansas City,Ind,-5.51,W,92,71,,12,2,W 11,Bob Devaney Sports Center,
1993-94,20,10,Danny Nee,87.3,80.6,13.56,6.86,,,15,"Wed, Jan 19, 1994",REG,@,Colorado,Big 8,0.06,L,81,86,,12,3,L 1,Coors Events Center,
1993-94,20,10,Danny Nee,87.3,80.6,13.56,6.86,,,16,"Mon, Jan 24, 1994",REG,,Missouri (24),Big 8,15.68,L,73,89,,12,4,L 2,Bob Devaney Sports Center,
1993-94,20,10,Danny Nee,87.3,80.6,13.56,6.86,,,17,"Sat, Jan 29, 1994",REG,,Oklahoma,Big 8,9.62,L,76,79,,12,5,L 3,Bob Devaney Sports Center,
1993-94,20,10,Danny Nee,87.3,80.6,13.56,6.86,,,18,"Sun, Feb 6, 1994",REG,@,Kansas (3),Big 8,20.7,L,87,94,,12,6,L 4,Allen Fieldhouse,
1993-94,20,10,Danny Nee,87.3,80.6,13.56,6.86,,,19,"Wed, Feb 9, 1994",REG,@,Kansas State,Big 8,8.57,W,76,68,,13,6,W 1,Bramlage Coliseum,
1993-94,20,10,Danny Nee,87.3,80.6,13.56,6.86,,,20,"Sat, Feb 12, 1994",REG,,Iowa State,Big 8,13.99,W,102,96,,14,6,W 2,Bob Devaney Sports Center,
1993-94,20,10,Danny Nee,87.3,80.6,13.56,6.86,,,21,"Mon, Feb 14, 1994",REG,@,Oklahoma,Big 8,9.62,L,111,115,OT,14,7,L 1,Lloyd Noble Center,
1993-94,20,10,Danny Nee,87.3,80.6,13.56,6.86,,,22,"Sat, Feb 19, 1994",REG,@,Oklahoma State,Big 8,17.65,L,80,98,,14,8,L 2,Gallagher-Iba Arena,
1993-94,20,10,Danny Nee,87.3,80.6,13.56,6.86,,,23,"Wed, Feb 23, 1994",REG,,Kansas (10),Big 8,20.7,W,96,87,,15,8,W 1,Bob Devaney Sports Center,
1993-94,20,10,Danny Nee,87.3,80.6,13.56,6.86,,,24,"Sat, Feb 26, 1994",REG,,Kansas State,Big 8,8.57,W,86,77,,16,8,W 2,Bob Devaney Sports Center,
1993-94,20,10,Danny Nee,87.3,80.6,13.56,6.86,,,25,"Wed, Mar 2, 1994",REG,,Oklahoma State (21),Big 8,17.65,W,89,81,,17,8,W 3,Bob Devaney Sports Center,
1993-94,20,10,Danny Nee,87.3,80.6,13.56,6.86,,,26,"Sat, Mar 5, 1994",REG,@,Missouri (6),Big 8,15.68,L,78,80,,17,9,L 1,Hearnes Center,
1993-94,20,10,Danny Nee,87.3,80.6,13.56,6.86,,,27,"Fri, Mar 11, 1994",CTOURN,N,Oklahoma,Big 8,9.62,W,105,88,,18,9,W 1,Kemper Arena,
1993-94,20,10,Danny Nee,87.3,80.6,13.56,6.86,,,28,"Sat, Mar 12, 1994",CTOURN,N,Missouri (3),Big 8,15.68,W,98,91,,19,9,W 2,Kemper Arena,
1993-94,20,10,Danny Nee,87.3,80.6,13.56,6.86,,,29,"Sun, Mar 13, 1994",CTOURN,N,Oklahoma State (23),Big 8,17.65,W,77,68,,20,9,W 3,Kemper Arena,
1993-94,20,10,Danny Nee,87.3,80.6,13.56,6.86,,,30,"Thu, Mar 17, 1994",NCAA,N,Pennsylvania,Ivy,5.93,L,80,90,,20,10,L 1,Nassau Coliseum,
1994-95,18,14,Danny Nee,78.4,74,11.26,6.79,,,1,"Fri, Nov 25, 1994",REG,N,Louisiana-Monroe,Southland,-5.69,W,99,77,,1,0,W 1,Caguas Municipal Complex,
1994-95,18,14,Danny Nee,78.4,74,11.26,6.79,,,2,"Sat, Nov 26, 1994",REG,N,Virginia Tech,Metro,13.59,L,81,87,,1,1,L 1,Caguas Municipal Complex,
1994-95,18,14,Danny Nee,78.4,74,11.26,6.79,,,3,"Sun, Nov 27, 1994",REG,N,College of Charleston,TAAC,2.99,W,74,72,,2,1,W 1,Caguas Municipal Complex,
1994-95,18,14,Danny Nee,78.4,74,11.26,6.79,,,4,"Fri, Dec 2, 1994",REG,,Morehead State,OVC,-5.7,W,96,55,,3,1,W 2,Bob Devaney Sports Center,
1994-95,18,14,Danny Nee,78.4,74,11.26,6.79,,,5,"Sat, Dec 3, 1994",REG,,Idaho State,Big Sky,4.31,W,98,72,,4,1,W 3,Bob Devaney Sports Center,
1994-95,18,14,Danny Nee,78.4,74,11.26,6.79,,,6,"Wed, Dec 7, 1994",REG,,Creighton,MVC,-6.82,W,85,57,,5,1,W 4,Bob Devaney Sports Center,
1994-95,18,14,Danny Nee,78.4,74,11.26,6.79,,,7,"Sat, Dec 10, 1994",REG,,Michigan State (15),Big Ten,17.49,W,96,91,OT,6,1,W 5,Bob Devaney Sports Center,
1994-95,18,14,Danny Nee,78.4,74,11.26,6.79,,,8,"Sat, Dec 17, 1994",REG,,Western Illinois,Mid-Cont,-4.34,W,69,62,,7,1,W 6,Bob Devaney Sports Center,
1994-95,18,14,Danny Nee,78.4,74,11.26,6.79,,,9,"Wed, Dec 21, 1994",REG,,Northeastern Illinois,Mid-Cont,-19.77,W,101,60,,8,1,W 7,Bob Devaney Sports Center,
1994-95,18,14,Danny Nee,78.4,74,11.26,6.79,,,10,"Thu, Dec 22, 1994",REG,@,Northern Iowa,MVC,-5.81,W,95,88,,9,1,W 8,U.S. Cellular Center,
1994-95,18,14,Danny Nee,78.4,74,11.26,6.79,,,11,"Thu, Dec 29, 1994",REG,,Delaware State,MEAC,-20.25,W,94,52,,10,1,W 9,Bob Devaney Sports Center,
1994-95,18,14,Danny Nee,78.4,74,11.26,6.79,,,12,"Sat, Dec 31, 1994",REG,,Appalachian State,Southern,-10.72,W,108,71,,11,1,W 10,Bob Devaney Sports Center,
1994-95,18,14,Danny Nee,78.4,74,11.26,6.79,,,13,"Wed, Jan 4, 1995",REG,@,Texas,SWC,15.72,L,74,102,,11,2,L 1,Frank Erwin Center,
1994-95,18,14,Danny Nee,78.4,74,11.26,6.79,,,14,"Sat, Jan 7, 1995",REG,,Missouri,Big 8,11.94,L,74,82,,11,3,L 2,Bob Devaney Sports Center,
1994-95,18,14,Danny Nee,78.4,74,11.26,6.79,,,15,"Mon, Jan 9, 1995",REG,@,Long Beach State,Big West,5.29,W,82,71,,12,3,W 1,The Long Beach Pyramid,
1994-95,18,14,Danny Nee,78.4,74,11.26,6.79,,,16,"Thu, Jan 12, 1995",REG,,Kansas State,Big 8,4.13,W,78,56,,13,3,W 2,Bob Devaney Sports Center,
1994-95,18,14,Danny Nee,78.4,74,11.26,6.79,,,17,"Wed, Jan 18, 1995",REG,@,Kansas City,Mid-Cont,-11.09,W,63,60,,14,3,W 3,Municipal Auditorium,
1994-95,18,14,Danny Nee,78.4,74,11.26,6.79,,,18,"Mon, Jan 23, 1995",REG,@,Kansas (7),Big 8,22.15,L,67,84,,14,4,L 1,Allen Fieldhouse,
1994-95,18,14,Danny Nee,78.4,74,11.26,6.79,,,19,"Sat, Jan 28, 1995",REG,@,Oklahoma (25),Big 8,15.22,L,72,82,,14,5,L 2,Lloyd Noble Center,
1994-95,18,14,Danny Nee,78.4,74,11.26,6.79,,,20,"Wed, Feb 1, 1995",REG,,Oklahoma State,Big 8,21.72,L,65,82,,14,6,L 3,Bob Devaney Sports Center,
1994-95,18,14,Danny Nee,78.4,74,11.26,6.79,,,21,"Sun, Feb 5, 1995",REG,,Oklahoma (24),Big 8,15.22,W,71,59,,15,6,W 1,Bob Devaney Sports Center,
1994-95,18,14,Danny Nee,78.4,74,11.26,6.79,,,22,"Wed, Feb 8, 1995",REG,@,Colorado,Big 8,8.4,W,100,86,,16,6,W 2,Coors Events Center,
1994-95,18,14,Danny Nee,78.4,74,11.26,6.79,,,23,"Sat, Feb 11, 1995",REG,@,Iowa State (19),Big 8,16.57,L,69,72,OT,16,7,L 1,James H. Hilton Coliseum,
1994-95,18,14,Danny Nee,78.4,74,11.26,6.79,,,24,"Tue, Feb 14, 1995",REG,,Kansas (3),Big 8,22.15,L,68,91,,16,8,L 2,Bob Devaney Sports Center,
1994-95,18,14,Danny Nee,78.4,74,11.26,6.79,,,25,"Sat, Feb 18, 1995",REG,@,Oklahoma State (22),Big 8,21.72,L,53,93,,16,9,L 3,Gallagher-Iba Arena,
1994-95,18,14,Danny Nee,78.4,74,11.26,6.79,,,26,"Wed, Feb 22, 1995",REG,@,Missouri (14),Big 8,11.94,W,78,75,,17,9,W 1,Hearnes Center,
1994-95,18,14,Danny Nee,78.4,74,11.26,6.79,,,27,"Sat, Feb 25, 1995",REG,,Colorado,Big 8,8.4,L,74,80,,17,10,L 1,Bob Devaney Sports Center,
1994-95,18,14,Danny Nee,78.4,74,11.26,6.79,,,28,"Wed, Mar 1, 1995",REG,@,Kansas State,Big 8,4.13,L,73,75,,17,11,L 2,Bramlage Coliseum,
1994-95,18,14,Danny Nee,78.4,74,11.26,6.79,,,29,"Sun, Mar 5, 1995",REG,,Iowa State (24),Big 8,16.57,L,77,79,,17,12,L 3,Bob Devaney Sports Center,
1994-95,18,14,Danny Nee,78.4,74,11.26,6.79,,,30,"Fri, Mar 10, 1995",CTOURN,N,Oklahoma State (19),Big 8,21.72,L,48,68,,17,13,L 4,Kemper Arena,
1994-95,18,14,Danny Nee,78.4,74,11.26,6.79,,,31,"Thu, Mar 16, 1995",NIT,,Georgia,SEC,14.29,W,69,61,,18,13,W 1,Bob Devaney Sports Center,
1994-95,18,14,Danny Nee,78.4,74,11.26,6.79,,,32,"Tue, Mar 21, 1995",NIT,,Penn State,Big Ten,11.85,L,59,65,,18,14,L 1,Bob Devaney Sports Center,
1995-96,21,14,Danny Nee,80.2,75.5,10.29,5.58,,,1,"Fri, Nov 24, 1995",REG,N,Toledo,MAC,2.58,W,72,59,,1,0,W 1,Afook-Chinen Civic Auditorium,
1995-96,21,14,Danny Nee,80.2,75.5,10.29,5.58,,,2,"Sat, Nov 25, 1995",REG,N,Oregon,Pac-10,7.56,W,114,106,OT,2,0,W 2,Afook-Chinen Civic Auditorium,
1995-96,21,14,Danny Nee,80.2,75.5,10.29,5.58,,,3,"Sun, Nov 26, 1995",REG,N,Minnesota,Big Ten,8.67,W,96,85,,3,0,W 3,Afook-Chinen Civic Auditorium,
1995-96,21,14,Danny Nee,80.2,75.5,10.29,5.58,,,4,"Fri, Dec 1, 1995",REG,,Georgia Southern,Southern,-20.67,W,82,59,,4,0,W 4,Bob Devaney Sports Center,
1995-96,21,14,Danny Nee,80.2,75.5,10.29,5.58,,,5,"Sat, Dec 2, 1995",REG,,Grambling,SWAC,-12.54,W,96,80,,5,0,W 5,Bob Devaney Sports Center,
1995-96,21,14,Danny Nee,80.2,75.5,10.29,5.58,,,6,"Wed, Dec 6, 1995",REG,@,Creighton,MVC,0.95,W,88,67,,6,0,W 6,Omaha Civic Auditorium,
1995-96,21,14,Danny Nee,80.2,75.5,10.29,5.58,,,7,"Sat, Dec 9, 1995",REG,@,Minnesota,Big Ten,8.67,L,80,91,,6,1,L 1,Williams Arena,
1995-96,21,14,Danny Nee,80.2,75.5,10.29,5.58,,,8,"Sat, Dec 16, 1995",REG,,Northern Iowa,MVC,2.68,L,104,109,,6,2,L 2,Bob Devaney Sports Center,
1995-96,21,14,Danny Nee,80.2,75.5,10.29,5.58,,,9,"Mon, Dec 18, 1995",REG,,Northeastern Illinois,Mid-Cont,-11.31,W,94,76,,7,2,W 1,Bob Devaney Sports Center,
1995-96,21,14,Danny Nee,80.2,75.5,10.29,5.58,,,10,"Thu, Dec 21, 1995",REG,,Delaware State,MEAC,-23.95,W,88,41,,8,2,W 2,Bob Devaney Sports Center,
1995-96,21,14,Danny Nee,80.2,75.5,10.29,5.58,,,11,"Fri, Dec 29, 1995",REG,N,Oregon,Pac-10,7.56,W,99,76,,9,2,W 3,Rose Garden Arena,
1995-96,21,14,Danny Nee,80.2,75.5,10.29,5.58,,,12,"Sat, Dec 30, 1995",REG,N,Mississippi State (17),SEC,16.19,L,66,69,,9,3,L 1,Rose Garden Arena,
1995-96,21,14,Danny Nee,80.2,75.5,10.29,5.58,,,13,"Wed, Jan 3, 1996",REG,,Texas (23),SWC,12.44,W,85,69,,10,3,W 1,Bob Devaney Sports Center,
1995-96,21,14,Danny Nee,80.2,75.5,10.29,5.58,,,14,"Sat, Jan 6, 1996",REG,,Long Beach State,Big West,4.16,W,69,68,,11,3,W 2,Bob Devaney Sports Center,
1995-96,21,14,Danny Nee,80.2,75.5,10.29,5.58,,,15,"Wed, Jan 10, 1996",REG,,Colorado,Big 8,1.3,W,79,74,,12,3,W 3,Bob Devaney Sports Center,
1995-96,21,14,Danny Nee,80.2,75.5,10.29,5.58,,,16,"Sat, Jan 13, 1996",REG,@,Oklahoma,Big 8,12.79,L,100,117,3OT,12,4,L 1,Lloyd Noble Center,
1995-96,21,14,Danny Nee,80.2,75.5,10.29,5.58,,,17,"Wed, Jan 17, 1996",REG,,Kansas City,Mid-Cont,-9.6,W,87,69,,13,4,W 1,Bob Devaney Sports Center,
1995-96,21,14,Danny Nee,80.2,75.5,10.29,5.58,,,18,"Sat, Jan 20, 1996",REG,@,Oklahoma State,Big 8,12.08,W,66,57,,14,4,W 2,Gallagher-Iba Arena,
1995-96,21,14,Danny Nee,80.2,75.5,10.29,5.58,,,19,"Wed, Jan 24, 1996",REG,,Missouri,Big 8,7.17,W,76,58,,15,4,W 3,Bob Devaney Sports Center,
1995-96,21,14,Danny Nee,80.2,75.5,10.29,5.58,,,20,"Sun, Jan 28, 1996",REG,,Kansas (3),Big 8,21.39,L,73,88,,15,5,L 1,Bob Devaney Sports Center,
1995-96,21,14,Danny Nee,80.2,75.5,10.29,5.58,,,21,"Wed, Jan 31, 1996",REG,@,Kansas State,Big 8,7.75,L,68,77,,15,6,L 2,Bramlage Coliseum,
1995-96,21,14,Danny Nee,80.2,75.5,10.29,5.58,,,22,"Sat, Feb 3, 1996",REG,,Iowa State,Big 8,10.9,L,65,75,,15,7,L 3,Bob Devaney Sports Center,
1995-96,21,14,Danny Nee,80.2,75.5,10.29,5.58,,,23,"Wed, Feb 7, 1996",REG,@,Missouri,Big 8,7.17,L,98,99,,15,8,L 4,Hearnes Center,
1995-96,21,14,Danny Nee,80.2,75.5,10.29,5.58,,,24,"Sat, Feb 10, 1996",REG,@,Iowa State (21),Big 8,10.9,L,59,74,,15,9,L 5,James H. Hilton Coliseum,
1995-96,21,14,Danny Nee,80.2,75.5,10.29,5.58,,,25,"Sat, Feb 17, 1996",REG,,Oklahoma State,Big 8,12.08,L,57,72,,15,10,L 6,Bob Devaney Sports Center,
1995-96,21,14,Danny Nee,80.2,75.5,10.29,5.58,,,26,"Mon, Feb 19, 1996",REG,@,Kansas (5),Big 8,21.39,L,71,81,,15,11,L 7,Allen Fieldhouse,
1995-96,21,14,Danny Nee,80.2,75.5,10.29,5.58,,,27,"Sun, Feb 25, 1996",REG,,Oklahoma,Big 8,12.79,L,76,80,OT,15,12,L 8,Bob Devaney Sports Center,
1995-96,21,14,Danny Nee,80.2,75.5,10.29,5.58,,,28,"Wed, Feb 28, 1996",REG,@,Colorado,Big 8,1.3,L,64,78,,15,13,L 9,Coors Events Center,
1995-96,21,14,Danny Nee,80.2,75.5,10.29,5.58,,,29,"Sun, Mar 3, 1996",REG,,Kansas State,Big 8,7.75,W,70,66,,16,13,W 1,Bob Devaney Sports Center,
1995-96,21,14,Danny Nee,80.2,75.5,10.29,5.58,,,30,"Fri, Mar 8, 1996",CTOURN,N,Iowa State (23),Big 8,10.9,L,60,62,,16,14,L 1,Kemper Arena,
1995-96,21,14,Danny Nee,80.2,75.5,10.29,5.58,,,31,"Thu, Mar 14, 1996",NIT,@,Colorado State,WAC,7.52,W,91,83,,17,14,W 1,Moby Arena,
1995-96,21,14,Danny Nee,80.2,75.5,10.29,5.58,,,32,"Tue, Mar 19, 1996",NIT,,Washington State,Pac-10,10.14,W,82,73,,18,14,W 2,Bob Devaney Sports Center,
1995-96,21,14,Danny Nee,80.2,75.5,10.29,5.58,,,33,"Fri, Mar 22, 1996",NIT,@,Fresno State,WAC,7.58,W,83,71,,19,14,W 3,Selland Arena,
1995-96,21,14,Danny Nee,80.2,75.5,10.29,5.58,,,34,"Tue, Mar 26, 1996",NIT,N,Tulane,CUSA,11.43,W,90,78,,20,14,W 4,Madison Square Garden (IV),
1995-96,21,14,Danny Nee,80.2,75.5,10.29,5.58,,,35,"Thu, Mar 28, 1996",NIT,N,Saint Joseph's,A-10,7.38,W,60,56,,21,14,W 5,Madison Square Garden (IV),
1996-97,18,15,Danny Nee,72.9,71.4,9.71,8.16,100.9,98.8,1,"Sat, Nov 23, 1996",REG,@,Texas (17),Big 12,12.34,L,81,83,,0,1,L 1,Frank Erwin Center,
1996-97,18,15,Danny Nee,72.9,71.4,9.71,8.16,100.9,98.8,2,"Tue, Nov 26, 1996",REG,,Weber State,Big Sky,-3.62,W,83,66,,1,1,W 1,Bob Devaney Sports Center,
1996-97,18,15,Danny Nee,72.9,71.4,9.71,8.16,100.9,98.8,3,"Sat, Nov 30, 1996",REG,,Oregon State,Pac-10,2.29,W,75,67,,2,1,W 2,Bob Devaney Sports Center,
1996-97,18,15,Danny Nee,72.9,71.4,9.71,8.16,100.9,98.8,4,"Tue, Dec 3, 1996",REG,,UTSA,Southland,-14.47,W,79,76,,3,1,W 3,Bob Devaney Sports Center,
1996-97,18,15,Danny Nee,72.9,71.4,9.71,8.16,100.9,98.8,5,"Fri, Dec 6, 1996",REG,,Coppin State,MEAC,-1.21,W,88,72,,4,1,W 4,Bob Devaney Sports Center,
1996-97,18,15,Danny Nee,72.9,71.4,9.71,8.16,100.9,98.8,6,"Sat, Dec 7, 1996",REG,,Bowling Green,MAC,8.49,W,73,68,,5,1,W 5,Bob Devaney Sports Center,
1996-97,18,15,Danny Nee,72.9,71.4,9.71,8.16,100.9,98.8,7,"Wed, Dec 11, 1996",REG,@,Kansas City,Mid-Cont,-10.37,W,76,64,,6,1,W 6,Municipal Auditorium,
1996-97,18,15,Danny Nee,72.9,71.4,9.71,8.16,100.9,98.8,8,"Sat, Dec 21, 1996",REG,,Minnesota (16),Big Ten,23.34,L,56,70,,6,2,L 1,Bob Devaney Sports Center,
1996-97,18,15,Danny Nee,72.9,71.4,9.71,8.16,100.9,98.8,9,"Mon, Dec 30, 1996",REG,N,Old Dominion,CAA,3.72,W,72,66,,7,2,W 1,Eugene Guerra Sports Complex,
1996-97,18,15,Danny Nee,72.9,71.4,9.71,8.16,100.9,98.8,10,"Tue, Dec 31, 1996",REG,N,Cincinnati (6),CUSA,20.71,L,73,84,,7,3,L 1,Eugene Guerra Sports Complex,
1996-97,18,15,Danny Nee,72.9,71.4,9.71,8.16,100.9,98.8,11,"Wed, Jan 1, 1997",REG,N,Bowling Green,MAC,8.49,L,55,58,,7,4,L 2,Eugene Guerra Sports Complex,
1996-97,18,15,Danny Nee,72.9,71.4,9.71,8.16,100.9,98.8,12,"Sat, Jan 4, 1997",REG,@,Colorado,Big 12,9.69,L,73,79,,7,5,L 3,Coors Events Center,
1996-97,18,15,Danny Nee,72.9,71.4,9.71,8.16,100.9,98.8,13,"Wed, Jan 8, 1997",REG,,Creighton,MVC,3.92,W,71,52,,8,5,W 1,Bob Devaney Sports Center,
1996-97,18,15,Danny Nee,72.9,71.4,9.71,8.16,100.9,98.8,14,"Sat, Jan 11, 1997",REG,,Texas A&M,Big 12,2.43,W,74,72,,9,5,W 2,Bob Devaney Sports Center,
1996-97,18,15,Danny Nee,72.9,71.4,9.71,8.16,100.9,98.8,15,"Wed, Jan 15, 1997",REG,,Kansas State,Big 12,1.75,W,87,77,OT,10,5,W 3,Bob Devaney Sports Center,
1996-97,18,15,Danny Nee,72.9,71.4,9.71,8.16,100.9,98.8,16,"Sat, Jan 18, 1997",REG,,Missouri,Big 12,8.95,W,76,53,,11,5,W 4,Bob Devaney Sports Center,
1996-97,18,15,Danny Nee,72.9,71.4,9.71,8.16,100.9,98.8,17,"Wed, Jan 22, 1997",REG,@,Missouri,Big 12,8.95,L,74,75,,11,6,L 1,Hearnes Center,
1996-97,18,15,Danny Nee,72.9,71.4,9.71,8.16,100.9,98.8,18,"Sat, Jan 25, 1997",REG,@,Oklahoma,Big 12,13.97,L,77,84,,11,7,L 2,Lloyd Noble Center,
1996-97,18,15,Danny Nee,72.9,71.4,9.71,8.16,100.9,98.8,19,"Wed, Jan 29, 1997",REG,,Iowa State (11),Big 12,13.43,L,67,77,,11,8,L 3,Bob Devaney Sports Center,
1996-97,18,15,Danny Nee,72.9,71.4,9.71,8.16,100.9,98.8,20,"Sat, Feb 1, 1997",REG,@,Kansas (1),Big 12,26.6,L,77,82,OT,11,9,L 4,Allen Fieldhouse,
1996-97,18,15,Danny Nee,72.9,71.4,9.71,8.16,100.9,98.8,21,"Wed, Feb 5, 1997",REG,,Colorado (15),Big 12,9.69,W,77,69,,12,9,W 1,Bob Devaney Sports Center,
1996-97,18,15,Danny Nee,72.9,71.4,9.71,8.16,100.9,98.8,22,"Sat, Feb 8, 1997",REG,@,Texas Tech (23),Big 12,12.51,L,74,87,,12,10,L 1,Lubbock Municipal Coliseum,
1996-97,18,15,Danny Nee,72.9,71.4,9.71,8.16,100.9,98.8,23,"Mon, Feb 10, 1997",REG,@,Kansas State,Big 12,1.75,L,53,61,,12,11,L 2,Bramlage Coliseum,
1996-97,18,15,Danny Nee,72.9,71.4,9.71,8.16,100.9,98.8,24,"Thu, Feb 13, 1997",REG,@,Northern Iowa,MVC,5.8,W,77,69,,13,11,W 1,UNI-Dome,
1996-97,18,15,Danny Nee,72.9,71.4,9.71,8.16,100.9,98.8,25,"Sun, Feb 16, 1997",REG,,Texas,Big 12,12.34,W,79,67,,14,11,W 2,Bob Devaney Sports Center,
1996-97,18,15,Danny Nee,72.9,71.4,9.71,8.16,100.9,98.8,26,"Wed, Feb 19, 1997",REG,@,Baylor,Big 12,4.4,L,60,71,,14,12,L 1,Ferrell Center,
1996-97,18,15,Danny Nee,72.9,71.4,9.71,8.16,100.9,98.8,27,"Sat, Feb 22, 1997",REG,@,Iowa State (7),Big 12,13.43,W,74,69,OT,15,12,W 1,James H. Hilton Coliseum,
1996-97,18,15,Danny Nee,72.9,71.4,9.71,8.16,100.9,98.8,28,"Wed, Feb 26, 1997",REG,,Oklahoma State,Big 12,6.96,W,77,68,,16,12,W 2,Bob Devaney Sports Center,
1996-97,18,15,Danny Nee,72.9,71.4,9.71,8.16,100.9,98.8,29,"Sun, Mar 2, 1997",REG,,Kansas (1),Big 12,26.6,L,65,85,,16,13,L 1,Bob Devaney Sports Center,
1996-97,18,15,Danny Nee,72.9,71.4,9.71,8.16,100.9,98.8,30,"Thu, Mar 6, 1997",CTOURN,N,Missouri,Big 12,8.95,L,72,78,,16,14,L 2,Kemper Arena,
1996-97,18,15,Danny Nee,72.9,71.4,9.71,8.16,100.9,98.8,31,"Wed, Mar 12, 1997",NIT,,Washington,Pac-10,10.83,W,67,63,,17,14,W 1,Bob Devaney Sports Center,
1996-97,18,15,Danny Nee,72.9,71.4,9.71,8.16,100.9,98.8,32,"Tue, Mar 18, 1997",NIT,@,Nevada,Big West,3.77,W,78,68,,18,14,W 2,Lawlor Events Center,
1996-97,18,15,Danny Nee,72.9,71.4,9.71,8.16,100.9,98.8,33,"Fri, Mar 21, 1997",NIT,@,Connecticut,Big East,12.99,L,67,76,,18,15,L 1,Harry A. Gampel Pavilion,
1997-98,20,12,Danny Nee,71.6,68.5,8.71,5.65,98.7,94.5,1,"Sun, Nov 16, 1997",REG,,UNC Greensboro,Southern,-12.69,W,75,51,,1,0,W 1,Bob Devaney Sports Center,
1997-98,20,12,Danny Nee,71.6,68.5,8.71,5.65,98.7,94.5,2,"Wed, Nov 19, 1997",REG,,Western Illinois,Mid-Cont,-8.13,W,86,57,,2,0,W 2,Bob Devaney Sports Center,
1997-98,20,12,Danny Nee,71.6,68.5,8.71,5.65,98.7,94.5,3,"Sat, Nov 22, 1997",REG,,New Orleans,Sun Belt,-0.87,W,81,66,,3,0,W 3,Bob Devaney Sports Center,
1997-98,20,12,Danny Nee,71.6,68.5,8.71,5.65,98.7,94.5,4,"Tue, Nov 25, 1997",REG,,Colorado State,WAC,6.28,W,64,57,,4,0,W 4,Bob Devaney Sports Center,
1997-98,20,12,Danny Nee,71.6,68.5,8.71,5.65,98.7,94.5,5,"Sat, Nov 29, 1997",REG,,UTSA,Southland,-5.93,W,68,59,,5,0,W 5,Bob Devaney Sports Center,
1997-98,20,12,Danny Nee,71.6,68.5,8.71,5.65,98.7,94.5,6,"Mon, Dec 1, 1997",REG,@,Tulsa,WAC,6.41,L,68,85,,5,1,L 1,Tulsa Convention Center,
1997-98,20,12,Danny Nee,71.6,68.5,8.71,5.65,98.7,94.5,7,"Fri, Dec 5, 1997",REG,,UNC Wilmington,CAA,0.4,W,85,68,,6,1,W 1,Bob Devaney Sports Center,
1997-98,20,12,Danny Nee,71.6,68.5,8.71,5.65,98.7,94.5,8,"Sat, Dec 6, 1997",REG,,Grambling,SWAC,-13.35,W,85,48,,7,1,W 2,Bob Devaney Sports Center,
1997-98,20,12,Danny Nee,71.6,68.5,8.71,5.65,98.7,94.5,9,"Wed, Dec 10, 1997",REG,@,Creighton,MVC,6.28,L,73,84,,7,2,L 1,Omaha Civic Auditorium,
1997-98,20,12,Danny Nee,71.6,68.5,8.71,5.65,98.7,94.5,10,"Sat, Dec 13, 1997",REG,@,Minnesota,Big Ten,11.95,W,70,66,,8,2,W 1,Williams Arena,
1997-98,20,12,Danny Nee,71.6,68.5,8.71,5.65,98.7,94.5,11,"Sat, Dec 27, 1997",REG,N,Virginia,ACC,6.03,W,80,65,,9,2,W 2,Special Events Arena,
1997-98,20,12,Danny Nee,71.6,68.5,8.71,5.65,98.7,94.5,12,"Sun, Dec 28, 1997",REG,@,Hawaii,WAC,11.22,L,62,87,,9,3,L 1,Special Events Arena,
1997-98,20,12,Danny Nee,71.6,68.5,8.71,5.65,98.7,94.5,13,"Tue, Dec 30, 1997",REG,N,Vanderbilt,SEC,11.68,L,69,80,,9,4,L 2,Special Events Arena,
1997-98,20,12,Danny Nee,71.6,68.5,8.71,5.65,98.7,94.5,14,"Sat, Jan 3, 1998",REG,@,Kansas (2),Big 12,22.83,L,76,96,,9,5,L 3,Allen Fieldhouse,
1997-98,20,12,Danny Nee,71.6,68.5,8.71,5.65,98.7,94.5,15,"Wed, Jan 7, 1998",REG,@,Oklahoma State,Big 12,14.3,W,67,62,,10,5,W 1,Gallagher-Iba Arena,
1997-98,20,12,Danny Nee,71.6,68.5,8.71,5.65,98.7,94.5,16,"Sun, Jan 11, 1998",REG,,Colorado,Big 12,2.15,W,87,72,,11,5,W 2,Bob Devaney Sports Center,
1997-98,20,12,Danny Nee,71.6,68.5,8.71,5.65,98.7,94.5,17,"Sun, Jan 18, 1998",REG,,Oklahoma,Big 12,9.41,W,53,43,,12,5,W 3,Bob Devaney Sports Center,
1997-98,20,12,Danny Nee,71.6,68.5,8.71,5.65,98.7,94.5,18,"Wed, Jan 21, 1998",REG,@,Texas,Big 12,4.53,L,91,105,,12,6,L 1,Frank Erwin Center,
1997-98,20,12,Danny Nee,71.6,68.5,8.71,5.65,98.7,94.5,19,"Sat, Jan 24, 1998",REG,,Iowa State,Big 12,0.76,W,63,49,,13,6,W 1,Bob Devaney Sports Center,
1997-98,20,12,Danny Nee,71.6,68.5,8.71,5.65,98.7,94.5,20,"Wed, Jan 28, 1998",REG,@,Kansas State,Big 12,9.39,L,49,72,,13,7,L 1,Bramlage Coliseum,
1997-98,20,12,Danny Nee,71.6,68.5,8.71,5.65,98.7,94.5,21,"Sun, Feb 1, 1998",REG,,Kansas (5),Big 12,22.83,L,71,82,,13,8,L 2,Bob Devaney Sports Center,
1997-98,20,12,Danny Nee,71.6,68.5,8.71,5.65,98.7,94.5,22,"Wed, Feb 4, 1998",REG,@,Missouri,Big 12,6.81,L,76,81,OT,13,9,L 3,Hearnes Center,
1997-98,20,12,Danny Nee,71.6,68.5,8.71,5.65,98.7,94.5,23,"Sat, Feb 7, 1998",REG,,Kansas State,Big 12,9.39,L,63,69,,13,10,L 4,Bob Devaney Sports Center,
1997-98,20,12,Danny Nee,71.6,68.5,8.71,5.65,98.7,94.5,24,"Wed, Feb 11, 1998",REG,@,Texas A&M,Big 12,0.04,W,75,58,,14,10,W 1,Reed Arena,
1997-98,20,12,Danny Nee,71.6,68.5,8.71,5.65,98.7,94.5,25,"Sat, Feb 14, 1998",REG,,Baylor,Big 12,3.19,W,66,55,,15,10,W 2,Bob Devaney Sports Center,
1997-98,20,12,Danny Nee,71.6,68.5,8.71,5.65,98.7,94.5,26,"Wed, Feb 18, 1998",REG,,Missouri,Big 12,6.81,W,67,66,OT,16,10,W 3,Bob Devaney Sports Center,
1997-98,20,12,Danny Nee,71.6,68.5,8.71,5.65,98.7,94.5,27,"Sat, Feb 21, 1998",REG,@,Colorado,Big 12,2.15,W,79,71,,17,10,W 4,Coors Events Center,
1997-98,20,12,Danny Nee,71.6,68.5,8.71,5.65,98.7,94.5,28,"Wed, Feb 25, 1998",REG,,Texas Tech,Big 12,4.07,W,82,65,,18,10,W 5,Bob Devaney Sports Center,
1997-98,20,12,Danny Nee,71.6,68.5,8.71,5.65,98.7,94.5,29,"Sat, Feb 28, 1998",REG,@,Iowa State,Big 12,0.76,W,70,62,,19,10,W 6,James H. Hilton Coliseum,
1997-98,20,12,Danny Nee,71.6,68.5,8.71,5.65,98.7,94.5,30,"Fri, Mar 6, 1998",CTOURN,N,Baylor,Big 12,3.19,W,65,46,,20,10,W 7,Kemper Arena,
1997-98,20,12,Danny Nee,71.6,68.5,8.71,5.65,98.7,94.5,31,"Sat, Mar 7, 1998",CTOURN,N,Kansas (3),Big 12,22.83,L,59,91,,20,11,L 1,Kemper Arena,
1997-98,20,12,Danny Nee,71.6,68.5,8.71,5.65,98.7,94.5,32,"Thu, Mar 12, 1998",NCAA,N,Arkansas (17),SEC,16.17,L,65,74,,20,12,L 2,BSU Pavilion,
1998-99,20,13,Danny Nee,66,64.3,7.61,5.92,94.2,91.8,1,"Sat, Nov 14, 1998",REG,@,UNC Greensboro,Southern,-14.99,W,79,59,,1,0,W 1,Fleming Gymnasium,
1998-99,20,13,Danny Nee,66,64.3,7.61,5.92,94.2,91.8,2,"Thu, Nov 19, 1998",REG,N,Villanova,Big East,12.01,L,60,75,,1,1,L 1,Carlson Center,
1998-99,20,13,Danny Nee,66,64.3,7.61,5.92,94.2,91.8,3,"Fri, Nov 20, 1998",REG,N,Washington State,Pac-10,2.96,W,95,84,,2,1,W 1,Carlson Center,
1998-99,20,13,Danny Nee,66,64.3,7.61,5.92,94.2,91.8,4,"Sun, Nov 22, 1998",REG,N,Wisconsin,Big Ten,17.29,L,41,78,,2,2,L 1,Carlson Center,
1998-99,20,13,Danny Nee,66,64.3,7.61,5.92,94.2,91.8,5,"Sat, Nov 28, 1998",REG,,North Carolina A&T,MEAC,-13.53,W,65,47,,3,2,W 1,Bob Devaney Sports Center,
1998-99,20,13,Danny Nee,66,64.3,7.61,5.92,94.2,91.8,6,"Tue, Dec 1, 1998",REG,,Tulsa,WAC,10.74,L,49,52,,3,3,L 1,Bob Devaney Sports Center,
1998-99,20,13,Danny Nee,66,64.3,7.61,5.92,94.2,91.8,7,"Fri, Dec 4, 1998",REG,,Texas State,Southland,-2.9,W,63,54,,4,3,W 1,Bob Devaney Sports Center,
1998-99,20,13,Danny Nee,66,64.3,7.61,5.92,94.2,91.8,8,"Sat, Dec 5, 1998",REG,,Colgate,Patriot,-8.19,W,60,48,,5,3,W 2,Bob Devaney Sports Center,
1998-99,20,13,Danny Nee,66,64.3,7.61,5.92,94.2,91.8,9,"Wed, Dec 9, 1998",REG,,Creighton,MVC,12.26,W,76,60,,6,3,W 3,Bob Devaney Sports Center,
1998-99,20,13,Danny Nee,66,64.3,7.61,5.92,94.2,91.8,10,"Sat, Dec 12, 1998",REG,@,Colorado State,WAC,8.68,L,49,75,,6,4,L 1,Moby Arena,
1998-99,20,13,Danny Nee,66,64.3,7.61,5.92,94.2,91.8,11,"Sat, Dec 19, 1998",REG,,Minnesota (17),Big Ten,13.53,L,51,55,,6,5,L 2,Bob Devaney Sports Center,
1998-99,20,13,Danny Nee,66,64.3,7.61,5.92,94.2,91.8,12,"Sun, Dec 27, 1998",REG,@,San Francisco,WCC,-2.94,W,62,52,,7,5,W 1,War Memorial Gymnasium,
1998-99,20,13,Danny Nee,66,64.3,7.61,5.92,94.2,91.8,13,"Wed, Dec 30, 1998",REG,@,Kansas City,Mid-Cont,-8.47,W,81,65,,8,5,W 2,Municipal Auditorium,
1998-99,20,13,Danny Nee,66,64.3,7.61,5.92,94.2,91.8,14,"Sat, Jan 2, 1999",REG,@,Missouri,Big 12,12.5,L,57,80,,8,6,L 1,Hearnes Center,
1998-99,20,13,Danny Nee,66,64.3,7.61,5.92,94.2,91.8,15,"Sun, Jan 10, 1999",REG,,Texas,Big 12,10.89,L,76,89,,8,7,L 2,Bob Devaney Sports Center,
1998-99,20,13,Danny Nee,66,64.3,7.61,5.92,94.2,91.8,16,"Wed, Jan 13, 1999",REG,,Kansas State,Big 12,10.31,W,70,61,,9,7,W 1,Bob Devaney Sports Center,
1998-99,20,13,Danny Nee,66,64.3,7.61,5.92,94.2,91.8,17,"Sat, Jan 16, 1999",REG,@,Baylor,Big 12,-5.53,W,68,55,,10,7,W 2,Ferrell Center,
1998-99,20,13,Danny Nee,66,64.3,7.61,5.92,94.2,91.8,18,"Wed, Jan 20, 1999",REG,@,Oklahoma,Big 12,13.28,W,96,81,,11,7,W 3,Lloyd Noble Center,
1998-99,20,13,Danny Nee,66,64.3,7.61,5.92,94.2,91.8,19,"Sat, Jan 23, 1999",REG,,Colorado,Big 12,7.25,W,72,55,,12,7,W 4,Bob Devaney Sports Center,
1998-99,20,13,Danny Nee,66,64.3,7.61,5.92,94.2,91.8,20,"Wed, Jan 27, 1999",REG,,Kansas (22),Big 12,16.3,W,84,69,,13,7,W 5,Bob Devaney Sports Center,
1998-99,20,13,Danny Nee,66,64.3,7.61,5.92,94.2,91.8,21,"Sat, Jan 30, 1999",REG,@,Iowa State,Big 12,5.46,L,47,52,,13,8,L 1,James H. Hilton Coliseum,
1998-99,20,13,Danny Nee,66,64.3,7.61,5.92,94.2,91.8,22,"Wed, Feb 3, 1999",REG,@,Colorado,Big 12,7.25,W,57,52,,14,8,W 1,Coors Events Center,
1998-99,20,13,Danny Nee,66,64.3,7.61,5.92,94.2,91.8,23,"Sat, Feb 6, 1999",REG,,Missouri (24),Big 12,12.5,W,69,61,,15,8,W 2,Bob Devaney Sports Center,
1998-99,20,13,Danny Nee,66,64.3,7.61,5.92,94.2,91.8,24,"Wed, Feb 10, 1999",REG,@,Kansas (24),Big 12,16.3,W,64,59,,16,8,W 3,Allen Fieldhouse,
1998-99,20,13,Danny Nee,66,64.3,7.61,5.92,94.2,91.8,25,"Sat, Feb 13, 1999",REG,,Iowa State,Big 12,5.46,W,59,57,,17,8,W 4,Bob Devaney Sports Center,
1998-99,20,13,Danny Nee,66,64.3,7.61,5.92,94.2,91.8,26,"Wed, Feb 17, 1999",REG,,Oklahoma State,Big 12,12.61,L,48,60,,17,9,L 1,Bob Devaney Sports Center,
1998-99,20,13,Danny Nee,66,64.3,7.61,5.92,94.2,91.8,27,"Sat, Feb 20, 1999",REG,@,Texas Tech,Big 12,-0.24,L,68,73,,17,10,L 2,Lubbock Municipal Coliseum,
1998-99,20,13,Danny Nee,66,64.3,7.61,5.92,94.2,91.8,28,"Wed, Feb 24, 1999",REG,@,Kansas State,Big 12,10.31,L,45,62,,17,11,L 3,Bramlage Coliseum,
1998-99,20,13,Danny Nee,66,64.3,7.61,5.92,94.2,91.8,29,"Sat, Feb 27, 1999",REG,,Texas A&M,Big 12,-0.73,W,87,68,,18,11,W 1,Bob Devaney Sports Center,
1998-99,20,13,Danny Nee,66,64.3,7.61,5.92,94.2,91.8,30,"Thu, Mar 4, 1999",CTOURN,N,Texas Tech,Big 12,-0.24,W,69,50,,19,11,W 2,Kemper Arena,
1998-99,20,13,Danny Nee,66,64.3,7.61,5.92,94.2,91.8,31,"Fri, Mar 5, 1999",CTOURN,N,Kansas,Big 12,16.3,L,53,77,,19,12,L 1,Kemper Arena,
1998-99,20,13,Danny Nee,66,64.3,7.61,5.92,94.2,91.8,32,"Wed, Mar 10, 1999",NIT,,Nevada-Las Vegas,WAC,8.78,W,68,55,,20,12,W 1,Bob Devaney Sports Center,
1998-99,20,13,Danny Nee,66,64.3,7.61,5.92,94.2,91.8,33,"Mon, Mar 15, 1999",NIT,@,TCU,WAC,10,L,89,101,,20,13,L 1,Daniel-Meyer Coliseum,
1999-00,11,19,Danny Nee,68.3,74,1.17,6.83,94.8,102.7,1,"Tue, Nov 23, 1999",REG,,Eastern Illinois,OVC,1.79,W,81,78,2OT,1,0,W 1,Bob Devaney Sports Center,
1999-00,11,19,Danny Nee,68.3,74,1.17,6.83,94.8,102.7,2,"Fri, Nov 26, 1999",REG,N,Southern Mississippi,CUSA,5.51,L,48,75,,1,1,L 1,Family Arena,
1999-00,11,19,Danny Nee,68.3,74,1.17,6.83,94.8,102.7,3,"Sat, Nov 27, 1999",REG,N,Northwestern,Big Ten,-4.86,W,61,52,,2,1,W 1,Family Arena,
1999-00,11,19,Danny Nee,68.3,74,1.17,6.83,94.8,102.7,4,"Sun, Nov 28, 1999",REG,N,Rutgers,Big East,6.62,L,62,81,,2,2,L 1,Family Arena,
1999-00,11,19,Danny Nee,68.3,74,1.17,6.83,94.8,102.7,5,"Fri, Dec 3, 1999",REG,,Western Carolina,Southern,-10.42,L,72,74,,2,3,L 2,Bob Devaney Sports Center,
1999-00,11,19,Danny Nee,68.3,74,1.17,6.83,94.8,102.7,6,"Sat, Dec 4, 1999",REG,,Monmouth,NEC,-10.29,W,63,47,,3,3,W 1,Bob Devaney Sports Center,
1999-00,11,19,Danny Nee,68.3,74,1.17,6.83,94.8,102.7,7,"Thu, Dec 9, 1999",REG,@,Creighton,MVC,8.28,L,72,89,,3,4,L 1,Omaha Civic Auditorium,
1999-00,11,19,Danny Nee,68.3,74,1.17,6.83,94.8,102.7,8,"Sat, Dec 11, 1999",REG,,Pittsburgh,Big East,3.98,W,69,57,,4,4,W 1,Bob Devaney Sports Center,
1999-00,11,19,Danny Nee,68.3,74,1.17,6.83,94.8,102.7,9,"Sat, Dec 18, 1999",REG,N,Arizona (4),Pac-10,18.96,L,59,80,,4,5,L 1,Thomas & Mack Center,
1999-00,11,19,Danny Nee,68.3,74,1.17,6.83,94.8,102.7,10,"Mon, Dec 20, 1999",REG,,San Francisco,WCC,6.22,L,60,64,,4,6,L 2,Bob Devaney Sports Center,
1999-00,11,19,Danny Nee,68.3,74,1.17,6.83,94.8,102.7,11,"Wed, Dec 22, 1999",REG,,Oral Roberts,Mid-Cont,-6.09,W,80,65,,5,6,W 1,Bob Devaney Sports Center,
1999-00,11,19,Danny Nee,68.3,74,1.17,6.83,94.8,102.7,12,"Fri, Dec 31, 1999",REG,,Minnesota,Big Ten,6.77,W,90,78,,6,6,W 2,Bob Devaney Sports Center,
1999-00,11,19,Danny Nee,68.3,74,1.17,6.83,94.8,102.7,13,"Tue, Jan 4, 2000",REG,,Pacific,Big West,-3.35,W,92,68,,7,6,W 3,Bob Devaney Sports Center,
1999-00,11,19,Danny Nee,68.3,74,1.17,6.83,94.8,102.7,14,"Sat, Jan 8, 2000",REG,@,Kansas State,Big 12,1,L,79,97,,7,7,L 1,Bramlage Coliseum,
1999-00,11,19,Danny Nee,68.3,74,1.17,6.83,94.8,102.7,15,"Wed, Jan 12, 2000",REG,,Iowa State,Big 12,19.09,L,65,66,,7,8,L 2,Bob Devaney Sports Center,
1999-00,11,19,Danny Nee,68.3,74,1.17,6.83,94.8,102.7,16,"Sat, Jan 15, 2000",REG,@,Kansas (8),Big 12,17.94,L,82,97,,7,9,L 3,Allen Fieldhouse,
1999-00,11,19,Danny Nee,68.3,74,1.17,6.83,94.8,102.7,17,"Wed, Jan 19, 2000",REG,,Texas Tech,Big 12,3.32,W,70,67,,8,9,W 1,Bob Devaney Sports Center,
1999-00,11,19,Danny Nee,68.3,74,1.17,6.83,94.8,102.7,18,"Sat, Jan 22, 2000",REG,,Baylor,Big 12,2.2,W,69,55,,9,9,W 2,Bob Devaney Sports Center,
1999-00,11,19,Danny Nee,68.3,74,1.17,6.83,94.8,102.7,19,"Tue, Jan 25, 2000",REG,@,Texas (17),Big 12,20.43,L,55,82,,9,10,L 1,Frank Erwin Center,
1999-00,11,19,Danny Nee,68.3,74,1.17,6.83,94.8,102.7,20,"Sat, Jan 29, 2000",REG,,Kansas State,Big 12,1,W,81,72,,10,10,W 1,Bob Devaney Sports Center,
1999-00,11,19,Danny Nee,68.3,74,1.17,6.83,94.8,102.7,21,"Sat, Feb 5, 2000",REG,,Missouri,Big 12,12.55,L,78,84,,10,11,L 1,Bob Devaney Sports Center,
1999-00,11,19,Danny Nee,68.3,74,1.17,6.83,94.8,102.7,22,"Tue, Feb 8, 2000",REG,@,Colorado,Big 12,8.58,L,58,70,,10,12,L 2,Coors Events Center,
1999-00,11,19,Danny Nee,68.3,74,1.17,6.83,94.8,102.7,23,"Sat, Feb 12, 2000",REG,@,Iowa State (17),Big 12,19.09,L,65,87,,10,13,L 3,James H. Hilton Coliseum,
1999-00,11,19,Danny Nee,68.3,74,1.17,6.83,94.8,102.7,24,"Mon, Feb 14, 2000",REG,,Oklahoma (20),Big 12,19.25,L,54,62,,10,14,L 4,Bob Devaney Sports Center,
1999-00,11,19,Danny Nee,68.3,74,1.17,6.83,94.8,102.7,25,"Sat, Feb 19, 2000",REG,@,Oklahoma State (8),Big 12,20.01,L,55,94,,10,15,L 5,Gallagher-Iba Arena,
1999-00,11,19,Danny Nee,68.3,74,1.17,6.83,94.8,102.7,26,"Wed, Feb 23, 2000",REG,,Kansas (23),Big 12,17.94,L,58,83,,10,16,L 6,Bob Devaney Sports Center,
1999-00,11,19,Danny Nee,68.3,74,1.17,6.83,94.8,102.7,27,"Sat, Feb 26, 2000",REG,,Colorado,Big 12,8.58,W,69,64,,11,16,W 1,Bob Devaney Sports Center,
1999-00,11,19,Danny Nee,68.3,74,1.17,6.83,94.8,102.7,28,"Wed, Mar 1, 2000",REG,@,Missouri,Big 12,12.55,L,72,86,,11,17,L 1,Hearnes Center,
1999-00,11,19,Danny Nee,68.3,74,1.17,6.83,94.8,102.7,29,"Sat, Mar 4, 2000",REG,@,Texas A&M,Big 12,-3.85,L,76,83,OT,11,18,L 2,Reed Arena,
1999-00,11,19,Danny Nee,68.3,74,1.17,6.83,94.8,102.7,30,"Thu, Mar 9, 2000",CTOURN,N,Baylor,Big 12,2.2,L,55,63,,11,19,L 3,Kemper Arena,
2000-01,14,16,Barry Collier,71.1,69.5,7.94,7.28,104.2,101.8,1,"Sat, Nov 18, 2000",REG,@,Oral Roberts,Mid-Cont,-10.12,L,83,87,,0,1,L 1,Mabee Center,
2000-01,14,16,Barry Collier,71.1,69.5,7.94,7.28,104.2,101.8,2,"Tue, Nov 21, 2000",REG,,Eastern Illinois,OVC,0.99,W,85,71,,1,1,W 1,Bob Devaney Sports Center,
2000-01,14,16,Barry Collier,71.1,69.5,7.94,7.28,104.2,101.8,3,"Mon, Nov 27, 2000",REG,,Winthrop,Big South,-3.73,W,65,44,,2,1,W 2,Bob Devaney Sports Center,
2000-01,14,16,Barry Collier,71.1,69.5,7.94,7.28,104.2,101.8,4,"Sat, Dec 2, 2000",REG,@,Pittsburgh,Big East,7.38,L,51,52,,2,2,L 1,Fitzgerald Fieldhouse,
2000-01,14,16,Barry Collier,71.1,69.5,7.94,7.28,104.2,101.8,5,"Fri, Dec 8, 2000",REG,,Kansas City,Mid-Cont,-1.56,L,71,82,,2,3,L 2,Bob Devaney Sports Center,
2000-01,14,16,Barry Collier,71.1,69.5,7.94,7.28,104.2,101.8,6,"Sat, Dec 9, 2000",REG,,Alaska-Fairbanks,,,W,84,55,,3,3,W 1,Bob Devaney Sports Center,
2000-01,14,16,Barry Collier,71.1,69.5,7.94,7.28,104.2,101.8,7,"Sat, Dec 16, 2000",REG,@,Miami (FL),Big East,7.54,W,72,64,,4,3,W 2,Miami Arena,
2000-01,14,16,Barry Collier,71.1,69.5,7.94,7.28,104.2,101.8,8,"Wed, Dec 20, 2000",REG,N,Iona,MAAC,0.25,W,81,80,,5,3,W 3,Mario Morales Coliseum,
2000-01,14,16,Barry Collier,71.1,69.5,7.94,7.28,104.2,101.8,9,"Thu, Dec 21, 2000",REG,N,Kent State,MAC,8.69,W,69,68,,6,3,W 4,Mario Morales Coliseum,
2000-01,14,16,Barry Collier,71.1,69.5,7.94,7.28,104.2,101.8,10,"Fri, Dec 22, 2000",REG,N,Southern Methodist,WAC,7.79,W,72,70,,7,3,W 5,Mario Morales Coliseum,
2000-01,14,16,Barry Collier,71.1,69.5,7.94,7.28,104.2,101.8,11,"Thu, Dec 28, 2000",REG,@,Minnesota,Big Ten,9.44,L,70,74,OT,7,4,L 1,Williams Arena,
2000-01,14,16,Barry Collier,71.1,69.5,7.94,7.28,104.2,101.8,12,"Sat, Dec 30, 2000",REG,,Murray State,OVC,-1.72,L,71,79,,7,5,L 2,Bob Devaney Sports Center,
2000-01,14,16,Barry Collier,71.1,69.5,7.94,7.28,104.2,101.8,13,"Tue, Jan 2, 2001",REG,,Creighton,MVC,12.41,L,51,62,,7,6,L 3,Bob Devaney Sports Center,
2000-01,14,16,Barry Collier,71.1,69.5,7.94,7.28,104.2,101.8,14,"Sat, Jan 6, 2001",REG,@,Missouri,Big 12,10.76,L,66,68,,7,7,L 4,Hearnes Center,
2000-01,14,16,Barry Collier,71.1,69.5,7.94,7.28,104.2,101.8,15,"Sat, Jan 13, 2001",REG,,Texas (23),Big 12,14.25,W,80,67,,8,7,W 1,Bob Devaney Sports Center,
2000-01,14,16,Barry Collier,71.1,69.5,7.94,7.28,104.2,101.8,16,"Wed, Jan 17, 2001",REG,@,Kansas (5),Big 12,20.23,L,62,84,,8,8,L 1,Allen Fieldhouse,
2000-01,14,16,Barry Collier,71.1,69.5,7.94,7.28,104.2,101.8,17,"Sat, Jan 20, 2001",REG,,Iowa State (23),Big 12,15.9,L,59,60,,8,9,L 2,Bob Devaney Sports Center,
2000-01,14,16,Barry Collier,71.1,69.5,7.94,7.28,104.2,101.8,18,"Wed, Jan 24, 2001",REG,,Missouri,Big 12,10.76,W,85,79,,9,9,W 1,Bob Devaney Sports Center,
2000-01,14,16,Barry Collier,71.1,69.5,7.94,7.28,104.2,101.8,19,"Sat, Jan 27, 2001",REG,@,Oklahoma,Big 12,15.56,L,66,77,,9,10,L 1,Lloyd Noble Center,
2000-01,14,16,Barry Collier,71.1,69.5,7.94,7.28,104.2,101.8,20,"Tue, Jan 30, 2001",REG,@,Kansas State,Big 12,3.96,W,63,61,,10,10,W 1,Bramlage Coliseum,
2000-01,14,16,Barry Collier,71.1,69.5,7.94,7.28,104.2,101.8,21,"Sat, Feb 3, 2001",REG,,Colorado,Big 12,11.11,L,57,60,,10,11,L 1,Bob Devaney Sports Center,
2000-01,14,16,Barry Collier,71.1,69.5,7.94,7.28,104.2,101.8,22,"Wed, Feb 7, 2001",REG,,Oklahoma State,Big 12,10.83,W,78,75,OT,11,11,W 1,Bob Devaney Sports Center,
2000-01,14,16,Barry Collier,71.1,69.5,7.94,7.28,104.2,101.8,23,"Sat, Feb 10, 2001",REG,@,Baylor,Big 12,7.39,L,58,69,,11,12,L 1,Ferrell Center,
2000-01,14,16,Barry Collier,71.1,69.5,7.94,7.28,104.2,101.8,24,"Wed, Feb 14, 2001",REG,,Kansas State,Big 12,3.96,W,82,56,,12,12,W 1,Bob Devaney Sports Center,
2000-01,14,16,Barry Collier,71.1,69.5,7.94,7.28,104.2,101.8,25,"Sat, Feb 17, 2001",REG,@,Colorado,Big 12,11.11,W,87,82,OT,13,12,W 2,Coors Events Center,
2000-01,14,16,Barry Collier,71.1,69.5,7.94,7.28,104.2,101.8,26,"Wed, Feb 21, 2001",REG,@,Texas Tech,Big 12,0.12,L,64,65,,13,13,L 1,United Spirit Arena,
2000-01,14,16,Barry Collier,71.1,69.5,7.94,7.28,104.2,101.8,27,"Sun, Feb 25, 2001",REG,,Kansas (11),Big 12,20.23,L,74,78,,13,14,L 2,Bob Devaney Sports Center,
2000-01,14,16,Barry Collier,71.1,69.5,7.94,7.28,104.2,101.8,28,"Wed, Feb 28, 2001",REG,,Texas A&M,Big 12,-2.18,W,97,69,,14,14,W 1,Bob Devaney Sports Center,
2000-01,14,16,Barry Collier,71.1,69.5,7.94,7.28,104.2,101.8,29,"Sat, Mar 3, 2001",REG,@,Iowa State (8),Big 12,15.9,L,73,86,,14,15,L 1,James H. Hilton Coliseum,
2000-01,14,16,Barry Collier,71.1,69.5,7.94,7.28,104.2,101.8,30,"Thu, Mar 8, 2001",CTOURN,N,Kansas State,Big 12,3.96,L,58,62,,14,16,L 2,Kemper Arena,
2001-02,13,15,Barry Collier,69.8,70.7,4.41,6.08,,,1,"Tue, Nov 20, 2001",REG,,North Carolina A&T,MEAC,-12.95,W,69,57,,1,0,W 1,Bob Devaney Sports Center,
2001-02,13,15,Barry Collier,69.8,70.7,4.41,6.08,,,2,"Sat, Nov 24, 2001",REG,,Winthrop,Big South,-6.53,W,73,65,,2,0,W 2,Bob Devaney Sports Center,
2001-02,13,15,Barry Collier,69.8,70.7,4.41,6.08,,,3,"Wed, Nov 28, 2001",REG,,UTSA,Southland,-3.25,W,81,63,,3,0,W 3,Nebraska Coliseum,
2001-02,13,15,Barry Collier,69.8,70.7,4.41,6.08,,,4,"Sun, Dec 2, 2001",REG,,Wofford,Southern,-7.02,W,65,46,,4,0,W 4,Nebraska Coliseum,
2001-02,13,15,Barry Collier,69.8,70.7,4.41,6.08,,,5,"Wed, Dec 5, 2001",REG,,Western Illinois,Mid-Cont,-7.45,W,72,53,,5,0,W 5,Nebraska Coliseum,
2001-02,13,15,Barry Collier,69.8,70.7,4.41,6.08,,,6,"Sat, Dec 8, 2001",REG,,Oral Roberts,Mid-Cont,3.07,W,61,55,,6,0,W 6,Nebraska Coliseum,
2001-02,13,15,Barry Collier,69.8,70.7,4.41,6.08,,,7,"Wed, Dec 12, 2001",REG,@,Creighton,MVC,8.39,L,70,76,,6,1,L 1,Omaha Civic Auditorium,
2001-02,13,15,Barry Collier,69.8,70.7,4.41,6.08,,,8,"Sat, Dec 15, 2001",REG,,Sam Houston,Southland,-4.96,L,70,74,,6,2,L 2,Nebraska Coliseum,
2001-02,13,15,Barry Collier,69.8,70.7,4.41,6.08,,,9,"Sat, Dec 22, 2001",REG,@,Minnesota,Big Ten,12.83,L,72,81,,6,3,L 3,Williams Arena,
2001-02,13,15,Barry Collier,69.8,70.7,4.41,6.08,,,10,"Sat, Dec 29, 2001",REG,@,Pacific,Big West,2.92,L,52,75,,6,4,L 4,Alex G. Spanos Center,
2001-02,13,15,Barry Collier,69.8,70.7,4.41,6.08,,,11,"Wed, Jan 2, 2002",REG,,Savannah State,,,W,66,47,,7,4,W 1,Nebraska Coliseum,
2001-02,13,15,Barry Collier,69.8,70.7,4.41,6.08,,,12,"Sat, Jan 5, 2002",REG,@,Missouri (17),Big 12,14.22,L,53,60,,7,5,L 1,Hearnes Center,
2001-02,13,15,Barry Collier,69.8,70.7,4.41,6.08,,,13,"Wed, Jan 9, 2002",REG,@,Kansas (1),Big 12,24.38,L,57,96,,7,6,L 2,Allen Fieldhouse,
2001-02,13,15,Barry Collier,69.8,70.7,4.41,6.08,,,14,"Sat, Jan 12, 2002",REG,,Colorado,Big 12,6.17,W,75,67,,8,6,W 1,Nebraska Coliseum,
2001-02,13,15,Barry Collier,69.8,70.7,4.41,6.08,,,15,"Wed, Jan 16, 2002",REG,,Oklahoma (5),Big 12,21.02,L,51,78,,8,7,L 1,Bob Devaney Sports Center,
2001-02,13,15,Barry Collier,69.8,70.7,4.41,6.08,,,16,"Sat, Jan 19, 2002",REG,@,Texas,Big 12,14.32,L,66,77,,8,8,L 2,Frank Erwin Center,
2001-02,13,15,Barry Collier,69.8,70.7,4.41,6.08,,,17,"Wed, Jan 23, 2002",REG,@,Oklahoma State (11),Big 12,14.4,L,63,70,,8,9,L 3,Gallagher-Iba Arena,
2001-02,13,15,Barry Collier,69.8,70.7,4.41,6.08,,,18,"Sat, Jan 26, 2002",REG,,Iowa State,Big 12,4.02,W,86,84,OT,9,9,W 1,Nebraska Coliseum,
2001-02,13,15,Barry Collier,69.8,70.7,4.41,6.08,,,19,"Wed, Jan 30, 2002",REG,,Texas Tech (20),Big 12,14.72,W,80,69,,10,9,W 2,Nebraska Coliseum,
2001-02,13,15,Barry Collier,69.8,70.7,4.41,6.08,,,20,"Tue, Feb 5, 2002",REG,@,Colorado,Big 12,6.17,L,61,84,,10,10,L 1,Coors Events Center,
2001-02,13,15,Barry Collier,69.8,70.7,4.41,6.08,,,21,"Sat, Feb 9, 2002",REG,,Kansas State,Big 12,3.81,W,99,82,,11,10,W 1,Bob Devaney Sports Center,
2001-02,13,15,Barry Collier,69.8,70.7,4.41,6.08,,,22,"Wed, Feb 13, 2002",REG,,Missouri,Big 12,14.22,L,71,87,,11,11,L 1,Bob Devaney Sports Center,
2001-02,13,15,Barry Collier,69.8,70.7,4.41,6.08,,,23,"Sat, Feb 16, 2002",REG,@,Iowa State,Big 12,4.02,L,79,85,,11,12,L 2,James H. Hilton Coliseum,
2001-02,13,15,Barry Collier,69.8,70.7,4.41,6.08,,,24,"Wed, Feb 20, 2002",REG,@,Texas A&M,Big 12,-3.02,W,82,72,,12,12,W 1,Reed Arena,
2001-02,13,15,Barry Collier,69.8,70.7,4.41,6.08,,,25,"Sun, Feb 24, 2002",REG,,Kansas (1),Big 12,24.38,L,87,88,,12,13,L 1,Bob Devaney Sports Center,
2001-02,13,15,Barry Collier,69.8,70.7,4.41,6.08,,,26,"Wed, Feb 27, 2002",REG,,Baylor,Big 12,6.23,W,75,55,,13,13,W 1,Bob Devaney Sports Center,
2001-02,13,15,Barry Collier,69.8,70.7,4.41,6.08,,,27,"Sat, Mar 2, 2002",REG,@,Kansas State,Big 12,3.81,L,58,67,,13,14,L 1,Bramlage Coliseum,
2001-02,13,15,Barry Collier,69.8,70.7,4.41,6.08,,,28,"Thu, Mar 7, 2002",CTOURN,N,Colorado,Big 12,6.17,L,60,67,,13,15,L 2,Kemper Arena,
2002-03,11,19,Barry Collier,63.3,68.5,3.46,9.21,,,1,"Thu, Nov 21, 2002",REG,N,Centenary (LA),Ind,-9.66,W,68,45,,1,0,W 1,Carlson Center,
2002-03,11,19,Barry Collier,63.3,68.5,3.46,9.21,,,2,"Sat, Nov 23, 2002",REG,@,Alaska-Fairbanks,,,L,61,64,,1,1,L 1,Carlson Center,
2002-03,11,19,Barry Collier,63.3,68.5,3.46,9.21,,,3,"Sun, Nov 24, 2002",REG,N,Ball State,MAC,-0.57,L,65,73,,1,2,L 2,Carlson Center,
2002-03,11,19,Barry Collier,63.3,68.5,3.46,9.21,,,4,"Sun, Dec 1, 2002",REG,,UTSA,Southland,-11.18,W,69,53,,2,2,W 1,Bob Devaney Sports Center,
2002-03,11,19,Barry Collier,63.3,68.5,3.46,9.21,,,5,"Thu, Dec 5, 2002",REG,@,South Florida,CUSA,4.2,L,60,65,,2,3,L 1,Sun Dome,
2002-03,11,19,Barry Collier,63.3,68.5,3.46,9.21,,,6,"Sun, Dec 8, 2002",REG,,Minnesota (20),Big Ten,9.11,W,80,60,,3,3,W 1,Bob Devaney Sports Center,
2002-03,11,19,Barry Collier,63.3,68.5,3.46,9.21,,,7,"Sat, Dec 14, 2002",REG,,Purdue Fort Wayne,Ind,-10.93,W,63,46,,4,3,W 2,Bob Devaney Sports Center,
2002-03,11,19,Barry Collier,63.3,68.5,3.46,9.21,,,8,"Sat, Dec 21, 2002",REG,,Creighton (20),MVC,15.32,L,73,81,,4,4,L 1,Bob Devaney Sports Center,
2002-03,11,19,Barry Collier,63.3,68.5,3.46,9.21,,,9,"Fri, Dec 27, 2002",REG,N,UC Santa Barbara,Big West,3.1,W,60,57,,5,4,W 1,Wells Fargo Arena,
2002-03,11,19,Barry Collier,63.3,68.5,3.46,9.21,,,10,"Sat, Dec 28, 2002",REG,@,Arizona State,Pac-10,15.02,L,63,75,,5,5,L 1,Wells Fargo Arena,
2002-03,11,19,Barry Collier,63.3,68.5,3.46,9.21,,,11,"Tue, Dec 31, 2002",REG,,Eastern Washington,Big Sky,2.53,W,63,60,,6,5,W 1,Bob Devaney Sports Center,
2002-03,11,19,Barry Collier,63.3,68.5,3.46,9.21,,,12,"Sat, Jan 4, 2003",REG,,Denver,Sun Belt,1.53,W,79,75,OT,7,5,W 2,Bob Devaney Sports Center,
2002-03,11,19,Barry Collier,63.3,68.5,3.46,9.21,,,13,"Tue, Jan 7, 2003",REG,,Lipscomb,Ind,,W,70,60,,8,5,W 3,Bob Devaney Sports Center,
2002-03,11,19,Barry Collier,63.3,68.5,3.46,9.21,,,14,"Sat, Jan 11, 2003",REG,@,Kansas (14),Big 12,25,L,59,92,,8,6,L 1,Allen Fieldhouse,
2002-03,11,19,Barry Collier,63.3,68.5,3.46,9.21,,,15,"Wed, Jan 15, 2003",REG,,Texas A&M,Big 12,5.98,L,52,53,,8,7,L 2,Bob Devaney Sports Center,
2002-03,11,19,Barry Collier,63.3,68.5,3.46,9.21,,,16,"Sat, Jan 18, 2003",REG,,Colorado,Big 12,12.83,W,80,77,OT,9,7,W 1,Bob Devaney Sports Center,
2002-03,11,19,Barry Collier,63.3,68.5,3.46,9.21,,,17,"Wed, Jan 22, 2003",REG,@,Kansas State,Big 12,10.14,L,53,77,,9,8,L 1,Bramlage Coliseum,
2002-03,11,19,Barry Collier,63.3,68.5,3.46,9.21,,,18,"Sat, Jan 25, 2003",REG,@,Iowa State,Big 12,9.82,L,61,71,,9,9,L 2,James H. Hilton Coliseum,
2002-03,11,19,Barry Collier,63.3,68.5,3.46,9.21,,,19,"Wed, Jan 29, 2003",REG,,Missouri (25),Big 12,14.88,L,56,63,,9,10,L 3,Bob Devaney Sports Center,
2002-03,11,19,Barry Collier,63.3,68.5,3.46,9.21,,,20,"Sat, Feb 1, 2003",REG,,Kansas (12),Big 12,25,L,51,81,,9,11,L 4,Bob Devaney Sports Center,
2002-03,11,19,Barry Collier,63.3,68.5,3.46,9.21,,,21,"Wed, Feb 5, 2003",REG,@,Texas Tech,Big 12,14.81,L,49,75,,9,12,L 5,United Spirit Arena,
2002-03,11,19,Barry Collier,63.3,68.5,3.46,9.21,,,22,"Wed, Feb 12, 2003",REG,,Oklahoma State (13),Big 12,14.62,L,70,77,,9,13,L 6,Bob Devaney Sports Center,
2002-03,11,19,Barry Collier,63.3,68.5,3.46,9.21,,,23,"Sat, Feb 15, 2003",REG,,Texas (6),Big 12,18.91,L,63,75,,9,14,L 7,Bob Devaney Sports Center,
2002-03,11,19,Barry Collier,63.3,68.5,3.46,9.21,,,24,"Tue, Feb 18, 2003",REG,@,Missouri,Big 12,14.88,L,50,67,,9,15,L 8,Hearnes Center,
2002-03,11,19,Barry Collier,63.3,68.5,3.46,9.21,,,25,"Sat, Feb 22, 2003",REG,@,Baylor,Big 12,6.05,L,64,78,,9,16,L 9,Ferrell Center,
2002-03,11,19,Barry Collier,63.3,68.5,3.46,9.21,,,26,"Tue, Feb 25, 2003",REG,,Kansas State,Big 12,10.14,W,68,61,,10,16,W 1,Bob Devaney Sports Center,
2002-03,11,19,Barry Collier,63.3,68.5,3.46,9.21,,,27,"Sat, Mar 1, 2003",REG,,Iowa State,Big 12,9.82,W,69,63,,11,16,W 2,Bob Devaney Sports Center,
2002-03,11,19,Barry Collier,63.3,68.5,3.46,9.21,,,28,"Tue, Mar 4, 2003",REG,@,Oklahoma (5),Big 12,18.86,L,51,76,,11,17,L 1,Lloyd Noble Center,
2002-03,11,19,Barry Collier,63.3,68.5,3.46,9.21,,,29,"Sat, Mar 8, 2003",REG,@,Colorado,Big 12,12.83,L,69,84,,11,18,L 2,Coors Events Center,
2002-03,11,19,Barry Collier,63.3,68.5,3.46,9.21,,,30,"Thu, Mar 13, 2003",CTOURN,N,Missouri,Big 12,14.88,L,61,70,,11,19,L 3,American Airlines Center,
2003-04,18,13,Barry Collier,70.5,62.9,12.66,5.08,,,1,"Sat, Nov 22, 2003",REG,,FDU,NEC,-7.11,W,80,64,,1,0,W 1,Bob Devaney Sports Center,
2003-04,18,13,Barry Collier,70.5,62.9,12.66,5.08,,,2,"Sat, Nov 29, 2003",REG,,Eastern Michigan,MAC,-3.98,W,67,59,,2,0,W 2,Bob Devaney Sports Center,
2003-04,18,13,Barry Collier,70.5,62.9,12.66,5.08,,,3,"Wed, Dec 3, 2003",REG,,Arizona State,Pac-10,2.82,W,66,60,,3,0,W 3,Bob Devaney Sports Center,
2003-04,18,13,Barry Collier,70.5,62.9,12.66,5.08,,,4,"Sat, Dec 6, 2003",REG,,South Florida,CUSA,-2.3,W,75,52,,4,0,W 4,Bob Devaney Sports Center,
2003-04,18,13,Barry Collier,70.5,62.9,12.66,5.08,,,5,"Mon, Dec 8, 2003",REG,,Delaware State,MEAC,-8.44,W,68,39,,5,0,W 5,Bob Devaney Sports Center,
2003-04,18,13,Barry Collier,70.5,62.9,12.66,5.08,,,6,"Wed, Dec 10, 2003",REG,@,Creighton,MVC,8.52,L,54,61,,5,1,L 1,Qwest Center Omaha,
2003-04,18,13,Barry Collier,70.5,62.9,12.66,5.08,,,7,"Sat, Dec 13, 2003",REG,,Tennessee,SEC,7.38,W,77,62,,6,1,W 1,Bob Devaney Sports Center,
2003-04,18,13,Barry Collier,70.5,62.9,12.66,5.08,,,8,"Sat, Dec 20, 2003",REG,,Bethune-Cookman,MEAC,-18.49,W,70,26,,7,1,W 2,Bob Devaney Sports Center,
2003-04,18,13,Barry Collier,70.5,62.9,12.66,5.08,,,9,"Mon, Dec 22, 2003",REG,,Lipscomb,A-Sun,-15.18,W,75,52,,8,1,W 3,Bob Devaney Sports Center,
2003-04,18,13,Barry Collier,70.5,62.9,12.66,5.08,,,10,"Mon, Dec 29, 2003",REG,@,Minnesota,Big Ten,3.73,W,77,60,,9,1,W 4,Williams Arena,
2003-04,18,13,Barry Collier,70.5,62.9,12.66,5.08,,,11,"Tue, Jan 6, 2004",REG,,Saint Francis (PA),NEC,-10.66,W,93,49,,10,1,W 5,Bob Devaney Sports Center,
2003-04,18,13,Barry Collier,70.5,62.9,12.66,5.08,,,12,"Sat, Jan 10, 2004",REG,@,Iowa State,Big 12,9.22,L,74,89,,10,2,L 1,James H. Hilton Coliseum,
2003-04,18,13,Barry Collier,70.5,62.9,12.66,5.08,,,13,"Wed, Jan 14, 2004",REG,,Colorado,Big 12,9.68,L,60,68,,10,3,L 2,Bob Devaney Sports Center,
2003-04,18,13,Barry Collier,70.5,62.9,12.66,5.08,,,14,"Sat, Jan 17, 2004",REG,@,Texas (18),Big 12,18.52,L,61,63,,10,4,L 3,Frank Erwin Center,
2003-04,18,13,Barry Collier,70.5,62.9,12.66,5.08,,,15,"Wed, Jan 21, 2004",REG,,Baylor,Big 12,-2.73,W,76,47,,11,4,W 1,Bob Devaney Sports Center,
2003-04,18,13,Barry Collier,70.5,62.9,12.66,5.08,,,16,"Sat, Jan 24, 2004",REG,@,Missouri,Big 12,10.67,L,51,72,,11,5,L 1,Hearnes Center,
2003-04,18,13,Barry Collier,70.5,62.9,12.66,5.08,,,17,"Sun, Feb 1, 2004",REG,,Oklahoma (25),Big 12,10.53,L,50,52,,11,6,L 2,Bob Devaney Sports Center,
2003-04,18,13,Barry Collier,70.5,62.9,12.66,5.08,,,18,"Wed, Feb 4, 2004",REG,@,Kansas State,Big 12,8.7,L,61,78,,11,7,L 3,Bramlage Coliseum,
2003-04,18,13,Barry Collier,70.5,62.9,12.66,5.08,,,19,"Sat, Feb 7, 2004",REG,,Missouri,Big 12,10.67,W,78,62,,12,7,W 1,Bob Devaney Sports Center,
2003-04,18,13,Barry Collier,70.5,62.9,12.66,5.08,,,20,"Wed, Feb 11, 2004",REG,@,Texas A&M,Big 12,-1.51,W,83,77,,13,7,W 2,Reed Arena,
2003-04,18,13,Barry Collier,70.5,62.9,12.66,5.08,,,21,"Sun, Feb 15, 2004",REG,,Kansas (12),Big 12,17.1,W,74,55,,14,7,W 3,Bob Devaney Sports Center,
2003-04,18,13,Barry Collier,70.5,62.9,12.66,5.08,,,22,"Wed, Feb 18, 2004",REG,,Kansas State,Big 12,8.7,L,58,63,,14,8,L 1,Bob Devaney Sports Center,
2003-04,18,13,Barry Collier,70.5,62.9,12.66,5.08,,,23,"Sat, Feb 21, 2004",REG,@,Oklahoma State (7),Big 12,20.85,L,83,87,OT,14,9,L 2,Gallagher-Iba Arena,
2003-04,18,13,Barry Collier,70.5,62.9,12.66,5.08,,,24,"Tue, Feb 24, 2004",REG,,Texas Tech (25),Big 12,14.71,W,72,44,,15,9,W 1,Bob Devaney Sports Center,
2003-04,18,13,Barry Collier,70.5,62.9,12.66,5.08,,,25,"Sat, Feb 28, 2004",REG,,Iowa State,Big 12,9.22,W,68,65,,16,9,W 2,Bob Devaney Sports Center,
2003-04,18,13,Barry Collier,70.5,62.9,12.66,5.08,,,26,"Wed, Mar 3, 2004",REG,@,Kansas (21),Big 12,17.1,L,67,78,,16,10,L 1,Allen Fieldhouse,
2003-04,18,13,Barry Collier,70.5,62.9,12.66,5.08,,,27,"Sat, Mar 6, 2004",REG,@,Colorado,Big 12,9.68,L,75,78,,16,11,L 2,Coors Events Center,
2003-04,18,13,Barry Collier,70.5,62.9,12.66,5.08,,,28,"Thu, Mar 11, 2004",CTOURN,N,Oklahoma,Big 12,10.53,L,59,63,,16,12,L 3,American Airlines Center,
2003-04,18,13,Barry Collier,70.5,62.9,12.66,5.08,,,29,"Tue, Mar 16, 2004",NIT,@,Creighton,MVC,8.52,W,71,70,,17,12,W 1,Qwest Center Omaha,
2003-04,18,13,Barry Collier,70.5,62.9,12.66,5.08,,,30,"Fri, Mar 19, 2004",NIT,,Niagara,MAAC,3.27,W,78,70,,18,12,W 2,Bob Devaney Sports Center,
2003-04,18,13,Barry Collier,70.5,62.9,12.66,5.08,,,31,"Mon, Mar 22, 2004",NIT,@,Hawaii,WAC,7.7,L,83,84,,18,13,L 1,Stan Sheriff Center,
2004-05,14,14,Barry Collier,68,63.9,9.38,6.38,,,1,"Tue, Nov 23, 2004",REG,,Arkansas-Pine Bluff,SWAC,-20.72,W,97,40,,1,0,W 1,Bob Devaney Sports Center,
2004-05,14,14,Barry Collier,68,63.9,9.38,6.38,,,2,"Sat, Nov 27, 2004",REG,,Texas Southern,SWAC,-16.79,W,78,58,,2,0,W 2,Bob Devaney Sports Center,
2004-05,14,14,Barry Collier,68,63.9,9.38,6.38,,,3,"Thu, Dec 2, 2004",REG,@,UAB,CUSA,10.41,L,66,80,,2,1,L 1,Bartow Arena,
2004-05,14,14,Barry Collier,68,63.9,9.38,6.38,,,4,"Mon, Dec 6, 2004",REG,,Morgan State,MEAC,-13.15,W,64,34,,3,1,W 1,Bob Devaney Sports Center,
2004-05,14,14,Barry Collier,68,63.9,9.38,6.38,,,5,"Wed, Dec 8, 2004",REG,,Minnesota,Big Ten,12.1,L,48,57,,3,2,L 1,Bob Devaney Sports Center,
2004-05,14,14,Barry Collier,68,63.9,9.38,6.38,,,6,"Sat, Dec 11, 2004",REG,,Creighton,MVC,10.14,L,48,50,,3,3,L 2,Bob Devaney Sports Center,
2004-05,14,14,Barry Collier,68,63.9,9.38,6.38,,,7,"Sat, Dec 18, 2004",REG,,North Carolina A&T,MEAC,-17.11,W,71,49,,4,3,W 1,Bob Devaney Sports Center,
2004-05,14,14,Barry Collier,68,63.9,9.38,6.38,,,8,"Tue, Dec 21, 2004",REG,@,Marquette,CUSA,6.57,L,62,81,,4,4,L 1,Bradley Center,
2004-05,14,14,Barry Collier,68,63.9,9.38,6.38,,,9,"Thu, Dec 30, 2004",REG,@,Tennessee,SEC,8.47,W,62,61,,5,4,W 1,Thompson-Boling Arena,
2004-05,14,14,Barry Collier,68,63.9,9.38,6.38,,,10,"Sun, Jan 2, 2005",REG,,Montana State,Big Sky,-6.73,W,78,45,,6,4,W 2,Bob Devaney Sports Center,
2004-05,14,14,Barry Collier,68,63.9,9.38,6.38,,,11,"Sat, Jan 8, 2005",REG,,Kansas State,Big 12,9.98,W,95,85,2OT,7,4,W 3,Bob Devaney Sports Center,
2004-05,14,14,Barry Collier,68,63.9,9.38,6.38,,,12,"Wed, Jan 12, 2005",REG,@,Colorado,Big 12,4.91,W,68,61,,8,4,W 4,Coors Events Center,
2004-05,14,14,Barry Collier,68,63.9,9.38,6.38,,,13,"Sat, Jan 15, 2005",REG,,Texas (10),Big 12,15.49,L,53,63,,8,5,L 1,Bob Devaney Sports Center,
2004-05,14,14,Barry Collier,68,63.9,9.38,6.38,,,14,"Wed, Jan 19, 2005",REG,@,Kansas (2),Big 12,20.68,L,57,59,,8,6,L 2,Allen Fieldhouse,
2004-05,14,14,Barry Collier,68,63.9,9.38,6.38,,,15,"Sat, Jan 22, 2005",REG,@,Missouri,Big 12,7.3,L,70,80,,8,7,L 3,Mizzou Arena,
2004-05,14,14,Barry Collier,68,63.9,9.38,6.38,,,16,"Wed, Jan 26, 2005",REG,,Texas A&M,Big 12,13.15,W,77,67,,9,7,W 1,Bob Devaney Sports Center,
2004-05,14,14,Barry Collier,68,63.9,9.38,6.38,,,17,"Sat, Jan 29, 2005",REG,@,Texas Tech,Big 12,16.23,L,68,84,,9,8,L 1,United Spirit Arena,
2004-05,14,14,Barry Collier,68,63.9,9.38,6.38,,,18,"Tue, Feb 1, 2005",REG,,Utah Valley,Ind,,W,91,57,,10,8,W 1,Bob Devaney Sports Center,
2004-05,14,14,Barry Collier,68,63.9,9.38,6.38,,,19,"Sat, Feb 5, 2005",REG,,Kansas (3),Big 12,20.68,L,65,78,,10,9,L 1,Bob Devaney Sports Center,
2004-05,14,14,Barry Collier,68,63.9,9.38,6.38,,,20,"Tue, Feb 8, 2005",REG,,Iowa State,Big 12,11.37,L,60,65,,10,10,L 2,Bob Devaney Sports Center,
2004-05,14,14,Barry Collier,68,63.9,9.38,6.38,,,21,"Sat, Feb 12, 2005",REG,@,Baylor,Big 12,-2.79,W,74,63,,11,10,W 1,Ferrell Center,
2004-05,14,14,Barry Collier,68,63.9,9.38,6.38,,,22,"Wed, Feb 16, 2005",REG,@,Oklahoma (21),Big 12,19.96,L,60,83,,11,11,L 1,Lloyd Noble Center,
2004-05,14,14,Barry Collier,68,63.9,9.38,6.38,,,23,"Sat, Feb 19, 2005",REG,,Missouri,Big 12,7.3,L,53,56,,11,12,L 2,Bob Devaney Sports Center,
2004-05,14,14,Barry Collier,68,63.9,9.38,6.38,,,24,"Tue, Feb 22, 2005",REG,,Oklahoma State (4),Big 12,21.39,W,74,67,,12,12,W 1,Bob Devaney Sports Center,
2004-05,14,14,Barry Collier,68,63.9,9.38,6.38,,,25,"Sun, Feb 27, 2005",REG,@,Iowa State,Big 12,11.37,W,76,69,,13,12,W 2,James H. Hilton Coliseum,
2004-05,14,14,Barry Collier,68,63.9,9.38,6.38,,,26,"Wed, Mar 2, 2005",REG,,Colorado,Big 12,4.91,W,70,55,,14,12,W 3,Bob Devaney Sports Center,
2004-05,14,14,Barry Collier,68,63.9,9.38,6.38,,,27,"Sat, Mar 5, 2005",REG,@,Kansas State,Big 12,9.98,L,53,73,,14,13,L 1,Bramlage Coliseum,
2004-05,14,14,Barry Collier,68,63.9,9.38,6.38,,,28,"Thu, Mar 10, 2005",CTOURN,N,Missouri,Big 12,7.3,L,67,70,,14,14,L 2,Kemper Arena,
2005-06,19,14,Barry Collier,66.7,66.1,6.31,6.74,,,1,"Fri, Nov 18, 2005",REG,,Longwood,Ind,,W,80,65,,1,0,W 1,Bob Devaney Sports Center,
2005-06,19,14,Barry Collier,66.7,66.1,6.31,6.74,,,2,"Sat, Nov 19, 2005",REG,,Yale,Ivy,-7.31,W,73,64,,2,0,W 2,Bob Devaney Sports Center,
2005-06,19,14,Barry Collier,66.7,66.1,6.31,6.74,,,3,"Sun, Nov 20, 2005",REG,,Louisiana Tech,WAC,4.32,W,59,56,,3,0,W 3,Bob Devaney Sports Center,
2005-06,19,14,Barry Collier,66.7,66.1,6.31,6.74,,,4,"Sun, Nov 27, 2005",REG,,Southeast Missouri State,OVC,-14.23,W,69,54,,4,0,W 4,Bob Devaney Sports Center,
2005-06,19,14,Barry Collier,66.7,66.1,6.31,6.74,,,5,"Wed, Nov 30, 2005",REG,,Marquette,Big East,11.33,W,84,74,,5,0,W 5,Bob Devaney Sports Center,
2005-06,19,14,Barry Collier,66.7,66.1,6.31,6.74,,,6,"Sat, Dec 3, 2005",REG,,UAB,CUSA,9.64,L,72,73,,5,1,L 1,Bob Devaney Sports Center,
2005-06,19,14,Barry Collier,66.7,66.1,6.31,6.74,,,7,"Thu, Dec 8, 2005",REG,,South Dakota State,Ind,,W,76,67,,6,1,W 1,Bob Devaney Sports Center,
2005-06,19,14,Barry Collier,66.7,66.1,6.31,6.74,,,8,"Sun, Dec 11, 2005",REG,@,Creighton,MVC,10.11,L,44,70,,6,2,L 1,Qwest Center Omaha,
2005-06,19,14,Barry Collier,66.7,66.1,6.31,6.74,,,9,"Sat, Dec 17, 2005",REG,,Chicago State,Mid-Cont,-7.2,W,76,65,,7,2,W 1,Bob Devaney Sports Center,
2005-06,19,14,Barry Collier,66.7,66.1,6.31,6.74,,,10,"Mon, Dec 19, 2005",REG,,North Carolina A&T,MEAC,-18.19,W,107,57,,8,2,W 2,Bob Devaney Sports Center,
2005-06,19,14,Barry Collier,66.7,66.1,6.31,6.74,,,11,"Wed, Dec 21, 2005",REG,,Alabama A&M,SWAC,-9.12,W,67,60,,9,2,W 3,Bob Devaney Sports Center,
2005-06,19,14,Barry Collier,66.7,66.1,6.31,6.74,,,12,"Sat, Dec 31, 2005",REG,N,Florida State,ACC,12.36,L,60,74,,9,3,L 1,BankAtlantic Center,
2005-06,19,14,Barry Collier,66.7,66.1,6.31,6.74,,,13,"Tue, Jan 3, 2006",REG,,Northern Colorado,Ind,,W,60,50,,10,3,W 1,Bob Devaney Sports Center,
2005-06,19,14,Barry Collier,66.7,66.1,6.31,6.74,,,14,"Sat, Jan 7, 2006",REG,,Oklahoma (12),Big 12,11.89,W,59,58,,11,3,W 2,Bob Devaney Sports Center,
2005-06,19,14,Barry Collier,66.7,66.1,6.31,6.74,,,15,"Wed, Jan 11, 2006",REG,@,Kansas State,Big 12,8.96,W,57,42,,12,3,W 3,Bramlage Coliseum,
2005-06,19,14,Barry Collier,66.7,66.1,6.31,6.74,,,16,"Tue, Jan 17, 2006",REG,,Iowa State,Big 12,9.44,L,75,88,,12,4,L 1,Bob Devaney Sports Center,
2005-06,19,14,Barry Collier,66.7,66.1,6.31,6.74,,,17,"Sat, Jan 21, 2006",REG,@,Kansas,Big 12,20.02,L,54,96,,12,5,L 2,Allen Fieldhouse,
2005-06,19,14,Barry Collier,66.7,66.1,6.31,6.74,,,18,"Wed, Jan 25, 2006",REG,@,Colorado,Big 12,11.17,L,59,81,,12,6,L 3,Coors Events Center,
2005-06,19,14,Barry Collier,66.7,66.1,6.31,6.74,,,19,"Sat, Jan 28, 2006",REG,,Missouri,Big 12,1.99,W,65,52,,13,6,W 1,Bob Devaney Sports Center,
2005-06,19,14,Barry Collier,66.7,66.1,6.31,6.74,,,20,"Tue, Jan 31, 2006",REG,@,Oklahoma State,Big 12,11.25,W,59,57,,14,6,W 2,Gallagher-Iba Arena,
2005-06,19,14,Barry Collier,66.7,66.1,6.31,6.74,,,21,"Sat, Feb 4, 2006",REG,,Baylor,Big 12,2.3,W,60,45,,15,6,W 3,Bob Devaney Sports Center,
2005-06,19,14,Barry Collier,66.7,66.1,6.31,6.74,,,22,"Wed, Feb 8, 2006",REG,,Kansas,Big 12,20.02,L,48,69,,15,7,L 1,Bob Devaney Sports Center,
2005-06,19,14,Barry Collier,66.7,66.1,6.31,6.74,,,23,"Sat, Feb 11, 2006",REG,@,Texas (6),Big 12,21.89,L,59,78,,15,8,L 2,Frank Erwin Center,
2005-06,19,14,Barry Collier,66.7,66.1,6.31,6.74,,,24,"Wed, Feb 15, 2006",REG,@,Iowa State,Big 12,9.44,W,73,63,,16,8,W 1,James H. Hilton Coliseum,
2005-06,19,14,Barry Collier,66.7,66.1,6.31,6.74,,,25,"Sat, Feb 18, 2006",REG,,Texas Tech,Big 12,6.31,L,64,70,,16,9,L 1,Bob Devaney Sports Center,
2005-06,19,14,Barry Collier,66.7,66.1,6.31,6.74,,,26,"Wed, Feb 22, 2006",REG,,Colorado,Big 12,11.17,W,93,77,,17,9,W 1,Bob Devaney Sports Center,
2005-06,19,14,Barry Collier,66.7,66.1,6.31,6.74,,,27,"Sat, Feb 25, 2006",REG,@,Texas A&M,Big 12,13.19,L,55,66,,17,10,L 1,Reed Arena,
2005-06,19,14,Barry Collier,66.7,66.1,6.31,6.74,,,28,"Wed, Mar 1, 2006",REG,,Kansas State,Big 12,8.96,L,64,66,,17,11,L 2,Bob Devaney Sports Center,
2005-06,19,14,Barry Collier,66.7,66.1,6.31,6.74,,,29,"Sun, Mar 5, 2006",REG,@,Missouri,Big 12,1.99,L,63,64,,17,12,L 3,Mizzou Arena,
2005-06,19,14,Barry Collier,66.7,66.1,6.31,6.74,,,30,"Thu, Mar 9, 2006",CTOURN,N,Missouri,Big 12,1.99,W,71,64,,18,12,W 1,American Airlines Center,
2005-06,19,14,Barry Collier,66.7,66.1,6.31,6.74,,,31,"Fri, Mar 10, 2006",CTOURN,N,Oklahoma (22),Big 12,11.89,W,69,63,,19,12,W 2,American Airlines Center,
2005-06,19,14,Barry Collier,66.7,66.1,6.31,6.74,,,32,"Sat, Mar 11, 2006",CTOURN,N,Kansas (17),Big 12,20.02,L,65,79,,19,13,L 1,American Airlines Center,
2005-06,19,14,Barry Collier,66.7,66.1,6.31,6.74,,,33,"Thu, Mar 16, 2006",NIT,@,Hofstra,CAA,6.66,L,62,73,,19,14,L 2,Hofstra Arena,
2006-07,17,14,Doc Sadler,66.8,64.2,6.94,5.35,,,1,"Tue, Nov 14, 2006",REG,,Omaha,,,W,76,62,,1,0,W 1,Bob Devaney Sports Center,
2006-07,17,14,Doc Sadler,66.8,64.2,6.94,5.35,,,2,"Sat, Nov 18, 2006",REG,,Creighton (20),MVC,12.57,W,73,61,,2,0,W 2,Bob Devaney Sports Center,
2006-07,17,14,Doc Sadler,66.8,64.2,6.94,5.35,,,3,"Tue, Nov 21, 2006",REG,,Lubbock Christian,,,W,65,42,,3,0,W 3,Bob Devaney Sports Center,
2006-07,17,14,Doc Sadler,66.8,64.2,6.94,5.35,,,4,"Mon, Nov 27, 2006",REG,,Arkansas-Pine Bluff,SWAC,-17.21,W,71,42,,4,0,W 4,Bob Devaney Sports Center,
2006-07,17,14,Doc Sadler,66.8,64.2,6.94,5.35,,,5,"Wed, Nov 29, 2006",REG,,North Texas,Sun Belt,-3.11,W,76,57,,5,0,W 5,Bob Devaney Sports Center,
2006-07,17,14,Doc Sadler,66.8,64.2,6.94,5.35,,,6,"Sat, Dec 2, 2006",REG,@,Rutgers,Big East,-2.25,L,73,75,,5,1,L 1,Louis Brown Athletic Center,
2006-07,17,14,Doc Sadler,66.8,64.2,6.94,5.35,,,7,"Sat, Dec 9, 2006",REG,N,Oregon,Pac-10,15.95,L,56,68,,5,2,L 2,Rose Garden Arena,
2006-07,17,14,Doc Sadler,66.8,64.2,6.94,5.35,,,8,"Sun, Dec 17, 2006",REG,,Alabama A&M,SWAC,-23.55,W,82,55,,6,2,W 1,Bob Devaney Sports Center,
2006-07,17,14,Doc Sadler,66.8,64.2,6.94,5.35,,,9,"Wed, Dec 20, 2006",REG,N,Wyoming,MWC,2.27,W,73,58,,7,2,W 2,Stan Sheriff Center,
2006-07,17,14,Doc Sadler,66.8,64.2,6.94,5.35,,,10,"Fri, Dec 22, 2006",REG,@,Hawaii,WAC,6.99,L,72,81,,7,3,L 1,Stan Sheriff Center,
2006-07,17,14,Doc Sadler,66.8,64.2,6.94,5.35,,,11,"Sat, Dec 23, 2006",REG,N,Houston,CUSA,5.75,W,70,57,,8,3,W 1,Stan Sheriff Center,
2006-07,17,14,Doc Sadler,66.8,64.2,6.94,5.35,,,12,"Sat, Dec 30, 2006",REG,N,Miami (FL),ACC,5.49,W,82,67,,9,3,W 2,BankAtlantic Center,
2006-07,17,14,Doc Sadler,66.8,64.2,6.94,5.35,,,13,"Wed, Jan 3, 2007",REG,,Savannah State,Ind,-15.95,W,81,53,,10,3,W 3,Bob Devaney Sports Center,
2006-07,17,14,Doc Sadler,66.8,64.2,6.94,5.35,,,14,"Sat, Jan 6, 2007",REG,,Western Kentucky,Sun Belt,1,W,82,71,,11,3,W 4,Bob Devaney Sports Center,
2006-07,17,14,Doc Sadler,66.8,64.2,6.94,5.35,,,15,"Wed, Jan 10, 2007",REG,@,Iowa State,Big 12,1.85,L,62,71,,11,4,L 1,James H. Hilton Coliseum,
2006-07,17,14,Doc Sadler,66.8,64.2,6.94,5.35,,,16,"Wed, Jan 17, 2007",REG,@,Oklahoma,Big 12,13.02,L,53,70,,11,5,L 2,Lloyd Noble Center,
2006-07,17,14,Doc Sadler,66.8,64.2,6.94,5.35,,,17,"Sat, Jan 20, 2007",REG,,Colorado,Big 12,-4.14,W,71,50,,12,5,W 1,Bob Devaney Sports Center,
2006-07,17,14,Doc Sadler,66.8,64.2,6.94,5.35,,,18,"Wed, Jan 24, 2007",REG,,Texas,Big 12,15.6,L,61,62,,12,6,L 1,Bob Devaney Sports Center,
2006-07,17,14,Doc Sadler,66.8,64.2,6.94,5.35,,,19,"Sat, Jan 27, 2007",REG,@,Kansas State,Big 12,10.35,L,45,61,,12,7,L 2,Bramlage Coliseum,
2006-07,17,14,Doc Sadler,66.8,64.2,6.94,5.35,,,20,"Mon, Jan 29, 2007",REG,,Kansas (6),Big 12,22.62,L,56,76,,12,8,L 3,Bob Devaney Sports Center,
2006-07,17,14,Doc Sadler,66.8,64.2,6.94,5.35,,,21,"Sat, Feb 3, 2007",REG,@,Missouri,Big 12,10.77,W,66,61,,13,8,W 1,Mizzou Arena,
2006-07,17,14,Doc Sadler,66.8,64.2,6.94,5.35,,,22,"Tue, Feb 6, 2007",REG,@,Texas Tech,Big 12,9.71,W,61,59,,14,8,W 2,United Spirit Arena,
2006-07,17,14,Doc Sadler,66.8,64.2,6.94,5.35,,,23,"Sat, Feb 10, 2007",REG,,Texas A&M (6),Big 12,21.27,L,55,66,,14,9,L 1,Bob Devaney Sports Center,
2006-07,17,14,Doc Sadler,66.8,64.2,6.94,5.35,,,24,"Tue, Feb 13, 2007",REG,,Kansas State,Big 12,10.35,W,74,63,,15,9,W 1,Bob Devaney Sports Center,
2006-07,17,14,Doc Sadler,66.8,64.2,6.94,5.35,,,25,"Sat, Feb 17, 2007",REG,@,Kansas (9),Big 12,22.62,L,39,92,,15,10,L 1,Allen Fieldhouse,
2006-07,17,14,Doc Sadler,66.8,64.2,6.94,5.35,,,26,"Wed, Feb 21, 2007",REG,@,Baylor,Big 12,5.42,L,59,63,,15,11,L 2,Ferrell Center,
2006-07,17,14,Doc Sadler,66.8,64.2,6.94,5.35,,,27,"Sat, Feb 24, 2007",REG,,Missouri,Big 12,10.77,W,82,77,OT,16,11,W 1,Bob Devaney Sports Center,
2006-07,17,14,Doc Sadler,66.8,64.2,6.94,5.35,,,28,"Wed, Feb 28, 2007",REG,,Iowa State,Big 12,1.85,L,63,69,,16,12,L 1,Bob Devaney Sports Center,
2006-07,17,14,Doc Sadler,66.8,64.2,6.94,5.35,,,29,"Sat, Mar 3, 2007",REG,@,Colorado,Big 12,-4.14,L,69,73,,16,13,L 2,Coors Events Center,
2006-07,17,14,Doc Sadler,66.8,64.2,6.94,5.35,,,30,"Mon, Mar 5, 2007",REG,,Oklahoma State,Big 12,9.63,W,85,73,,17,13,W 1,Bob Devaney Sports Center,
2006-07,17,14,Doc Sadler,66.8,64.2,6.94,5.35,,,31,"Thu, Mar 8, 2007",CTOURN,N,Oklahoma State,Big 12,9.63,L,39,54,,17,14,L 1,Ford Center,
2007-08,20,13,Doc Sadler,67.1,60.7,11.31,6.34,,,1,"Sat, Nov 10, 2007",REG,,Presbyterian,Ind,,W,67,52,,1,0,W 1,Bob Devaney Sports Center,
2007-08,20,13,Doc Sadler,67.1,60.7,11.31,6.34,,,2,"Sat, Nov 17, 2007",REG,,Alabama A&M,SWAC,-16.14,W,59,45,,2,0,W 2,Bob Devaney Sports Center,
2007-08,20,13,Doc Sadler,67.1,60.7,11.31,6.34,,,3,"Tue, Nov 20, 2007",REG,,Norfolk State,MEAC,-13.65,W,83,48,,3,0,W 3,Bob Devaney Sports Center,
2007-08,20,13,Doc Sadler,67.1,60.7,11.31,6.34,,,4,"Sat, Nov 24, 2007",REG,@,Creighton,MVC,8.06,L,62,74,,3,1,L 1,Qwest Center Omaha,
2007-08,20,13,Doc Sadler,67.1,60.7,11.31,6.34,,,5,"Mon, Nov 26, 2007",REG,,Purdue Fort Wayne,Summit,-5.25,W,79,62,,4,1,W 1,Bob Devaney Sports Center,
2007-08,20,13,Doc Sadler,67.1,60.7,11.31,6.34,,,6,"Sun, Dec 2, 2007",REG,,Arizona State,Pac-10,10.31,W,62,47,,5,1,W 2,Bob Devaney Sports Center,
2007-08,20,13,Doc Sadler,67.1,60.7,11.31,6.34,,,7,"Wed, Dec 5, 2007",REG,@,Western Kentucky,Sun Belt,9.34,L,62,69,OT,5,2,L 1,E. A. Diddle Arena,
2007-08,20,13,Doc Sadler,67.1,60.7,11.31,6.34,,,8,"Sun, Dec 9, 2007",REG,,Rutgers,Big East,-1.57,W,63,51,,6,2,W 1,Bob Devaney Sports Center,
2007-08,20,13,Doc Sadler,67.1,60.7,11.31,6.34,,,9,"Tue, Dec 11, 2007",REG,,Savannah State,Ind,-16.24,W,82,37,,7,2,W 2,Bob Devaney Sports Center,
2007-08,20,13,Doc Sadler,67.1,60.7,11.31,6.34,,,10,"Sat, Dec 15, 2007",REG,N,Oregon (16),Pac-10,11.68,W,88,79,OT,8,2,W 3,Qwest Center Omaha,
2007-08,20,13,Doc Sadler,67.1,60.7,11.31,6.34,,,11,"Sat, Dec 22, 2007",REG,,North Carolina Central,Ind,,W,71,28,,9,2,W 4,Bob Devaney Sports Center,
2007-08,20,13,Doc Sadler,67.1,60.7,11.31,6.34,,,12,"Sat, Dec 29, 2007",REG,,Alcorn State,SWAC,-23.12,W,77,53,,10,2,W 5,Bob Devaney Sports Center,
2007-08,20,13,Doc Sadler,67.1,60.7,11.31,6.34,,,13,"Fri, Jan 4, 2008",REG,,Maryland-Eastern Shore,MEAC,-23.75,W,86,50,,11,2,W 6,Bob Devaney Sports Center,
2007-08,20,13,Doc Sadler,67.1,60.7,11.31,6.34,,,14,"Sat, Jan 12, 2008",REG,,Kansas (3),Big 12,26.9,L,58,79,,11,3,L 1,Bob Devaney Sports Center,
2007-08,20,13,Doc Sadler,67.1,60.7,11.31,6.34,,,15,"Tue, Jan 15, 2008",REG,@,Colorado,Big 12,4.05,L,51,55,,11,4,L 2,Coors Events Center,
2007-08,20,13,Doc Sadler,67.1,60.7,11.31,6.34,,,16,"Sat, Jan 19, 2008",REG,,Baylor,Big 12,11.46,L,70,72,,11,5,L 3,Bob Devaney Sports Center,
2007-08,20,13,Doc Sadler,67.1,60.7,11.31,6.34,,,17,"Sat, Jan 26, 2008",REG,@,Kansas (2),Big 12,26.9,L,49,84,,11,6,L 4,Allen Fieldhouse,
2007-08,20,13,Doc Sadler,67.1,60.7,11.31,6.34,,,18,"Wed, Jan 30, 2008",REG,@,Missouri,Big 12,11.75,W,66,62,,12,6,W 1,Mizzou Arena,
2007-08,20,13,Doc Sadler,67.1,60.7,11.31,6.34,,,19,"Sat, Feb 2, 2008",REG,,Iowa State,Big 12,3.97,W,64,56,,13,6,W 2,Bob Devaney Sports Center,
2007-08,20,13,Doc Sadler,67.1,60.7,11.31,6.34,,,20,"Wed, Feb 6, 2008",REG,@,Kansas State (20),Big 12,15.79,L,59,74,,13,7,L 1,Bramlage Coliseum,
2007-08,20,13,Doc Sadler,67.1,60.7,11.31,6.34,,,21,"Sat, Feb 9, 2008",REG,,Texas Tech,Big 12,7.35,W,73,62,,14,7,W 1,Bob Devaney Sports Center,
2007-08,20,13,Doc Sadler,67.1,60.7,11.31,6.34,,,22,"Wed, Feb 13, 2008",REG,,Missouri,Big 12,11.75,L,78,86,OT,14,8,L 1,Bob Devaney Sports Center,
2007-08,20,13,Doc Sadler,67.1,60.7,11.31,6.34,,,23,"Sat, Feb 16, 2008",REG,@,Iowa State,Big 12,3.97,L,52,60,,14,9,L 2,James H. Hilton Coliseum,
2007-08,20,13,Doc Sadler,67.1,60.7,11.31,6.34,,,24,"Wed, Feb 20, 2008",REG,,Kansas State (24),Big 12,15.79,W,71,64,,15,9,W 1,Bob Devaney Sports Center,
2007-08,20,13,Doc Sadler,67.1,60.7,11.31,6.34,,,25,"Sat, Feb 23, 2008",REG,@,Texas A&M (22),Big 12,16.2,W,65,59,,16,9,W 2,Reed Arena,
2007-08,20,13,Doc Sadler,67.1,60.7,11.31,6.34,,,26,"Wed, Feb 27, 2008",REG,,Oklahoma,Big 12,11.97,W,63,45,,17,9,W 3,Bob Devaney Sports Center,
2007-08,20,13,Doc Sadler,67.1,60.7,11.31,6.34,,,27,"Sat, Mar 1, 2008",REG,@,Oklahoma State,Big 12,9.39,L,63,77,,17,10,L 1,Gallagher-Iba Arena,
2007-08,20,13,Doc Sadler,67.1,60.7,11.31,6.34,,,28,"Tue, Mar 4, 2008",REG,@,Texas (9),Big 12,18.13,L,66,70,,17,11,L 2,Frank Erwin Center,
2007-08,20,13,Doc Sadler,67.1,60.7,11.31,6.34,,,29,"Sun, Mar 9, 2008",REG,,Colorado,Big 12,4.05,W,68,49,,18,11,W 1,Bob Devaney Sports Center,
2007-08,20,13,Doc Sadler,67.1,60.7,11.31,6.34,,,30,"Thu, Mar 13, 2008",CTOURN,N,Missouri,Big 12,11.75,W,61,56,,19,11,W 2,Sprint Center,
2007-08,20,13,Doc Sadler,67.1,60.7,11.31,6.34,,,31,"Fri, Mar 14, 2008",CTOURN,N,Kansas (5),Big 12,26.9,L,54,64,,19,12,L 1,Sprint Center,
2007-08,20,13,Doc Sadler,67.1,60.7,11.31,6.34,,,32,"Wed, Mar 19, 2008",NIT,,Charlotte,A-10,6.54,W,67,48,,20,12,W 1,Bob Devaney Sports Center,
2007-08,20,13,Doc Sadler,67.1,60.7,11.31,6.34,,,33,"Mon, Mar 24, 2008",NIT,@,Mississippi,SEC,12.29,L,75,85,OT,20,13,L 1,"C.M. ""Tad"" Smith Coliseu",
2008-09,18,13,Doc Sadler,64.5,60.4,8.92,4.82,,,1,"Sun, Nov 16, 2008",REG,,San Jose State,WAC,-2.64,W,63,46,,1,0,W 1,Bob Devaney Sports Center,
2008-09,18,13,Doc Sadler,64.5,60.4,8.92,4.82,,,2,"Wed, Nov 19, 2008",REG,@,TCU,MWC,2.23,W,62,50,,2,0,W 2,Daniel-Meyer Coliseum,
2008-09,18,13,Doc Sadler,64.5,60.4,8.92,4.82,,,3,"Sat, Nov 22, 2008",REG,,Arkansas-Pine Bluff,SWAC,-15.45,W,67,53,,3,0,W 3,Bob Devaney Sports Center,
2008-09,18,13,Doc Sadler,64.5,60.4,8.92,4.82,,,4,"Tue, Nov 25, 2008",REG,,Saint Louis,A-10,1.02,W,71,57,,4,0,W 4,Bob Devaney Sports Center,
2008-09,18,13,Doc Sadler,64.5,60.4,8.92,4.82,,,5,"Sat, Nov 29, 2008",REG,,Creighton,MVC,8.69,W,54,52,,5,0,W 5,Bob Devaney Sports Center,
2008-09,18,13,Doc Sadler,64.5,60.4,8.92,4.82,,,6,"Wed, Dec 3, 2008",REG,,Alabama State,SWAC,-6.13,W,80,51,,6,0,W 6,Bob Devaney Sports Center,
2008-09,18,13,Doc Sadler,64.5,60.4,8.92,4.82,,,7,"Sun, Dec 7, 2008",REG,@,Arizona State (19),Pac-10,16.7,L,44,64,,6,1,L 1,Wells Fargo Arena,
2008-09,18,13,Doc Sadler,64.5,60.4,8.92,4.82,,,8,"Sat, Dec 13, 2008",REG,@,Oregon State,Pac-10,4.25,L,63,64,,6,2,L 2,Gill Coliseum,
2008-09,18,13,Doc Sadler,64.5,60.4,8.92,4.82,,,9,"Sat, Dec 20, 2008",REG,,Purdue Fort Wayne,Summit,-5.42,W,75,48,,7,2,W 1,Bob Devaney Sports Center,
2008-09,18,13,Doc Sadler,64.5,60.4,8.92,4.82,,,10,"Tue, Dec 23, 2008",REG,,Maryland-Baltimore County,AmEast,-8.74,L,64,66,,7,3,L 1,Bob Devaney Sports Center,
2008-09,18,13,Doc Sadler,64.5,60.4,8.92,4.82,,,11,"Tue, Dec 30, 2008",REG,,South Carolina State,MEAC,-10.31,W,77,63,,8,3,W 1,Bob Devaney Sports Center,
2008-09,18,13,Doc Sadler,64.5,60.4,8.92,4.82,,,12,"Sat, Jan 3, 2009",REG,,Maryland-Eastern Shore,MEAC,-22.6,W,88,56,,9,3,W 2,Bob Devaney Sports Center,
2008-09,18,13,Doc Sadler,64.5,60.4,8.92,4.82,,,13,"Mon, Jan 5, 2009",REG,,Florida A&M,MEAC,-17.22,W,81,56,,10,3,W 3,Bob Devaney Sports Center,
2008-09,18,13,Doc Sadler,64.5,60.4,8.92,4.82,,,14,"Sat, Jan 10, 2009",REG,,Missouri,Big 12,19.56,W,56,51,,11,3,W 4,Bob Devaney Sports Center,
2008-09,18,13,Doc Sadler,64.5,60.4,8.92,4.82,,,15,"Wed, Jan 14, 2009",REG,@,Iowa State,Big 12,3.48,L,53,65,,11,4,L 1,James H. Hilton Coliseum,
2008-09,18,13,Doc Sadler,64.5,60.4,8.92,4.82,,,16,"Sat, Jan 17, 2009",REG,,Kansas State,Big 12,12.18,W,73,51,,12,4,W 1,Bob Devaney Sports Center,
2008-09,18,13,Doc Sadler,64.5,60.4,8.92,4.82,,,17,"Wed, Jan 21, 2009",REG,@,Oklahoma (6),Big 12,18.07,L,61,72,,12,5,L 1,Lloyd Noble Center,
2008-09,18,13,Doc Sadler,64.5,60.4,8.92,4.82,,,18,"Sat, Jan 24, 2009",REG,,Oklahoma State,Big 12,13.78,L,74,76,OT,12,6,L 2,Bob Devaney Sports Center,
2008-09,18,13,Doc Sadler,64.5,60.4,8.92,4.82,,,19,"Wed, Jan 28, 2009",REG,,Kansas,Big 12,18.02,L,62,68,,12,7,L 3,Bob Devaney Sports Center,
2008-09,18,13,Doc Sadler,64.5,60.4,8.92,4.82,,,20,"Sat, Jan 31, 2009",REG,@,Texas Tech,Big 12,5.04,W,82,69,,13,7,W 1,United Spirit Arena,
2008-09,18,13,Doc Sadler,64.5,60.4,8.92,4.82,,,21,"Wed, Feb 4, 2009",REG,@,Colorado,Big 12,-0.06,W,55,53,,14,7,W 2,CU Events Center,
2008-09,18,13,Doc Sadler,64.5,60.4,8.92,4.82,,,22,"Sat, Feb 7, 2009",REG,,Texas (16),Big 12,14.83,W,58,55,,15,7,W 3,Bob Devaney Sports Center,
2008-09,18,13,Doc Sadler,64.5,60.4,8.92,4.82,,,23,"Sat, Feb 14, 2009",REG,@,Missouri (17),Big 12,19.56,L,47,70,,15,8,L 1,Mizzou Arena,
2008-09,18,13,Doc Sadler,64.5,60.4,8.92,4.82,,,24,"Wed, Feb 18, 2009",REG,,Colorado,Big 12,-0.06,W,46,41,,16,8,W 1,Bob Devaney Sports Center,
2008-09,18,13,Doc Sadler,64.5,60.4,8.92,4.82,,,25,"Sat, Feb 21, 2009",REG,@,Kansas (15),Big 12,18.02,L,53,70,,16,9,L 1,Allen Fieldhouse,
2008-09,18,13,Doc Sadler,64.5,60.4,8.92,4.82,,,26,"Tue, Feb 24, 2009",REG,,Texas A&M,Big 12,10.52,L,55,57,,16,10,L 2,Bob Devaney Sports Center,
2008-09,18,13,Doc Sadler,64.5,60.4,8.92,4.82,,,27,"Sat, Feb 28, 2009",REG,@,Kansas State,Big 12,12.18,L,72,77,,16,11,L 3,Bramlage Coliseum,
2008-09,18,13,Doc Sadler,64.5,60.4,8.92,4.82,,,28,"Wed, Mar 4, 2009",REG,,Iowa State,Big 12,3.48,W,77,61,,17,11,W 1,Bob Devaney Sports Center,
2008-09,18,13,Doc Sadler,64.5,60.4,8.92,4.82,,,29,"Sat, Mar 7, 2009",REG,@,Baylor,Big 12,12.54,W,66,62,,18,11,W 2,Ferrell Center,
2008-09,18,13,Doc Sadler,64.5,60.4,8.92,4.82,,,30,"Wed, Mar 11, 2009",CTOURN,N,Baylor,Big 12,12.54,L,49,65,,18,12,L 1,Ford Center,
2008-09,18,13,Doc Sadler,64.5,60.4,8.92,4.82,,,31,"Tue, Mar 17, 2009",NIT,@,New Mexico,MWC,11.37,L,71,83,,18,13,L 2,University Arena,
2009-10,15,18,Doc Sadler,66.5,66.7,6.6,6.66,,,1,"Sat, Nov 14, 2009",REG,,South Carolina Upstate,A-Sun,,W,76,49,,1,0,W 1,Bob Devaney Sports Center,
2009-10,15,18,Doc Sadler,66.5,66.7,6.6,6.66,,,2,"Wed, Nov 18, 2009",REG,@,Saint Louis,A-10,5.46,L,55,69,,1,1,L 1,Chaifetz Arena,
2009-10,15,18,Doc Sadler,66.5,66.7,6.6,6.66,,,3,"Sat, Nov 21, 2009",REG,,TCU,MWC,-0.25,W,90,77,,2,1,W 1,Bob Devaney Sports Center,
2009-10,15,18,Doc Sadler,66.5,66.7,6.6,6.66,,,4,"Tue, Nov 24, 2009",REG,,Kansas City,Summit,-13.88,W,70,48,,3,1,W 2,Bob Devaney Sports Center,
2009-10,15,18,Doc Sadler,66.5,66.7,6.6,6.66,,,5,"Sun, Nov 29, 2009",REG,@,Southern California,Pac-10,8.93,W,51,48,,4,1,W 3,Galen Center,
2009-10,15,18,Doc Sadler,66.5,66.7,6.6,6.66,,,6,"Wed, Dec 2, 2009",REG,,Texas-Rio Grande Valley,GWC,-17.31,W,81,53,,5,1,W 4,Bob Devaney Sports Center,
2009-10,15,18,Doc Sadler,66.5,66.7,6.6,6.66,,,7,"Sun, Dec 6, 2009",REG,@,Creighton,MVC,3.59,L,61,67,,5,2,L 1,Qwest Center Omaha,
2009-10,15,18,Doc Sadler,66.5,66.7,6.6,6.66,,,8,"Thu, Dec 10, 2009",REG,,Chicago State,GWC,-21.8,W,74,39,,6,2,W 1,Bob Devaney Sports Center,
2009-10,15,18,Doc Sadler,66.5,66.7,6.6,6.66,,,9,"Sat, Dec 12, 2009",REG,,Oregon State,Pac-10,3.76,W,50,44,,7,2,W 2,Bob Devaney Sports Center,
2009-10,15,18,Doc Sadler,66.5,66.7,6.6,6.66,,,10,"Sat, Dec 19, 2009",REG,,Jackson State,SWAC,-13.21,W,57,41,,8,2,W 3,Bob Devaney Sports Center,
2009-10,15,18,Doc Sadler,66.5,66.7,6.6,6.66,,,11,"Tue, Dec 22, 2009",REG,N,Tulsa,CUSA,8.46,W,74,70,,9,2,W 4,Orleans Arena,
2009-10,15,18,Doc Sadler,66.5,66.7,6.6,6.66,,,12,"Wed, Dec 23, 2009",REG,N,Brigham Young,MWC,18.82,L,66,88,,9,3,L 1,Orleans Arena,
2009-10,15,18,Doc Sadler,66.5,66.7,6.6,6.66,,,13,"Tue, Dec 29, 2009",REG,,Southern Utah,Summit,-17.42,W,94,61,,10,3,W 1,Bob Devaney Sports Center,
2009-10,15,18,Doc Sadler,66.5,66.7,6.6,6.66,,,14,"Sat, Jan 2, 2010",REG,,Maryland-Eastern Shore,MEAC,-16.18,W,74,60,,11,3,W 2,Bob Devaney Sports Center,
2009-10,15,18,Doc Sadler,66.5,66.7,6.6,6.66,,,15,"Tue, Jan 5, 2010",REG,,Southeastern Louisiana,Southland,-3.97,W,77,59,,12,3,W 3,Bob Devaney Sports Center,
2009-10,15,18,Doc Sadler,66.5,66.7,6.6,6.66,,,16,"Sat, Jan 9, 2010",REG,@,Texas A&M,Big 12,15.24,L,53,64,,12,4,L 1,Reed Arena,
2009-10,15,18,Doc Sadler,66.5,66.7,6.6,6.66,,,17,"Wed, Jan 13, 2010",REG,,Kansas (3),Big 12,24.68,L,72,84,,12,5,L 2,Bob Devaney Sports Center,
2009-10,15,18,Doc Sadler,66.5,66.7,6.6,6.66,,,18,"Sat, Jan 16, 2010",REG,,Iowa State,Big 12,9.6,L,53,56,,12,6,L 3,Bob Devaney Sports Center,
2009-10,15,18,Doc Sadler,66.5,66.7,6.6,6.66,,,19,"Sat, Jan 23, 2010",REG,@,Missouri,Big 12,17.39,L,53,70,,12,7,L 4,Mizzou Arena,
2009-10,15,18,Doc Sadler,66.5,66.7,6.6,6.66,,,20,"Wed, Jan 27, 2010",REG,@,Colorado,Big 12,7.01,L,60,72,,12,8,L 5,CU Events Center,
2009-10,15,18,Doc Sadler,66.5,66.7,6.6,6.66,,,21,"Sat, Jan 30, 2010",REG,,Oklahoma,Big 12,6.24,W,63,46,,13,8,W 1,Bob Devaney Sports Center,
2009-10,15,18,Doc Sadler,66.5,66.7,6.6,6.66,,,22,"Tue, Feb 2, 2010",REG,,Kansas State (10),Big 12,19.88,L,57,76,,13,9,L 1,Bob Devaney Sports Center,
2009-10,15,18,Doc Sadler,66.5,66.7,6.6,6.66,,,23,"Sat, Feb 6, 2010",REG,@,Kansas (1),Big 12,24.68,L,64,75,,13,10,L 2,Allen Fieldhouse,
2009-10,15,18,Doc Sadler,66.5,66.7,6.6,6.66,,,24,"Wed, Feb 10, 2010",REG,,Baylor (24),Big 12,17.97,L,53,55,,13,11,L 3,Bob Devaney Sports Center,
2009-10,15,18,Doc Sadler,66.5,66.7,6.6,6.66,,,25,"Sat, Feb 13, 2010",REG,@,Texas (14),Big 12,18.56,L,51,91,,13,12,L 4,Frank Erwin Center,
2009-10,15,18,Doc Sadler,66.5,66.7,6.6,6.66,,,26,"Wed, Feb 17, 2010",REG,@,Kansas State (7),Big 12,19.88,L,87,91,,13,13,L 5,Bramlage Coliseum,
2009-10,15,18,Doc Sadler,66.5,66.7,6.6,6.66,,,27,"Sat, Feb 20, 2010",REG,,Missouri,Big 12,17.39,L,59,74,,13,14,L 6,Bob Devaney Sports Center,
2009-10,15,18,Doc Sadler,66.5,66.7,6.6,6.66,,,28,"Wed, Feb 24, 2010",REG,@,Iowa State,Big 12,9.6,L,74,78,,13,15,L 7,James H. Hilton Coliseum,
2009-10,15,18,Doc Sadler,66.5,66.7,6.6,6.66,,,29,"Sat, Feb 27, 2010",REG,,Texas Tech,Big 12,7.97,W,83,79,2OT,14,15,W 1,Bob Devaney Sports Center,
2009-10,15,18,Doc Sadler,66.5,66.7,6.6,6.66,,,30,"Tue, Mar 2, 2010",REG,,Colorado,Big 12,7.01,L,68,81,,14,16,L 1,Bob Devaney Sports Center,
2009-10,15,18,Doc Sadler,66.5,66.7,6.6,6.66,,,31,"Sat, Mar 6, 2010",REG,@,Oklahoma State,Big 12,12.34,L,55,74,,14,17,L 2,Gallagher-Iba Arena,
2009-10,15,18,Doc Sadler,66.5,66.7,6.6,6.66,,,32,"Wed, Mar 10, 2010",CTOURN,N,Missouri,Big 12,17.39,W,75,60,,15,17,W 1,Sprint Center,
2009-10,15,18,Doc Sadler,66.5,66.7,6.6,6.66,,,33,"Thu, Mar 11, 2010",CTOURN,N,Texas A&M (23),Big 12,15.24,L,64,70,,15,18,L 1,Sprint Center,
2010-11,19,13,Doc Sadler,66.4,60.5,10.54,4.57,,,1,"Fri, Nov 12, 2010",REG,,South Dakota,GWC,-9.72,W,76,68,,1,0,W 1,Bob Devaney Sports Center,
2010-11,19,13,Doc Sadler,66.4,60.5,10.54,4.57,,,2,"Mon, Nov 15, 2010",REG,,Arkansas-Pine Bluff,SWAC,-20,W,83,40,,2,0,W 2,Bob Devaney Sports Center,
2010-11,19,13,Doc Sadler,66.4,60.5,10.54,4.57,,,3,"Thu, Nov 18, 2010",REG,N,Vanderbilt,SEC,15.1,L,49,59,,2,1,L 1,José Miguel Agrelot Coliseum,
2010-11,19,13,Doc Sadler,66.4,60.5,10.54,4.57,,,4,"Fri, Nov 19, 2010",REG,N,Davidson,Southern,-0.39,L,67,70,,2,2,L 2,José Miguel Agrelot Coliseum,
2010-11,19,13,Doc Sadler,66.4,60.5,10.54,4.57,,,5,"Sun, Nov 21, 2010",REG,N,Hofstra,CAA,-0.03,W,62,47,,3,2,W 1,José Miguel Agrelot Coliseum,
2010-11,19,13,Doc Sadler,66.4,60.5,10.54,4.57,,,6,"Sat, Nov 27, 2010",REG,,Southern California,Pac-10,11.52,W,60,58,,4,2,W 2,Bob Devaney Sports Center,
2010-11,19,13,Doc Sadler,66.4,60.5,10.54,4.57,,,7,"Wed, Dec 1, 2010",REG,,Jackson State,SWAC,-10.43,W,76,57,,5,2,W 3,Bob Devaney Sports Center,
2010-11,19,13,Doc Sadler,66.4,60.5,10.54,4.57,,,8,"Sun, Dec 5, 2010",REG,,Creighton,MVC,4.87,W,59,54,,6,2,W 4,Bob Devaney Sports Center,
2010-11,19,13,Doc Sadler,66.4,60.5,10.54,4.57,,,9,"Wed, Dec 8, 2010",REG,,Alcorn State,SWAC,-23.02,W,78,57,,7,2,W 5,Bob Devaney Sports Center,
2010-11,19,13,Doc Sadler,66.4,60.5,10.54,4.57,,,10,"Sat, Dec 11, 2010",REG,,TCU,MWC,0.96,W,70,56,,8,2,W 6,Bob Devaney Sports Center,
2010-11,19,13,Doc Sadler,66.4,60.5,10.54,4.57,,,11,"Sat, Dec 18, 2010",REG,,Eastern Washington,Big Sky,-8.5,W,72,42,,9,2,W 7,Bob Devaney Sports Center,
2010-11,19,13,Doc Sadler,66.4,60.5,10.54,4.57,,,12,"Tue, Dec 21, 2010",REG,,Grambling,SWAC,-18.45,W,79,39,,10,2,W 8,Bob Devaney Sports Center,
2010-11,19,13,Doc Sadler,66.4,60.5,10.54,4.57,,,13,"Mon, Jan 3, 2011",REG,,North Dakota,GWC,-11.83,W,77,46,,11,2,W 9,Bob Devaney Sports Center,
2010-11,19,13,Doc Sadler,66.4,60.5,10.54,4.57,,,14,"Wed, Jan 5, 2011",REG,,Savannah State,Ind,-9.06,W,68,48,,12,2,W 10,Bob Devaney Sports Center,
2010-11,19,13,Doc Sadler,66.4,60.5,10.54,4.57,,,15,"Sat, Jan 8, 2011",REG,,Iowa State,Big 12,8.86,W,63,62,,13,2,W 11,Bob Devaney Sports Center,
2010-11,19,13,Doc Sadler,66.4,60.5,10.54,4.57,,,16,"Wed, Jan 12, 2011",REG,@,Missouri (15),Big 12,14.77,L,69,77,,13,3,L 1,Mizzou Arena,
2010-11,19,13,Doc Sadler,66.4,60.5,10.54,4.57,,,17,"Sat, Jan 15, 2011",REG,@,Kansas (3),Big 12,24.1,L,60,63,,13,4,L 2,Allen Fieldhouse,
2010-11,19,13,Doc Sadler,66.4,60.5,10.54,4.57,,,18,"Tue, Jan 18, 2011",REG,,Colorado,Big 12,11.45,W,79,67,,14,4,W 1,Bob Devaney Sports Center,
2010-11,19,13,Doc Sadler,66.4,60.5,10.54,4.57,,,19,"Sat, Jan 22, 2011",REG,@,Texas Tech,Big 12,4.02,L,71,72,,14,5,L 1,United Spirit Arena,
2010-11,19,13,Doc Sadler,66.4,60.5,10.54,4.57,,,20,"Sat, Jan 29, 2011",REG,,Texas A&M (13),Big 12,12.62,W,57,48,,15,5,W 1,Bob Devaney Sports Center,
2010-11,19,13,Doc Sadler,66.4,60.5,10.54,4.57,,,21,"Wed, Feb 2, 2011",REG,@,Kansas State,Big 12,14.59,L,53,69,,15,6,L 1,Bramlage Coliseum,
2010-11,19,13,Doc Sadler,66.4,60.5,10.54,4.57,,,22,"Sat, Feb 5, 2011",REG,,Kansas (2),Big 12,24.1,L,66,86,,15,7,L 2,Bob Devaney Sports Center,
2010-11,19,13,Doc Sadler,66.4,60.5,10.54,4.57,,,23,"Wed, Feb 9, 2011",REG,@,Baylor,Big 12,10,L,70,74,,15,8,L 3,Ferrell Center,
2010-11,19,13,Doc Sadler,66.4,60.5,10.54,4.57,,,24,"Sat, Feb 12, 2011",REG,,Oklahoma State,Big 12,8.53,W,65,54,,16,8,W 1,Bob Devaney Sports Center,
2010-11,19,13,Doc Sadler,66.4,60.5,10.54,4.57,,,25,"Wed, Feb 16, 2011",REG,@,Oklahoma,Big 12,3.71,W,59,58,,17,8,W 2,Lloyd Noble Center,
2010-11,19,13,Doc Sadler,66.4,60.5,10.54,4.57,,,26,"Sat, Feb 19, 2011",REG,,Texas (3),Big 12,20.82,W,70,67,,18,8,W 3,Bob Devaney Sports Center,
2010-11,19,13,Doc Sadler,66.4,60.5,10.54,4.57,,,27,"Wed, Feb 23, 2011",REG,,Kansas State,Big 12,14.59,L,57,61,,18,9,L 1,Bob Devaney Sports Center,
2010-11,19,13,Doc Sadler,66.4,60.5,10.54,4.57,,,28,"Sat, Feb 26, 2011",REG,@,Iowa State,Big 12,8.86,L,82,83,OT,18,10,L 2,James H. Hilton Coliseum,
2010-11,19,13,Doc Sadler,66.4,60.5,10.54,4.57,,,29,"Tue, Mar 1, 2011",REG,,Missouri (22),Big 12,14.77,W,69,58,,19,10,W 1,Bob Devaney Sports Center,
2010-11,19,13,Doc Sadler,66.4,60.5,10.54,4.57,,,30,"Sat, Mar 5, 2011",REG,@,Colorado,Big 12,11.45,L,57,67,,19,11,L 1,CU Events Center,
2010-11,19,13,Doc Sadler,66.4,60.5,10.54,4.57,,,31,"Wed, Mar 9, 2011",CTOURN,N,Oklahoma State,Big 12,8.53,L,52,53,,19,12,L 2,Sprint Center,
2010-11,19,13,Doc Sadler,66.4,60.5,10.54,4.57,,,32,"Wed, Mar 16, 2011",NIT,@,Wichita State,MVC,12.57,L,49,76,,19,13,L 3,Charles Koch Arena,
2011-12,12,18,Doc Sadler,60.9,65.6,3.52,8.25,97.2,104.8,1,"Fri, Nov 11, 2011",REG,,South Dakota,Summit,-9.56,W,65,48,,1,0,W 1,Bob Devaney Sports Center,
2011-12,12,18,Doc Sadler,60.9,65.6,3.52,8.25,97.2,104.8,2,"Mon, Nov 14, 2011",REG,@,Southern California,Pac-12,-0.51,W,64,61,2OT,2,0,W 2,Galen Center,
2011-12,12,18,Doc Sadler,60.9,65.6,3.52,8.25,97.2,104.8,3,"Sun, Nov 20, 2011",REG,,Rhode Island,A-10,-3.78,W,83,63,,3,0,W 3,Bob Devaney Sports Center,
2011-12,12,18,Doc Sadler,60.9,65.6,3.52,8.25,97.2,104.8,4,"Wed, Nov 23, 2011",REG,,Oregon,Pac-12,10.19,L,76,83,,3,1,L 1,Bob Devaney Sports Center,
2011-12,12,18,Doc Sadler,60.9,65.6,3.52,8.25,97.2,104.8,5,"Sat, Nov 26, 2011",REG,,South Dakota State,Summit,7.34,W,76,64,,4,1,W 1,Bob Devaney Sports Center,
2011-12,12,18,Doc Sadler,60.9,65.6,3.52,8.25,97.2,104.8,6,"Wed, Nov 30, 2011",REG,,Wake Forest,ACC,-0.75,L,53,55,,4,2,L 1,Bob Devaney Sports Center,
2011-12,12,18,Doc Sadler,60.9,65.6,3.52,8.25,97.2,104.8,7,"Sun, Dec 4, 2011",REG,@,Creighton,MVC,12.92,L,66,76,,4,3,L 2,CenturyLink Center Omaha,
2011-12,12,18,Doc Sadler,60.9,65.6,3.52,8.25,97.2,104.8,8,"Wed, Dec 7, 2011",REG,,Florida Gulf Coast,A-Sun,-2.41,W,51,50,,5,3,W 1,Bob Devaney Sports Center,
2011-12,12,18,Doc Sadler,60.9,65.6,3.52,8.25,97.2,104.8,9,"Sat, Dec 10, 2011",REG,@,TCU,MWC,1.72,W,69,57,,6,3,W 2,Daniel-Meyer Coliseum,
2011-12,12,18,Doc Sadler,60.9,65.6,3.52,8.25,97.2,104.8,10,"Sat, Dec 17, 2011",REG,,Alcorn State,SWAC,-19.57,W,60,46,,7,3,W 3,Bob Devaney Sports Center,
2011-12,12,18,Doc Sadler,60.9,65.6,3.52,8.25,97.2,104.8,11,"Tue, Dec 20, 2011",REG,,Central Michigan,MAC,-6.74,W,72,69,,8,3,W 4,Bob Devaney Sports Center,
2011-12,12,18,Doc Sadler,60.9,65.6,3.52,8.25,97.2,104.8,12,"Tue, Dec 27, 2011",REG,,Wisconsin (11),Big Ten,19.04,L,40,64,,8,4,L 1,Bob Devaney Sports Center,
2011-12,12,18,Doc Sadler,60.9,65.6,3.52,8.25,97.2,104.8,13,"Sat, Dec 31, 2011",REG,,Michigan State (16),Big Ten,21.32,L,55,68,,8,5,L 2,Bob Devaney Sports Center,
2011-12,12,18,Doc Sadler,60.9,65.6,3.52,8.25,97.2,104.8,14,"Tue, Jan 3, 2012",REG,@,Ohio State (6),Big Ten,23.95,L,40,71,,8,6,L 3,Value City Arena,
2011-12,12,18,Doc Sadler,60.9,65.6,3.52,8.25,97.2,104.8,15,"Sat, Jan 7, 2012",REG,@,Illinois,Big Ten,9.33,L,54,59,,8,7,L 4,Assembly Hall,
2011-12,12,18,Doc Sadler,60.9,65.6,3.52,8.25,97.2,104.8,16,"Wed, Jan 11, 2012",REG,,Penn State,Big Ten,3.72,W,70,58,,9,7,W 1,Bob Devaney Sports Center,
2011-12,12,18,Doc Sadler,60.9,65.6,3.52,8.25,97.2,104.8,17,"Sun, Jan 15, 2012",REG,@,Wisconsin,Big Ten,19.04,L,45,50,,9,8,L 1,Kohl Center,
2011-12,12,18,Doc Sadler,60.9,65.6,3.52,8.25,97.2,104.8,18,"Wed, Jan 18, 2012",REG,,Indiana (11),Big Ten,18.63,W,70,69,,10,8,W 1,Bob Devaney Sports Center,
2011-12,12,18,Doc Sadler,60.9,65.6,3.52,8.25,97.2,104.8,19,"Sat, Jan 21, 2012",REG,,Ohio State (6),Big Ten,23.95,L,45,79,,10,9,L 1,Bob Devaney Sports Center,
2011-12,12,18,Doc Sadler,60.9,65.6,3.52,8.25,97.2,104.8,20,"Thu, Jan 26, 2012",REG,@,Iowa,Big Ten,7.04,W,79,73,,11,9,W 1,Carver-Hawkeye Arena,
2011-12,12,18,Doc Sadler,60.9,65.6,3.52,8.25,97.2,104.8,21,"Thu, Feb 2, 2012",REG,@,Northwestern,Big Ten,8.87,L,74,84,,11,10,L 1,Welsh-Ryan Arena,
2011-12,12,18,Doc Sadler,60.9,65.6,3.52,8.25,97.2,104.8,22,"Sun, Feb 5, 2012",REG,,Minnesota,Big Ten,10.7,L,61,69,,11,11,L 2,Bob Devaney Sports Center,
2011-12,12,18,Doc Sadler,60.9,65.6,3.52,8.25,97.2,104.8,23,"Wed, Feb 8, 2012",REG,,Michigan (22),Big Ten,13.19,L,46,62,,11,12,L 3,Bob Devaney Sports Center,
2011-12,12,18,Doc Sadler,60.9,65.6,3.52,8.25,97.2,104.8,24,"Sat, Feb 11, 2012",REG,@,Penn State,Big Ten,3.72,L,51,67,,11,13,L 4,Bryce Jordan Center,
2011-12,12,18,Doc Sadler,60.9,65.6,3.52,8.25,97.2,104.8,25,"Sat, Feb 18, 2012",REG,,Illinois,Big Ten,9.33,W,80,57,,12,13,W 1,Bob Devaney Sports Center,
2011-12,12,18,Doc Sadler,60.9,65.6,3.52,8.25,97.2,104.8,26,"Wed, Feb 22, 2012",REG,@,Purdue,Big Ten,13.88,L,65,83,,12,14,L 1,Mackey Arena,
2011-12,12,18,Doc Sadler,60.9,65.6,3.52,8.25,97.2,104.8,27,"Sat, Feb 25, 2012",REG,@,Michigan State (6),Big Ten,21.32,L,34,62,,12,15,L 2,Breslin Student Events Center,
2011-12,12,18,Doc Sadler,60.9,65.6,3.52,8.25,97.2,104.8,28,"Wed, Feb 29, 2012",REG,,Iowa,Big Ten,7.04,L,53,62,,12,16,L 3,Bob Devaney Sports Center,
2011-12,12,18,Doc Sadler,60.9,65.6,3.52,8.25,97.2,104.8,29,"Sat, Mar 3, 2012",REG,@,Minnesota,Big Ten,10.7,L,69,81,,12,17,L 4,Williams Arena,
2011-12,12,18,Doc Sadler,60.9,65.6,3.52,8.25,97.2,104.8,30,"Thu, Mar 8, 2012",CTOURN,N,Purdue,Big Ten,13.88,L,61,79,,12,18,L 5,Conseco Fieldhouse,
2012-13,15,18,Tim Miles,58.3,63.5,4.4,9.58,94.3,102.7,1,"Sun, Nov 11, 2012",REG,,Southern,SWAC,-2.62,W,66,55,,1,0,W 1,Bob Devaney Sports Center,
2012-13,15,18,Tim Miles,58.3,63.5,4.4,9.58,94.3,102.7,2,"Thu, Nov 15, 2012",REG,,Valparaiso,Horizon,7.15,W,50,48,,2,0,W 2,Bob Devaney Sports Center,
2012-13,15,18,Tim Miles,58.3,63.5,4.4,9.58,94.3,102.7,3,"Sun, Nov 18, 2012",REG,,Omaha,Summit,-15.19,W,75,62,,3,0,W 3,Bob Devaney Sports Center,
2012-13,15,18,Tim Miles,58.3,63.5,4.4,9.58,94.3,102.7,4,"Wed, Nov 21, 2012",REG,,Tulane,CUSA,1.87,W,61,57,,4,0,W 4,Bob Devaney Sports Center,
2012-13,15,18,Tim Miles,58.3,63.5,4.4,9.58,94.3,102.7,5,"Sat, Nov 24, 2012",REG,,Kent State,MAC,2.38,L,60,74,,4,1,L 1,Bob Devaney Sports Center,
2012-13,15,18,Tim Miles,58.3,63.5,4.4,9.58,94.3,102.7,6,"Tue, Nov 27, 2012",REG,@,Wake Forest,ACC,3.44,W,79,63,,5,1,W 1,Lawrence Joel Veterans Memorial Coliseum,
2012-13,15,18,Tim Miles,58.3,63.5,4.4,9.58,94.3,102.7,7,"Mon, Dec 3, 2012",REG,,Southern California,Pac-12,6.26,W,63,51,,6,1,W 2,Bob Devaney Sports Center,
2012-13,15,18,Tim Miles,58.3,63.5,4.4,9.58,94.3,102.7,8,"Thu, Dec 6, 2012",REG,,Creighton (16),MVC,16.43,L,42,64,,6,2,L 1,Bob Devaney Sports Center,
2012-13,15,18,Tim Miles,58.3,63.5,4.4,9.58,94.3,102.7,9,"Sat, Dec 15, 2012",REG,@,Oregon,Pac-12,13.78,L,38,60,,6,3,L 2,Matthew Knight Arena,
2012-13,15,18,Tim Miles,58.3,63.5,4.4,9.58,94.3,102.7,10,"Tue, Dec 18, 2012",REG,,Jacksonville State,OVC,-4.47,W,59,55,,7,3,W 1,Bob Devaney Sports Center,
2012-13,15,18,Tim Miles,58.3,63.5,4.4,9.58,94.3,102.7,11,"Sat, Dec 22, 2012",REG,N,Central Michigan,MAC,-6.15,W,89,75,,8,3,W 2,Don Haskins Center,
2012-13,15,18,Tim Miles,58.3,63.5,4.4,9.58,94.3,102.7,12,"Sun, Dec 23, 2012",REG,N,UTEP,CUSA,4.62,L,52,68,,8,4,L 1,Don Haskins Center,
2012-13,15,18,Tim Miles,58.3,63.5,4.4,9.58,94.3,102.7,13,"Sat, Dec 29, 2012",REG,,Nicholls State,Southland,-10.56,W,68,59,,9,4,W 1,Bob Devaney Sports Center,
2012-13,15,18,Tim Miles,58.3,63.5,4.4,9.58,94.3,102.7,14,"Wed, Jan 2, 2013",REG,@,Ohio State (8),Big Ten,20.19,L,44,70,,9,5,L 1,Value City Arena,
2012-13,15,18,Tim Miles,58.3,63.5,4.4,9.58,94.3,102.7,15,"Sun, Jan 6, 2013",REG,,Wisconsin,Big Ten,18.76,L,41,47,,9,6,L 2,Bob Devaney Sports Center,
2012-13,15,18,Tim Miles,58.3,63.5,4.4,9.58,94.3,102.7,16,"Wed, Jan 9, 2013",REG,@,Michigan (2),Big Ten,21.29,L,47,62,,9,7,L 3,Crisler Center,
2012-13,15,18,Tim Miles,58.3,63.5,4.4,9.58,94.3,102.7,17,"Sun, Jan 13, 2013",REG,@,Michigan State (22),Big Ten,18.63,L,56,66,,9,8,L 4,Breslin Student Events Center,
2012-13,15,18,Tim Miles,58.3,63.5,4.4,9.58,94.3,102.7,18,"Wed, Jan 16, 2013",REG,,Purdue,Big Ten,9.04,L,56,65,,9,9,L 5,Bob Devaney Sports Center,
2012-13,15,18,Tim Miles,58.3,63.5,4.4,9.58,94.3,102.7,19,"Sat, Jan 19, 2013",REG,@,Penn State,Big Ten,2.86,W,68,64,,10,9,W 1,Bryce Jordan Center,
2012-13,15,18,Tim Miles,58.3,63.5,4.4,9.58,94.3,102.7,20,"Tue, Jan 22, 2013",REG,,Illinois,Big Ten,13.18,L,51,71,,10,10,L 1,Bob Devaney Sports Center,
2012-13,15,18,Tim Miles,58.3,63.5,4.4,9.58,94.3,102.7,21,"Sat, Jan 26, 2013",REG,,Northwestern,Big Ten,5.36,W,64,49,,11,10,W 1,Bob Devaney Sports Center,
2012-13,15,18,Tim Miles,58.3,63.5,4.4,9.58,94.3,102.7,22,"Tue, Jan 29, 2013",REG,@,Minnesota (23),Big Ten,16.84,L,65,84,,11,11,L 1,Williams Arena,
2012-13,15,18,Tim Miles,58.3,63.5,4.4,9.58,94.3,102.7,23,"Sat, Feb 2, 2013",REG,,Ohio State (11),Big Ten,20.19,L,56,63,,11,12,L 2,Bob Devaney Sports Center,
2012-13,15,18,Tim Miles,58.3,63.5,4.4,9.58,94.3,102.7,24,"Sat, Feb 9, 2013",REG,,Penn State,Big Ten,2.86,W,67,53,,12,12,W 1,Bob Devaney Sports Center,
2012-13,15,18,Tim Miles,58.3,63.5,4.4,9.58,94.3,102.7,25,"Wed, Feb 13, 2013",REG,@,Indiana (1),Big Ten,24.92,L,47,76,,12,13,L 1,Assembly Hall,
2012-13,15,18,Tim Miles,58.3,63.5,4.4,9.58,94.3,102.7,26,"Sat, Feb 16, 2013",REG,,Michigan State (8),Big Ten,18.63,L,64,73,,12,14,L 2,Bob Devaney Sports Center,
2012-13,15,18,Tim Miles,58.3,63.5,4.4,9.58,94.3,102.7,27,"Sat, Feb 23, 2013",REG,,Iowa,Big Ten,14.22,W,64,60,,13,14,W 1,Bob Devaney Sports Center,
2012-13,15,18,Tim Miles,58.3,63.5,4.4,9.58,94.3,102.7,28,"Tue, Feb 26, 2013",REG,@,Wisconsin (17),Big Ten,18.76,L,46,77,,13,15,L 1,Kohl Center,
2012-13,15,18,Tim Miles,58.3,63.5,4.4,9.58,94.3,102.7,29,"Sat, Mar 2, 2013",REG,@,Illinois,Big Ten,13.18,L,65,72,,13,16,L 2,Assembly Hall,
2012-13,15,18,Tim Miles,58.3,63.5,4.4,9.58,94.3,102.7,30,"Wed, Mar 6, 2013",REG,,Minnesota,Big Ten,16.84,W,53,51,,14,16,W 1,Bob Devaney Sports Center,
2012-13,15,18,Tim Miles,58.3,63.5,4.4,9.58,94.3,102.7,31,"Sat, Mar 9, 2013",REG,@,Iowa,Big Ten,14.22,L,60,74,,14,17,L 1,Carver-Hawkeye Arena,
2012-13,15,18,Tim Miles,58.3,63.5,4.4,9.58,94.3,102.7,32,"Thu, Mar 14, 2013",CTOURN,N,Purdue,Big Ten,9.04,W,57,55,,15,17,W 1,,
2012-13,15,18,Tim Miles,58.3,63.5,4.4,9.58,94.3,102.7,33,"Fri, Mar 15, 2013",CTOURN,N,Ohio State (10),Big Ten,20.19,L,50,71,,15,18,L 1,United Center,
2013-14,19,13,Tim Miles,66.8,65.2,10.13,8.5,102.1,99.7,1,"Fri, Nov 8, 2013",REG,,Florida Gulf Coast,A-Sun,-1.97,W,79,55,,1,0,W 1,Pinnacle Bank Arena,
2013-14,19,13,Tim Miles,66.8,65.2,10.13,8.5,102.1,99.7,2,"Tue, Nov 12, 2013",REG,,Western Illinois,Summit,-7.55,W,62,47,,2,0,W 2,Pinnacle Bank Arena,
2013-14,19,13,Tim Miles,66.8,65.2,10.13,8.5,102.1,99.7,3,"Sun, Nov 17, 2013",REG,,South Carolina State,MEAC,-17.21,W,83,57,,3,0,W 3,Pinnacle Bank Arena,
2013-14,19,13,Tim Miles,66.8,65.2,10.13,8.5,102.1,99.7,4,"Thu, Nov 21, 2013",REG,N,Massachusetts,A-10,10.61,L,90,96,,3,1,L 1,Carolina First Arena,
2013-14,19,13,Tim Miles,66.8,65.2,10.13,8.5,102.1,99.7,5,"Fri, Nov 22, 2013",REG,N,UAB,CUSA,0.78,L,74,87,,3,2,L 2,Carolina First Arena,
2013-14,19,13,Tim Miles,66.8,65.2,10.13,8.5,102.1,99.7,6,"Sun, Nov 24, 2013",REG,N,Georgia,SEC,7.9,W,73,65,,4,2,W 1,Carolina First Arena,
2013-14,19,13,Tim Miles,66.8,65.2,10.13,8.5,102.1,99.7,7,"Sat, Nov 30, 2013",REG,,Northern Illinois,MAC,-3.54,W,63,58,,5,2,W 2,Pinnacle Bank Arena,
2013-14,19,13,Tim Miles,66.8,65.2,10.13,8.5,102.1,99.7,8,"Wed, Dec 4, 2013",REG,,Miami (FL),ACC,7.6,W,60,49,,6,2,W 3,Pinnacle Bank Arena,
2013-14,19,13,Tim Miles,66.8,65.2,10.13,8.5,102.1,99.7,9,"Sun, Dec 8, 2013",REG,@,Creighton,Big East,18.03,L,67,82,,6,3,L 1,CenturyLink Center Omaha,
2013-14,19,13,Tim Miles,66.8,65.2,10.13,8.5,102.1,99.7,10,"Sat, Dec 14, 2013",REG,,Arkansas State,Sun Belt,-0.44,W,79,67,,7,3,W 1,Pinnacle Bank Arena,
2013-14,19,13,Tim Miles,66.8,65.2,10.13,8.5,102.1,99.7,11,"Sat, Dec 21, 2013",REG,,The Citadel,Southern,-17.61,W,77,62,,8,3,W 2,Pinnacle Bank Arena,
2013-14,19,13,Tim Miles,66.8,65.2,10.13,8.5,102.1,99.7,12,"Sat, Dec 28, 2013",REG,@,Cincinnati,AAC,15.26,L,59,74,,8,4,L 1,Fifth Third Arena,
2013-14,19,13,Tim Miles,66.8,65.2,10.13,8.5,102.1,99.7,13,"Tue, Dec 31, 2013",REG,@,Iowa (22),Big Ten,18.58,L,57,67,,8,5,L 2,Carver-Hawkeye Arena,
2013-14,19,13,Tim Miles,66.8,65.2,10.13,8.5,102.1,99.7,14,"Sat, Jan 4, 2014",REG,@,Ohio State (3),Big Ten,17.84,L,53,84,,8,6,L 3,Value City Arena,
2013-14,19,13,Tim Miles,66.8,65.2,10.13,8.5,102.1,99.7,15,"Thu, Jan 9, 2014",REG,,Michigan,Big Ten,18.52,L,70,71,,8,7,L 4,Pinnacle Bank Arena,
2013-14,19,13,Tim Miles,66.8,65.2,10.13,8.5,102.1,99.7,16,"Sun, Jan 12, 2014",REG,@,Purdue,Big Ten,8.21,L,64,70,,8,8,L 5,Mackey Arena,
2013-14,19,13,Tim Miles,66.8,65.2,10.13,8.5,102.1,99.7,17,"Mon, Jan 20, 2014",REG,,Ohio State (17),Big Ten,17.84,W,68,62,,9,8,W 1,Pinnacle Bank Arena,
2013-14,19,13,Tim Miles,66.8,65.2,10.13,8.5,102.1,99.7,18,"Thu, Jan 23, 2014",REG,@,Penn State,Big Ten,7.68,L,54,58,,9,9,L 1,Bryce Jordan Center,
2013-14,19,13,Tim Miles,66.8,65.2,10.13,8.5,102.1,99.7,19,"Sun, Jan 26, 2014",REG,,Minnesota,Big Ten,11.75,W,82,78,,10,9,W 1,Pinnacle Bank Arena,
2013-14,19,13,Tim Miles,66.8,65.2,10.13,8.5,102.1,99.7,20,"Thu, Jan 30, 2014",REG,,Indiana,Big Ten,11.32,W,60,55,,11,9,W 2,Pinnacle Bank Arena,
2013-14,19,13,Tim Miles,66.8,65.2,10.13,8.5,102.1,99.7,21,"Wed, Feb 5, 2014",REG,@,Michigan (10),Big Ten,18.52,L,50,79,,11,10,L 1,Crisler Center,
2013-14,19,13,Tim Miles,66.8,65.2,10.13,8.5,102.1,99.7,22,"Sat, Feb 8, 2014",REG,@,Northwestern,Big Ten,4.72,W,53,49,,12,10,W 1,Welsh-Ryan Arena,
2013-14,19,13,Tim Miles,66.8,65.2,10.13,8.5,102.1,99.7,23,"Wed, Feb 12, 2014",REG,,Illinois,Big Ten,10.33,W,67,58,,13,10,W 2,Pinnacle Bank Arena,
2013-14,19,13,Tim Miles,66.8,65.2,10.13,8.5,102.1,99.7,24,"Sun, Feb 16, 2014",REG,@,Michigan State (9),Big Ten,19.35,W,60,51,,14,10,W 3,Breslin Student Events Center,
2013-14,19,13,Tim Miles,66.8,65.2,10.13,8.5,102.1,99.7,25,"Thu, Feb 20, 2014",REG,,Penn State,Big Ten,7.68,W,80,67,,15,10,W 4,Pinnacle Bank Arena,
2013-14,19,13,Tim Miles,66.8,65.2,10.13,8.5,102.1,99.7,26,"Sun, Feb 23, 2014",REG,,Purdue,Big Ten,8.21,W,76,57,,16,10,W 5,Pinnacle Bank Arena,
2013-14,19,13,Tim Miles,66.8,65.2,10.13,8.5,102.1,99.7,27,"Wed, Feb 26, 2014",REG,@,Illinois,Big Ten,10.33,L,49,60,,16,11,L 1,Assembly Hall,
2013-14,19,13,Tim Miles,66.8,65.2,10.13,8.5,102.1,99.7,28,"Sat, Mar 1, 2014",REG,,Northwestern,Big Ten,4.72,W,54,47,,17,11,W 1,Pinnacle Bank Arena,
2013-14,19,13,Tim Miles,66.8,65.2,10.13,8.5,102.1,99.7,29,"Wed, Mar 5, 2014",REG,@,Indiana,Big Ten,11.32,W,70,60,,18,11,W 2,Assembly Hall,
2013-14,19,13,Tim Miles,66.8,65.2,10.13,8.5,102.1,99.7,30,"Sun, Mar 9, 2014",REG,,Wisconsin (9),Big Ten,19.69,W,77,68,,19,11,W 3,Pinnacle Bank Arena,
2013-14,19,13,Tim Miles,66.8,65.2,10.13,8.5,102.1,99.7,31,"Fri, Mar 14, 2014",CTOURN,N,Ohio State (24),Big Ten,17.84,L,67,71,,19,12,L 1,Conseco Fieldhouse,
2013-14,19,13,Tim Miles,66.8,65.2,10.13,8.5,102.1,99.7,32,"Fri, Mar 21, 2014",NCAA,N,Baylor (23),Big 12,15.8,L,60,74,,19,13,L 2,AT&T Center,
2014-15,13,18,Tim Miles,61.5,63.1,5.9,7.58,94.7,97.3,1,"Sun, Nov 16, 2014",2:00p,REG,,Northern Kentucky,A-Sun,-6.85,W,80,61,,1,0,W 1,Pinnacle Bank Arena
2014-15,13,18,Tim Miles,61.5,63.1,5.9,7.58,94.7,97.3,2,"Tue, Nov 18, 2014",8:00p,REG,,Central Arkansas,Southland,-22.84,W,82,56,,2,0,W 2,Pinnacle Bank Arena
2014-15,13,18,Tim Miles,61.5,63.1,5.9,7.58,94.7,97.3,3,"Sat, Nov 22, 2014",7:00p,REG,@,Rhode Island,A-10,9.31,L,62,66,OT,2,1,L 1,Thomas M. Ryan Center
2014-15,13,18,Tim Miles,61.5,63.1,5.9,7.58,94.7,97.3,4,"Tue, Nov 25, 2014",8:00p,REG,,Omaha,Summit,-7.18,W,80,67,,3,1,W 1,Pinnacle Bank Arena
2014-15,13,18,Tim Miles,61.5,63.1,5.9,7.58,94.7,97.3,5,"Fri, Nov 28, 2014",8:00p,REG,,Tennessee-Martin,OVC,-2.12,W,75,64,,4,1,W 2,Pinnacle Bank Arena
2014-15,13,18,Tim Miles,61.5,63.1,5.9,7.58,94.7,97.3,6,"Mon, Dec 1, 2014",7:00p,REG,@,Florida State,ACC,6.69,W,70,65,,5,1,W 3,Donald L. Tucker Civic Center
2014-15,13,18,Tim Miles,61.5,63.1,5.9,7.58,94.7,97.3,7,"Sun, Dec 7, 2014",7:00p,REG,,Creighton,Big East,7.48,L,55,65,,5,2,L 1,Pinnacle Bank Arena
2014-15,13,18,Tim Miles,61.5,63.1,5.9,7.58,94.7,97.3,8,"Wed, Dec 10, 2014",8:00p,REG,,Incarnate Word,Southland,-6.15,L,73,74,,5,3,L 2,Pinnacle Bank Arena
2014-15,13,18,Tim Miles,61.5,63.1,5.9,7.58,94.7,97.3,9,"Sat, Dec 13, 2014",9:00p,REG,,Cincinnati,AAC,10.72,W,56,55,2OT,6,3,W 1,Pinnacle Bank Arena
2014-15,13,18,Tim Miles,61.5,63.1,5.9,7.58,94.7,97.3,10,"Mon, Dec 22, 2014",11:59p,REG,@,Hawaii,Big West,2.65,L,58,66,,6,4,L 1,Stan Sheriff Center
2014-15,13,18,Tim Miles,61.5,63.1,5.9,7.58,94.7,97.3,11,"Tue, Dec 23, 2014",11:59p,REG,N,Loyola Marymount,WCC,-4.13,W,50,42,OT,7,4,W 1,Stan Sheriff Center
2014-15,13,18,Tim Miles,61.5,63.1,5.9,7.58,94.7,97.3,12,"Thu, Dec 25, 2014",4:00p,REG,N,Ohio,MAC,-4.15,W,71,58,,8,4,W 2,Stan Sheriff Center
2014-15,13,18,Tim Miles,61.5,63.1,5.9,7.58,94.7,97.3,13,"Wed, Dec 31, 2014",5:30p,REG,,Indiana,Big Ten,12.94,L,65,70,,8,5,L 1,Pinnacle Bank Arena
2014-15,13,18,Tim Miles,61.5,63.1,5.9,7.58,94.7,97.3,14,"Mon, Jan 5, 2015",9:00p,REG,@,Iowa,Big Ten,15.83,L,59,70,,8,6,L 2,Carver-Hawkeye Arena
2014-15,13,18,Tim Miles,61.5,63.1,5.9,7.58,94.7,97.3,15,"Thu, Jan 8, 2015",9:00p,REG,,Rutgers,Big Ten,0.23,W,65,49,,9,6,W 1,Pinnacle Bank Arena
2014-15,13,18,Tim Miles,61.5,63.1,5.9,7.58,94.7,97.3,16,"Sun, Jan 11, 2015",8:30p,REG,,Illinois,Big Ten,12.42,W,53,43,,10,6,W 2,Pinnacle Bank Arena
2014-15,13,18,Tim Miles,61.5,63.1,5.9,7.58,94.7,97.3,17,"Thu, Jan 15, 2015",9:00p,REG,@,Wisconsin (7),Big Ten,24.61,L,55,70,,10,7,L 1,Kohl Center
2014-15,13,18,Tim Miles,61.5,63.1,5.9,7.58,94.7,97.3,18,"Tue, Jan 20, 2015",8:30p,REG,,Minnesota,Big Ten,12.34,W,52,49,,11,7,W 1,Pinnacle Bank Arena
2014-15,13,18,Tim Miles,61.5,63.1,5.9,7.58,94.7,97.3,19,"Sat, Jan 24, 2015",4:00p,REG,,Michigan State,Big Ten,17.46,W,79,77,,12,7,W 2,Pinnacle Bank Arena
2014-15,13,18,Tim Miles,61.5,63.1,5.9,7.58,94.7,97.3,20,"Tue, Jan 27, 2015",7:00p,REG,@,Michigan,Big Ten,9.56,L,44,58,,12,8,L 1,Crisler Center
2014-15,13,18,Tim Miles,61.5,63.1,5.9,7.58,94.7,97.3,21,"Sat, Jan 31, 2015",6:00p,REG,@,Minnesota,Big Ten,12.34,L,42,60,,12,9,L 2,Williams Arena
2014-15,13,18,Tim Miles,61.5,63.1,5.9,7.58,94.7,97.3,22,"Tue, Feb 3, 2015",7:30p,REG,,Northwestern,Big Ten,6.11,W,76,60,,13,9,W 1,Pinnacle Bank Arena
2014-15,13,18,Tim Miles,61.5,63.1,5.9,7.58,94.7,97.3,23,"Sat, Feb 7, 2015",4:00p,REG,@,Penn State,Big Ten,7.77,L,43,56,,13,10,L 1,Bryce Jordan Center
2014-15,13,18,Tim Miles,61.5,63.1,5.9,7.58,94.7,97.3,24,"Tue, Feb 10, 2015",9:00p,REG,,Wisconsin (5),Big Ten,24.61,L,55,65,,13,11,L 2,Pinnacle Bank Arena
2014-15,13,18,Tim Miles,61.5,63.1,5.9,7.58,94.7,97.3,25,"Sun, Feb 15, 2015",5:15p,REG,@,Purdue,Big Ten,12.93,L,54,66,,13,12,L 3,Mackey Arena
2014-15,13,18,Tim Miles,61.5,63.1,5.9,7.58,94.7,97.3,26,"Thu, Feb 19, 2015",7:00p,REG,@,Maryland (16),Big Ten,13.32,L,65,69,,13,13,L 4,Xfinity Center
2014-15,13,18,Tim Miles,61.5,63.1,5.9,7.58,94.7,97.3,27,"Sun, Feb 22, 2015",3:00p,REG,,Iowa,Big Ten,15.83,L,46,74,,13,14,L 5,Pinnacle Bank Arena
2014-15,13,18,Tim Miles,61.5,63.1,5.9,7.58,94.7,97.3,28,"Thu, Feb 26, 2015",7:00p,REG,@,Ohio State,Big Ten,19.68,L,57,81,,13,15,L 6,Value City Arena
2014-15,13,18,Tim Miles,61.5,63.1,5.9,7.58,94.7,97.3,29,"Wed, Mar 4, 2015",10:00p,REG,@,Illinois,Big Ten,12.42,L,57,69,,13,16,L 7,State Farm Center
2014-15,13,18,Tim Miles,61.5,63.1,5.9,7.58,94.7,97.3,30,"Sun, Mar 8, 2015",7:30p,REG,,Maryland (10),Big Ten,13.32,L,61,64,,13,17,L 8,Pinnacle Bank Arena
2014-15,13,18,Tim Miles,61.5,63.1,5.9,7.58,94.7,97.3,31,"Wed, Mar 11, 2015",4:30p,CTOURN,N,Penn State,Big Ten,7.77,L,65,68,,13,18,L 9,United Center
2015-16,16,18,Tim Miles,72.2,69,8.84,5.57,106.9,102,1,"Sat, Nov 14, 2015",8:00p,REG,,Mississippi Valley State,SWAC,-19.86,W,97,51,,1,0,W 1,Pinnacle Bank Arena
2015-16,16,18,Tim Miles,72.2,69,8.84,5.57,106.9,102,2,"Tue, Nov 17, 2015",8:30p,REG,@,Villanova (11),Big East,24.08,L,63,87,,1,1,L 1,The Pavilion
2015-16,16,18,Tim Miles,72.2,69,8.84,5.57,106.9,102,3,"Thu, Nov 19, 2015",8:00p,REG,,Delaware State,MEAC,-20.88,W,75,60,,2,1,W 1,Pinnacle Bank Arena
2015-16,16,18,Tim Miles,72.2,69,8.84,5.57,106.9,102,4,"Sun, Nov 22, 2015",7:00p,REG,,Southeastern Louisiana,Southland,-13.61,W,92,65,,3,1,W 2,Pinnacle Bank Arena
2015-16,16,18,Tim Miles,72.2,69,8.84,5.57,106.9,102,5,"Tue, Nov 24, 2015",8:00p,REG,,Arkansas-Pine Bluff,SWAC,-19.31,W,67,44,,4,1,W 3,Pinnacle Bank Arena
2015-16,16,18,Tim Miles,72.2,69,8.84,5.57,106.9,102,6,"Fri, Nov 27, 2015",6:30p,REG,N,Cincinnati (24),AAC,15.19,L,61,65,,4,2,L 1,Barclays Center
2015-16,16,18,Tim Miles,72.2,69,8.84,5.57,106.9,102,7,"Sat, Nov 28, 2015",12:00p,REG,N,Tennessee,SEC,7.8,W,82,71,,5,2,W 1,Barclays Center
2015-16,16,18,Tim Miles,72.2,69,8.84,5.57,106.9,102,8,"Tue, Dec 1, 2015",9:00p,REG,,Miami (FL) (21),ACC,18.52,L,72,77,OT,5,3,L 1,Pinnacle Bank Arena
2015-16,16,18,Tim Miles,72.2,69,8.84,5.57,106.9,102,9,"Sat, Dec 5, 2015",2:00p,REG,,Abilene Christian,Southland,-13.93,W,73,63,,6,3,W 1,Pinnacle Bank Arena
2015-16,16,18,Tim Miles,72.2,69,8.84,5.57,106.9,102,10,"Wed, Dec 9, 2015",8:00p,REG,@,Creighton,Big East,13.69,L,67,83,,6,4,L 1,CenturyLink Center Omaha
2015-16,16,18,Tim Miles,72.2,69,8.84,5.57,106.9,102,11,"Sun, Dec 13, 2015",2:00p,REG,,Rhode Island,A-10,7.92,W,70,67,,7,4,W 1,Pinnacle Bank Arena
2015-16,16,18,Tim Miles,72.2,69,8.84,5.57,106.9,102,12,"Sun, Dec 20, 2015",7:00p,REG,,Samford,Southern,-5.94,L,58,69,,7,5,L 1,Pinnacle Bank Arena
2015-16,16,18,Tim Miles,72.2,69,8.84,5.57,106.9,102,13,"Tue, Dec 22, 2015",8:00p,REG,,Prairie View,SWAC,-17.43,W,81,50,,8,5,W 1,Pinnacle Bank Arena
2015-16,16,18,Tim Miles,72.2,69,8.84,5.57,106.9,102,14,"Wed, Dec 30, 2015",4:00p,REG,,Northwestern,Big Ten,10.16,L,72,81,,8,6,L 1,Pinnacle Bank Arena
2015-16,16,18,Tim Miles,72.2,69,8.84,5.57,106.9,102,15,"Sat, Jan 2, 2016",4:00p,REG,,Indiana,Big Ten,19.59,L,69,79,,8,7,L 2,Pinnacle Bank Arena
2015-16,16,18,Tim Miles,72.2,69,8.84,5.57,106.9,102,16,"Tue, Jan 5, 2016",9:00p,REG,@,Iowa (19),Big Ten,17.01,L,66,77,,8,8,L 3,Carver-Hawkeye Arena
2015-16,16,18,Tim Miles,72.2,69,8.84,5.57,106.9,102,17,"Sat, Jan 9, 2016",5:00p,REG,@,Rutgers,Big Ten,-7.06,W,90,56,,9,8,W 1,Louis Brown Athletic Center
2015-16,16,18,Tim Miles,72.2,69,8.84,5.57,106.9,102,18,"Tue, Jan 12, 2016",9:00p,REG,,Minnesota,Big Ten,0.86,W,84,59,,10,8,W 2,Pinnacle Bank Arena
2015-16,16,18,Tim Miles,72.2,69,8.84,5.57,106.9,102,19,"Sat, Jan 16, 2016",2:30p,REG,@,Illinois,Big Ten,4.39,W,78,67,,11,8,W 3,State Farm Center
2015-16,16,18,Tim Miles,72.2,69,8.84,5.57,106.9,102,20,"Wed, Jan 20, 2016",6:30p,REG,@,Michigan State (11),Big Ten,22.59,W,72,71,,12,8,W 4,Breslin Student Events Center
2015-16,16,18,Tim Miles,72.2,69,8.84,5.57,106.9,102,21,"Sat, Jan 23, 2016",2:00p,REG,,Michigan,Big Ten,13.75,L,68,81,,12,9,L 1,Pinnacle Bank Arena
2015-16,16,18,Tim Miles,72.2,69,8.84,5.57,106.9,102,22,"Sat, Jan 30, 2016",4:30p,REG,@,Purdue (21),Big Ten,20.17,L,74,89,,12,10,L 2,Mackey Arena
2015-16,16,18,Tim Miles,72.2,69,8.84,5.57,106.9,102,23,"Wed, Feb 3, 2016",8:30p,REG,,Maryland (4),Big Ten,16.71,L,65,70,,12,11,L 3,Pinnacle Bank Arena
2015-16,16,18,Tim Miles,72.2,69,8.84,5.57,106.9,102,24,"Sat, Feb 6, 2016",2:00p,REG,,Rutgers,Big Ten,-7.06,W,87,63,,13,11,W 1,Pinnacle Bank Arena
2015-16,16,18,Tim Miles,72.2,69,8.84,5.57,106.9,102,25,"Wed, Feb 10, 2016",7:00p,REG,@,Wisconsin,Big Ten,13.4,L,61,72,,13,12,L 1,Kohl Center
2015-16,16,18,Tim Miles,72.2,69,8.84,5.57,106.9,102,26,"Sat, Feb 13, 2016",6:00p,REG,,Penn State,Big Ten,3.17,W,70,54,,14,12,W 1,Pinnacle Bank Arena
2015-16,16,18,Tim Miles,72.2,69,8.84,5.57,106.9,102,27,"Wed, Feb 17, 2016",8:30p,REG,@,Indiana (22),Big Ten,19.59,L,64,80,,14,13,L 1,Assembly Hall
2015-16,16,18,Tim Miles,72.2,69,8.84,5.57,106.9,102,28,"Sat, Feb 20, 2016",7:00p,REG,,Ohio State,Big Ten,9.39,L,62,65,OT,14,14,L 2,Pinnacle Bank Arena
2015-16,16,18,Tim Miles,72.2,69,8.84,5.57,106.9,102,29,"Thu, Feb 25, 2016",7:00p,REG,@,Penn State,Big Ten,3.17,L,55,56,,14,15,L 3,Bryce Jordan Center
2015-16,16,18,Tim Miles,72.2,69,8.84,5.57,106.9,102,30,"Tue, Mar 1, 2016",8:00p,REG,,Purdue (15),Big Ten,20.17,L,62,81,,14,16,L 4,Pinnacle Bank Arena
2015-16,16,18,Tim Miles,72.2,69,8.84,5.57,106.9,102,31,"Sun, Mar 6, 2016",2:00p,REG,@,Northwestern,Big Ten,10.16,L,54,65,,14,17,L 5,Welsh-Ryan Arena
2015-16,16,18,Tim Miles,72.2,69,8.84,5.57,106.9,102,32,"Wed, Mar 9, 2016",7:00p,CTOURN,N,Rutgers,Big Ten,-7.06,W,89,72,,15,17,W 1,Bankers Life Fieldhouse
2015-16,16,18,Tim Miles,72.2,69,8.84,5.57,106.9,102,33,"Thu, Mar 10, 2016",8:30p,CTOURN,N,Wisconsin,Big Ten,13.4,W,70,58,,16,17,W 2,Bankers Life Fieldhouse
2015-16,16,18,Tim Miles,72.2,69,8.84,5.57,106.9,102,34,"Fri, Mar 11, 2016",8:55p,CTOURN,N,Maryland (18),Big Ten,16.71,L,86,97,,16,18,L 1,Bankers Life Fieldhouse
2016-17,12,19,Tim Miles,69.9,73,6.47,10.74,99.5,103.9,1,"Sun, Nov 13, 2016",8:00p,REG,,Sacramento State,Big Sky,-10.69,W,83,61,,1,0,W 1,Pinnacle Bank Arena
2016-17,12,19,Tim Miles,69.9,73,6.47,10.74,99.5,103.9,2,"Tue, Nov 15, 2016",8:00p,REG,,UMary,,,W,70,38,,2,0,W 2,Pinnacle Bank Arena
2016-17,12,19,Tim Miles,69.9,73,6.47,10.74,99.5,103.9,3,"Sat, Nov 19, 2016",8:00p,REG,,Louisiana Tech,CUSA,5.2,W,65,54,,3,0,W 3,Pinnacle Bank Arena
2016-17,12,19,Tim Miles,69.9,73,6.47,10.74,99.5,103.9,4,"Thu, Nov 24, 2016",8:30p,REG,N,Dayton,A-10,12.98,W,80,78,,4,0,W 4,Titan Gym
2016-17,12,19,Tim Miles,69.9,73,6.47,10.74,99.5,103.9,5,"Fri, Nov 25, 2016",11:59p,REG,N,UCLA (14),Pac-12,20.67,L,71,82,,4,1,L 1,Titan Gym
2016-17,12,19,Tim Miles,69.9,73,6.47,10.74,99.5,103.9,6,"Sun, Nov 27, 2016",4:00p,REG,N,Virginia Tech,ACC,12.77,L,53,66,,4,2,L 2,Titan Gym
2016-17,12,19,Tim Miles,69.9,73,6.47,10.74,99.5,103.9,7,"Wed, Nov 30, 2016",9:15p,REG,@,Clemson,ACC,13.22,L,58,60,,4,3,L 3,Littlejohn Coliseum
2016-17,12,19,Tim Miles,69.9,73,6.47,10.74,99.5,103.9,8,"Sat, Dec 3, 2016",2:00p,REG,,South Dakota,Summit,-0.42,W,73,61,,5,3,W 1,Pinnacle Bank Arena
2016-17,12,19,Tim Miles,69.9,73,6.47,10.74,99.5,103.9,9,"Wed, Dec 7, 2016",9:00p,REG,,Creighton (10),Big East,17.27,L,62,77,,5,4,L 1,Pinnacle Bank Arena
2016-17,12,19,Tim Miles,69.9,73,6.47,10.74,99.5,103.9,10,"Sat, Dec 10, 2016",3:15p,REG,@,Kansas (3),Big 12,23.53,L,72,89,,5,5,L 2,Allen Fieldhouse
2016-17,12,19,Tim Miles,69.9,73,6.47,10.74,99.5,103.9,11,"Sun, Dec 18, 2016",2:00p,REG,,Gardner-Webb,Big South,-3.08,L,62,70,,5,6,L 3,Pinnacle Bank Arena
2016-17,12,19,Tim Miles,69.9,73,6.47,10.74,99.5,103.9,12,"Tue, Dec 20, 2016",8:00p,REG,,Southern,SWAC,-14.48,W,81,76,,6,6,W 1,Pinnacle Bank Arena
2016-17,12,19,Tim Miles,69.9,73,6.47,10.74,99.5,103.9,13,"Wed, Dec 28, 2016",6:30p,REG,@,Indiana (16),Big Ten,14.63,W,87,83,,7,6,W 2,Simon Skjodt Assembly Hall
2016-17,12,19,Tim Miles,69.9,73,6.47,10.74,99.5,103.9,14,"Sun, Jan 1, 2017",12:00p,REG,@,Maryland,Big Ten,12.79,W,67,65,,8,6,W 3,Xfinity Center
2016-17,12,19,Tim Miles,69.9,73,6.47,10.74,99.5,103.9,15,"Thu, Jan 5, 2017",9:00p,REG,,Iowa,Big Ten,10.01,W,93,90,2OT,9,6,W 4,Pinnacle Bank Arena
2016-17,12,19,Tim Miles,69.9,73,6.47,10.74,99.5,103.9,16,"Sun, Jan 8, 2017",2:15p,REG,,Northwestern,Big Ten,14.02,L,66,74,,9,7,L 1,Pinnacle Bank Arena
2016-17,12,19,Tim Miles,69.9,73,6.47,10.74,99.5,103.9,17,"Sat, Jan 14, 2017",2:00p,REG,@,Michigan,Big Ten,18.8,L,85,91,,9,8,L 2,Crisler Center
2016-17,12,19,Tim Miles,69.9,73,6.47,10.74,99.5,103.9,18,"Wed, Jan 18, 2017",9:00p,REG,,Ohio State,Big Ten,10.31,L,66,67,,9,9,L 3,Pinnacle Bank Arena
2016-17,12,19,Tim Miles,69.9,73,6.47,10.74,99.5,103.9,19,"Sat, Jan 21, 2017",12:00p,REG,@,Rutgers,Big Ten,3.69,L,64,65,,9,10,L 4,Louis Brown Athletic Center
2016-17,12,19,Tim Miles,69.9,73,6.47,10.74,99.5,103.9,20,"Thu, Jan 26, 2017",8:00p,REG,@,Northwestern,Big Ten,14.02,L,61,73,,9,11,L 5,Welsh-Ryan Arena
2016-17,12,19,Tim Miles,69.9,73,6.47,10.74,99.5,103.9,21,"Sun, Jan 29, 2017",4:30p,REG,,Purdue (20),Big Ten,20.13,W,83,80,,10,11,W 1,Pinnacle Bank Arena
2016-17,12,19,Tim Miles,69.9,73,6.47,10.74,99.5,103.9,22,"Thu, Feb 2, 2017",7:00p,REG,,Michigan State,Big Ten,13.67,L,61,72,,10,12,L 1,Pinnacle Bank Arena
2016-17,12,19,Tim Miles,69.9,73,6.47,10.74,99.5,103.9,23,"Sun, Feb 5, 2017",2:00p,REG,@,Iowa,Big Ten,10.01,L,70,81,,10,13,L 2,Carver-Hawkeye Arena
2016-17,12,19,Tim Miles,69.9,73,6.47,10.74,99.5,103.9,24,"Thu, Feb 9, 2017",9:00p,REG,,Wisconsin (7),Big Ten,19.4,L,69,70,OT,10,14,L 3,Pinnacle Bank Arena
2016-17,12,19,Tim Miles,69.9,73,6.47,10.74,99.5,103.9,25,"Tue, Feb 14, 2017",9:00p,REG,,Penn State,Big Ten,7.9,W,82,66,,11,14,W 1,Pinnacle Bank Arena
2016-17,12,19,Tim Miles,69.9,73,6.47,10.74,99.5,103.9,26,"Sat, Feb 18, 2017",6:00p,REG,@,Ohio State,Big Ten,10.31,W,58,57,,12,14,W 2,Value City Arena
2016-17,12,19,Tim Miles,69.9,73,6.47,10.74,99.5,103.9,27,"Thu, Feb 23, 2017",7:00p,REG,@,Michigan State,Big Ten,13.67,L,72,88,,12,15,L 1,Breslin Student Events Center
2016-17,12,19,Tim Miles,69.9,73,6.47,10.74,99.5,103.9,28,"Sun, Feb 26, 2017",7:30p,REG,,Illinois,Big Ten,10.54,L,57,73,,12,16,L 2,Pinnacle Bank Arena
2016-17,12,19,Tim Miles,69.9,73,6.47,10.74,99.5,103.9,29,"Thu, Mar 2, 2017",7:00p,REG,@,Minnesota,Big Ten,14.56,L,73,88,,12,17,L 3,Williams Arena
2016-17,12,19,Tim Miles,69.9,73,6.47,10.74,99.5,103.9,30,"Sun, Mar 5, 2017",8:00p,REG,,Michigan,Big Ten,18.8,L,57,93,,12,18,L 4,Pinnacle Bank Arena
2016-17,12,19,Tim Miles,69.9,73,6.47,10.74,99.5,103.9,31,"Wed, Mar 8, 2017",4:30p,CTOURN,N,Penn State,Big Ten,7.9,L,67,76,OT,12,19,L 5,Verizon Center
2017-18,22,11,Tim Miles,72.3,68.6,10.99,7.33,105.7,100.4,1,"Sat, Nov 11, 2017",8:30p,REG,,Eastern Illinois,OVC,-8.33,W,72,68,,1,0,W 1,Pinnacle Bank Arena
2017-18,22,11,Tim Miles,72.3,68.6,10.99,7.33,105.7,100.4,2,"Mon, Nov 13, 2017",8:00p,REG,,North Texas,CUSA,1.16,W,86,67,,2,0,W 2,Pinnacle Bank Arena
2017-18,22,11,Tim Miles,72.3,68.6,10.99,7.33,105.7,100.4,3,"Thu, Nov 16, 2017",6:30p,REG,@,St. John's (NY),Big East,10.29,L,56,79,,2,1,L 1,Carnesecca Arena
2017-18,22,11,Tim Miles,72.3,68.6,10.99,7.33,105.7,100.4,4,"Sun, Nov 19, 2017",2:00p,REG,,North Dakota,Big Sky,-7.63,W,92,70,,3,1,W 1,Pinnacle Bank Arena
2017-18,22,11,Tim Miles,72.3,68.6,10.99,7.33,105.7,100.4,5,"Thu, Nov 23, 2017",6:00p,REG,N,UCF,AAC,4.76,L,59,68,,3,2,L 1,HP Field House
2017-18,22,11,Tim Miles,72.3,68.6,10.99,7.33,105.7,100.4,6,"Fri, Nov 24, 2017",7:30p,REG,N,Marist,MAAC,-12.48,W,84,59,,4,2,W 1,HP Field House
2017-18,22,11,Tim Miles,72.3,68.6,10.99,7.33,105.7,100.4,7,"Sun, Nov 26, 2017",2:00p,REG,N,Long Beach State,Big West,-3.76,W,85,80,,5,2,W 2,HP Field House
2017-18,22,11,Tim Miles,72.3,68.6,10.99,7.33,105.7,100.4,8,"Wed, Nov 29, 2017",9:15p,REG,,Boston College,ACC,9,W,71,62,,6,2,W 3,Pinnacle Bank Arena
2017-18,22,11,Tim Miles,72.3,68.6,10.99,7.33,105.7,100.4,9,"Sun, Dec 3, 2017",4:30p,REG,@,Michigan State (3),Big Ten,22.41,L,57,86,,6,3,L 1,Breslin Student Events Center
2017-18,22,11,Tim Miles,72.3,68.6,10.99,7.33,105.7,100.4,10,"Tue, Dec 5, 2017",9:00p,REG,,Minnesota (14),Big Ten,7,W,78,68,,7,3,W 1,Pinnacle Bank Arena
2017-18,22,11,Tim Miles,72.3,68.6,10.99,7.33,105.7,100.4,11,"Sat, Dec 9, 2017",2:30p,REG,@,Creighton,Big East,16.35,L,65,75,,7,4,L 1,CenturyLink Center Omaha
2017-18,22,11,Tim Miles,72.3,68.6,10.99,7.33,105.7,100.4,12,"Sat, Dec 16, 2017",8:00p,REG,,Kansas (13),Big 12,21.39,L,72,73,,7,5,L 2,Pinnacle Bank Arena
2017-18,22,11,Tim Miles,72.3,68.6,10.99,7.33,105.7,100.4,13,"Wed, Dec 20, 2017",8:00p,REG,,UTSA,CUSA,-1.24,W,104,94,,8,5,W 1,Pinnacle Bank Arena
2017-18,22,11,Tim Miles,72.3,68.6,10.99,7.33,105.7,100.4,14,"Fri, Dec 22, 2017",8:00p,REG,,Delaware State,MEAC,-24.57,W,85,68,,9,5,W 2,Pinnacle Bank Arena
2017-18,22,11,Tim Miles,72.3,68.6,10.99,7.33,105.7,100.4,15,"Fri, Dec 29, 2017",8:00p,REG,,Stetson,A-Sun,-12.38,W,71,62,,10,5,W 3,Pinnacle Bank Arena
2017-18,22,11,Tim Miles,72.3,68.6,10.99,7.33,105.7,100.4,16,"Tue, Jan 2, 2018",9:00p,REG,@,Northwestern,Big Ten,9.63,W,70,55,,11,5,W 4,Allstate Arena
2017-18,22,11,Tim Miles,72.3,68.6,10.99,7.33,105.7,100.4,17,"Sat, Jan 6, 2018",2:15p,REG,@,Purdue (13),Big Ten,23.41,L,62,74,,11,6,L 1,Mackey Arena
2017-18,22,11,Tim Miles,72.3,68.6,10.99,7.33,105.7,100.4,18,"Tue, Jan 9, 2018",8:30p,REG,,Wisconsin,Big Ten,10.38,W,63,59,,12,6,W 1,Pinnacle Bank Arena
2017-18,22,11,Tim Miles,72.3,68.6,10.99,7.33,105.7,100.4,19,"Fri, Jan 12, 2018",7:00p,REG,@,Penn State,Big Ten,15.85,L,74,76,OT,12,7,L 1,Bryce Jordan Center
2017-18,22,11,Tim Miles,72.3,68.6,10.99,7.33,105.7,100.4,20,"Mon, Jan 15, 2018",9:00p,REG,,Illinois,Big Ten,8.5,W,64,63,,13,7,W 1,Pinnacle Bank Arena
2017-18,22,11,Tim Miles,72.3,68.6,10.99,7.33,105.7,100.4,21,"Thu, Jan 18, 2018",9:00p,REG,,Michigan (23),Big Ten,19.03,W,72,52,,14,7,W 2,Pinnacle Bank Arena
2017-18,22,11,Tim Miles,72.3,68.6,10.99,7.33,105.7,100.4,22,"Mon, Jan 22, 2018",8:00p,REG,@,Ohio State (13),Big Ten,17.67,L,59,64,,14,8,L 1,Value City Arena
2017-18,22,11,Tim Miles,72.3,68.6,10.99,7.33,105.7,100.4,23,"Wed, Jan 24, 2018",7:00p,REG,@,Rutgers,Big Ten,5.5,W,60,54,,15,8,W 1,Louis Brown Athletic Center
2017-18,22,11,Tim Miles,72.3,68.6,10.99,7.33,105.7,100.4,24,"Sat, Jan 27, 2018",8:00p,REG,,Iowa,Big Ten,8.13,W,98,84,,16,8,W 2,Pinnacle Bank Arena
2017-18,22,11,Tim Miles,72.3,68.6,10.99,7.33,105.7,100.4,25,"Mon, Jan 29, 2018",9:00p,REG,@,Wisconsin,Big Ten,10.38,W,74,63,,17,8,W 3,Kohl Center
2017-18,22,11,Tim Miles,72.3,68.6,10.99,7.33,105.7,100.4,26,"Tue, Feb 6, 2018",9:00p,REG,@,Minnesota,Big Ten,7,W,91,85,,18,8,W 4,Williams Arena
2017-18,22,11,Tim Miles,72.3,68.6,10.99,7.33,105.7,100.4,27,"Sat, Feb 10, 2018",4:00p,REG,,Rutgers,Big Ten,5.5,W,67,55,,19,8,W 5,Pinnacle Bank Arena
2017-18,22,11,Tim Miles,72.3,68.6,10.99,7.33,105.7,100.4,28,"Tue, Feb 13, 2018",7:00p,REG,,Maryland,Big Ten,13.78,W,70,66,,20,8,W 6,Pinnacle Bank Arena
2017-18,22,11,Tim Miles,72.3,68.6,10.99,7.33,105.7,100.4,29,"Sun, Feb 18, 2018",3:30p,REG,@,Illinois,Big Ten,8.5,L,66,72,,20,9,L 1,State Farm Center
2017-18,22,11,Tim Miles,72.3,68.6,10.99,7.33,105.7,100.4,30,"Tue, Feb 20, 2018",9:00p,REG,,Indiana,Big Ten,9.89,W,66,57,,21,9,W 1,Pinnacle Bank Arena
2017-18,22,11,Tim Miles,72.3,68.6,10.99,7.33,105.7,100.4,31,"Sun, Feb 25, 2018",5:15p,REG,,Penn State,Big Ten,15.85,W,76,64,,22,9,W 2,Pinnacle Bank Arena
2017-18,22,11,Tim Miles,72.3,68.6,10.99,7.33,105.7,100.4,32,"Fri, Mar 2, 2018",2:30p,CTOURN,N,Michigan (15),Big Ten,19.03,L,58,77,,22,10,L 1,Madison Square Garden (IV)
2017-18,22,11,Tim Miles,72.3,68.6,10.99,7.33,105.7,100.4,33,"Wed, Mar 14, 2018",9:00p,NIT,@,Mississippi State,SEC,11.71,L,59,66,,22,11,L 2,Humphrey Coliseum
2018-19,19,17,Tim Miles,71.8,67.2,14.85,11.31,106.5,99.7,1,"Tue, Nov 6, 2018",8:00p,REG,,Mississippi Valley State,SWAC,-22.47,W,106,37,,1,0,W 1,Pinnacle Bank Arena
2018-19,19,17,Tim Miles,71.8,67.2,14.85,11.31,106.5,99.7,2,"Sun, Nov 11, 2018",4:00p,REG,,Southeastern Louisiana,Southland,-7.59,W,87,35,,2,0,W 2,Pinnacle Bank Arena
2018-19,19,17,Tim Miles,71.8,67.2,14.85,11.31,106.5,99.7,3,"Wed, Nov 14, 2018",7:30p,REG,,Seton Hall,Big East,10.25,W,80,57,,3,0,W 3,Pinnacle Bank Arena
2018-19,19,17,Tim Miles,71.8,67.2,14.85,11.31,106.5,99.7,4,"Mon, Nov 19, 2018",7:00p,REG,N,Missouri State,MVC,-1.2,W,85,62,,4,0,W 4,Sprint Center
2018-19,19,17,Tim Miles,71.8,67.2,14.85,11.31,106.5,99.7,5,"Tue, Nov 20, 2018",9:30p,REG,N,Texas Tech,Big 12,22.79,L,52,70,,4,1,L 1,Sprint Center
2018-19,19,17,Tim Miles,71.8,67.2,14.85,11.31,106.5,99.7,6,"Sat, Nov 24, 2018",2:00p,REG,,Western Illinois,Summit,-10.04,W,73,49,,5,1,W 1,Pinnacle Bank Arena
2018-19,19,17,Tim Miles,71.8,67.2,14.85,11.31,106.5,99.7,7,"Mon, Nov 26, 2018",7:00p,REG,@,Clemson,ACC,13.85,W,68,66,,6,1,W 2,Littlejohn Coliseum
2018-19,19,17,Tim Miles,71.8,67.2,14.85,11.31,106.5,99.7,8,"Sun, Dec 2, 2018",5:00p,REG,,Illinois,Big Ten,8.95,W,75,60,,7,1,W 3,Pinnacle Bank Arena
2018-19,19,17,Tim Miles,71.8,67.2,14.85,11.31,106.5,99.7,9,"Wed, Dec 5, 2018",9:00p,REG,@,Minnesota,Big Ten,12.52,L,78,85,,7,2,L 1,Williams Arena
2018-19,19,17,Tim Miles,71.8,67.2,14.85,11.31,106.5,99.7,10,"Sat, Dec 8, 2018",6:00p,REG,,Creighton,Big East,12,W,94,75,,8,2,W 1,Pinnacle Bank Arena
2018-19,19,17,Tim Miles,71.8,67.2,14.85,11.31,106.5,99.7,11,"Sun, Dec 16, 2018",7:00p,REG,N,Oklahoma State,Big 12,8.09,W,79,56,,9,2,W 2,Sanford Pentagon
2018-19,19,17,Tim Miles,71.8,67.2,14.85,11.31,106.5,99.7,12,"Sat, Dec 22, 2018",2:00p,REG,,Cal State Fullerton,Big West,-3.29,W,86,62,,10,2,W 3,Pinnacle Bank Arena
2018-19,19,17,Tim Miles,71.8,67.2,14.85,11.31,106.5,99.7,13,"Sat, Dec 29, 2018",2:00p,REG,,Southwest Minnesota State,,,W,79,38,,11,2,W 4,Pinnacle Bank Arena
2018-19,19,17,Tim Miles,71.8,67.2,14.85,11.31,106.5,99.7,14,"Wed, Jan 2, 2019",6:30p,REG,@,Maryland,Big Ten,16.01,L,72,74,,11,3,L 1,Xfinity Center
2018-19,19,17,Tim Miles,71.8,67.2,14.85,11.31,106.5,99.7,15,"Sun, Jan 6, 2019",5:30p,REG,@,Iowa (25),Big Ten,14.27,L,84,93,,11,4,L 2,Carver-Hawkeye Arena
2018-19,19,17,Tim Miles,71.8,67.2,14.85,11.31,106.5,99.7,16,"Thu, Jan 10, 2019",9:00p,REG,,Penn State,Big Ten,12.55,W,70,64,,12,4,W 1,Pinnacle Bank Arena
2018-19,19,17,Tim Miles,71.8,67.2,14.85,11.31,106.5,99.7,17,"Mon, Jan 14, 2019",6:30p,REG,@,Indiana (25),Big Ten,13.82,W,66,51,,13,4,W 2,Simon Skjodt Assembly Hall
2018-19,19,17,Tim Miles,71.8,67.2,14.85,11.31,106.5,99.7,18,"Thu, Jan 17, 2019",8:00p,REG,,Michigan State (6),Big Ten,24.93,L,64,70,,13,5,L 1,Pinnacle Bank Arena
2018-19,19,17,Tim Miles,71.8,67.2,14.85,11.31,106.5,99.7,19,"Mon, Jan 21, 2019",8:00p,REG,@,Rutgers,Big Ten,8.89,L,69,76,,13,6,L 2,Louis Brown Athletic Center
2018-19,19,17,Tim Miles,71.8,67.2,14.85,11.31,106.5,99.7,20,"Sat, Jan 26, 2019",12:00p,REG,,Ohio State,Big Ten,13.89,L,60,70,,13,7,L 3,Pinnacle Bank Arena
2018-19,19,17,Tim Miles,71.8,67.2,14.85,11.31,106.5,99.7,21,"Tue, Jan 29, 2019",8:00p,REG,,Wisconsin (24),Big Ten,17.9,L,51,62,,13,8,L 4,Pinnacle Bank Arena
2018-19,19,17,Tim Miles,71.8,67.2,14.85,11.31,106.5,99.7,22,"Sat, Feb 2, 2019",2:15p,REG,@,Illinois,Big Ten,8.95,L,64,71,,13,9,L 5,State Farm Center
2018-19,19,17,Tim Miles,71.8,67.2,14.85,11.31,106.5,99.7,23,"Wed, Feb 6, 2019",7:00p,REG,,Maryland (24),Big Ten,16.01,L,45,60,,13,10,L 6,Pinnacle Bank Arena
2018-19,19,17,Tim Miles,71.8,67.2,14.85,11.31,106.5,99.7,24,"Sat, Feb 9, 2019",8:30p,REG,@,Purdue (15),Big Ten,21.4,L,62,81,,13,11,L 7,Mackey Arena
2018-19,19,17,Tim Miles,71.8,67.2,14.85,11.31,106.5,99.7,25,"Wed, Feb 13, 2019",9:00p,REG,,Minnesota,Big Ten,12.52,W,62,61,,14,11,W 1,Pinnacle Bank Arena
2018-19,19,17,Tim Miles,71.8,67.2,14.85,11.31,106.5,99.7,26,"Sat, Feb 16, 2019",8:30p,REG,,Northwestern,Big Ten,9.97,W,59,50,,15,11,W 2,Pinnacle Bank Arena
2018-19,19,17,Tim Miles,71.8,67.2,14.85,11.31,106.5,99.7,27,"Tue, Feb 19, 2019",7:00p,REG,@,Penn State,Big Ten,12.55,L,71,95,,15,12,L 1,Bryce Jordan Center
2018-19,19,17,Tim Miles,71.8,67.2,14.85,11.31,106.5,99.7,28,"Sat, Feb 23, 2019",2:00p,REG,,Purdue (15),Big Ten,21.4,L,72,75,,15,13,L 2,Pinnacle Bank Arena
2018-19,19,17,Tim Miles,71.8,67.2,14.85,11.31,106.5,99.7,29,"Thu, Feb 28, 2019",7:00p,REG,@,Michigan (9),Big Ten,21.82,L,53,82,,15,14,L 3,Crisler Center
2018-19,19,17,Tim Miles,71.8,67.2,14.85,11.31,106.5,99.7,30,"Tue, Mar 5, 2019",7:00p,REG,@,Michigan State (9),Big Ten,24.93,L,76,91,,15,15,L 4,Breslin Student Events Center
2018-19,19,17,Tim Miles,71.8,67.2,14.85,11.31,106.5,99.7,31,"Sun, Mar 10, 2019",2:00p,REG,,Iowa,Big Ten,14.27,W,93,91,OT,16,15,W 1,Pinnacle Bank Arena
2018-19,19,17,Tim Miles,71.8,67.2,14.85,11.31,106.5,99.7,32,"Wed, Mar 13, 2019",6:30p,CTOURN,N,Rutgers,Big Ten,8.89,W,68,61,,17,15,W 2,United Center
2018-19,19,17,Tim Miles,71.8,67.2,14.85,11.31,106.5,99.7,33,"Thu, Mar 14, 2019",2:55p,CTOURN,N,Maryland (21),Big Ten,16.01,W,69,61,,18,15,W 3,United Center
2018-19,19,17,Tim Miles,71.8,67.2,14.85,11.31,106.5,99.7,34,"Fri, Mar 15, 2019",2:55p,CTOURN,N,Wisconsin (19),Big Ten,17.9,L,62,66,,18,16,L 1,United Center
2018-19,19,17,Tim Miles,71.8,67.2,14.85,11.31,106.5,99.7,35,"Wed, Mar 20, 2019",9:00p,NIT,,Butler,Big East,9.22,W,80,76,,19,16,W 1,Pinnacle Bank Arena
2018-19,19,17,Tim Miles,71.8,67.2,14.85,11.31,106.5,99.7,36,"Sun, Mar 24, 2019",9:30p,NIT,@,TCU,Big 12,13.81,L,72,88,,19,17,L 1,Ed & Rae Schollmaier Arena
2019-20,7,25,Fred Hoiberg,69.8,78.1,2.41,10.66,94.1,105.2,1,"Tue, Nov 5, 2019",9:00p,REG,,UC Riverside,Big West,-3.63,L,47,66,,0,1,L 1,Pinnacle Bank Arena
2019-20,7,25,Fred Hoiberg,69.8,78.1,2.41,10.66,94.1,105.2,2,"Sat, Nov 9, 2019",2:00p,REG,,Southern Utah,Big Sky,0.1,L,78,79,2OT,0,2,L 2,Pinnacle Bank Arena
2019-20,7,25,Fred Hoiberg,69.8,78.1,2.41,10.66,94.1,105.2,3,"Fri, Nov 15, 2019",9:00p,REG,,South Dakota State,Summit,2.29,W,90,73,,1,2,W 1,Pinnacle Bank Arena
2019-20,7,25,Fred Hoiberg,69.8,78.1,2.41,10.66,94.1,105.2,4,"Fri, Nov 22, 2019",8:00p,REG,,Southern,SWAC,-9.36,W,93,86,OT,2,2,W 2,Pinnacle Bank Arena
2019-20,7,25,Fred Hoiberg,69.8,78.1,2.41,10.66,94.1,105.2,5,"Mon, Nov 25, 2019",7:30p,REG,N,Washington State,Pac-12,5.13,W,82,71,,3,2,W 3,John Gray Gymnasium
2019-20,7,25,Fred Hoiberg,69.8,78.1,2.41,10.66,94.1,105.2,6,"Tue, Nov 26, 2019",7:30p,REG,N,George Mason,A-10,0.86,L,66,85,,3,3,L 1,John Gray Gymnasium
2019-20,7,25,Fred Hoiberg,69.8,78.1,2.41,10.66,94.1,105.2,7,"Wed, Nov 27, 2019",5:00p,REG,N,South Florida,AAC,5.15,W,74,67,,4,3,W 1,John Gray Gymnasium
2019-20,7,25,Fred Hoiberg,69.8,78.1,2.41,10.66,94.1,105.2,8,"Wed, Dec 4, 2019",7:15p,REG,@,Georgia Tech,ACC,10.49,L,56,73,,4,4,L 1,McCamish Pavilion
2019-20,7,25,Fred Hoiberg,69.8,78.1,2.41,10.66,94.1,105.2,9,"Sat, Dec 7, 2019",2:30p,REG,@,Creighton,Big East,17.24,L,76,95,,4,5,L 2,CenturyLink Center Omaha
2019-20,7,25,Fred Hoiberg,69.8,78.1,2.41,10.66,94.1,105.2,10,"Fri, Dec 13, 2019",8:00p,REG,@,Indiana,Big Ten,15.07,L,90,96,OT,4,6,L 3,Simon Skjodt Assembly Hall
2019-20,7,25,Fred Hoiberg,69.8,78.1,2.41,10.66,94.1,105.2,11,"Sun, Dec 15, 2019",4:00p,REG,,Purdue,Big Ten,16.3,W,70,56,,5,6,W 1,Pinnacle Bank Arena
2019-20,7,25,Fred Hoiberg,69.8,78.1,2.41,10.66,94.1,105.2,12,"Sat, Dec 21, 2019",6:00p,REG,,North Dakota,Summit,-6.24,L,74,75,,5,7,L 1,Pinnacle Bank Arena
2019-20,7,25,Fred Hoiberg,69.8,78.1,2.41,10.66,94.1,105.2,13,"Sun, Dec 29, 2019",2:00p,REG,,Texas A&M-Corpus Christi,Southland,-10.8,W,73,52,,6,7,W 1,Pinnacle Bank Arena
2019-20,7,25,Fred Hoiberg,69.8,78.1,2.41,10.66,94.1,105.2,14,"Fri, Jan 3, 2020",8:00p,REG,,Rutgers,Big Ten,15.72,L,62,79,,6,8,L 1,Pinnacle Bank Arena
2019-20,7,25,Fred Hoiberg,69.8,78.1,2.41,10.66,94.1,105.2,15,"Tue, Jan 7, 2020",9:00p,REG,,Iowa,Big Ten,16.07,W,76,70,,7,8,W 1,Pinnacle Bank Arena
2019-20,7,25,Fred Hoiberg,69.8,78.1,2.41,10.66,94.1,105.2,16,"Sat, Jan 11, 2020",4:30p,REG,@,Northwestern,Big Ten,5.35,L,57,62,,7,9,L 1,Welsh-Ryan Arena
2019-20,7,25,Fred Hoiberg,69.8,78.1,2.41,10.66,94.1,105.2,17,"Tue, Jan 14, 2020",6:30p,REG,@,Ohio State (21),Big Ten,19.37,L,68,80,,7,10,L 2,Value City Arena
2019-20,7,25,Fred Hoiberg,69.8,78.1,2.41,10.66,94.1,105.2,18,"Sat, Jan 18, 2020",7:00p,REG,,Indiana,Big Ten,15.07,L,74,82,,7,11,L 3,Pinnacle Bank Arena
2019-20,7,25,Fred Hoiberg,69.8,78.1,2.41,10.66,94.1,105.2,19,"Tue, Jan 21, 2020",9:00p,REG,@,Wisconsin,Big Ten,15.95,L,68,82,,7,12,L 4,Kohl Center
2019-20,7,25,Fred Hoiberg,69.8,78.1,2.41,10.66,94.1,105.2,20,"Sat, Jan 25, 2020",2:00p,REG,@,Rutgers (24),Big Ten,15.72,L,72,75,,7,13,L 5,Rutgers Athletic Center
2019-20,7,25,Fred Hoiberg,69.8,78.1,2.41,10.66,94.1,105.2,21,"Tue, Jan 28, 2020",7:00p,REG,,Michigan,Big Ten,17.94,L,68,79,,7,14,L 6,Pinnacle Bank Arena
2019-20,7,25,Fred Hoiberg,69.8,78.1,2.41,10.66,94.1,105.2,22,"Sat, Feb 1, 2020",7:00p,REG,,Penn State (24),Big Ten,16.12,L,64,76,,7,15,L 7,Pinnacle Bank Arena
2019-20,7,25,Fred Hoiberg,69.8,78.1,2.41,10.66,94.1,105.2,23,"Sat, Feb 8, 2020",6:00p,REG,@,Iowa (17),Big Ten,16.07,L,72,96,,7,16,L 8,Carver-Hawkeye Arena
2019-20,7,25,Fred Hoiberg,69.8,78.1,2.41,10.66,94.1,105.2,24,"Tue, Feb 11, 2020",8:30p,REG,@,Maryland (9),Big Ten,17.82,L,70,72,,7,17,L 9,Xfinity Center
2019-20,7,25,Fred Hoiberg,69.8,78.1,2.41,10.66,94.1,105.2,25,"Sat, Feb 15, 2020",2:15p,REG,,Wisconsin,Big Ten,15.95,L,64,81,,7,18,L 10,Pinnacle Bank Arena
2019-20,7,25,Fred Hoiberg,69.8,78.1,2.41,10.66,94.1,105.2,26,"Thu, Feb 20, 2020",8:30p,REG,,Michigan State,Big Ten,21.92,L,65,86,,7,19,L 11,Pinnacle Bank Arena
2019-20,7,25,Fred Hoiberg,69.8,78.1,2.41,10.66,94.1,105.2,27,"Mon, Feb 24, 2020",8:00p,REG,@,Illinois,Big Ten,15.27,L,59,71,,7,20,L 12,State Farm Center
2019-20,7,25,Fred Hoiberg,69.8,78.1,2.41,10.66,94.1,105.2,28,"Thu, Feb 27, 2020",9:00p,REG,,Ohio State (23),Big Ten,19.37,L,54,75,,7,21,L 13,Pinnacle Bank Arena
2019-20,7,25,Fred Hoiberg,69.8,78.1,2.41,10.66,94.1,105.2,29,"Sun, Mar 1, 2020",4:15p,REG,,Northwestern,Big Ten,5.35,L,76,81,OT,7,22,L 14,Pinnacle Bank Arena
2019-20,7,25,Fred Hoiberg,69.8,78.1,2.41,10.66,94.1,105.2,30,"Thu, Mar 5, 2020",6:30p,REG,@,Michigan (25),Big Ten,17.94,L,58,82,,7,23,L 15,Crisler Center
2019-20,7,25,Fred Hoiberg,69.8,78.1,2.41,10.66,94.1,105.2,31,"Sun, Mar 8, 2020",1:00p,REG,@,Minnesota,Big Ten,16.39,L,75,107,,7,24,L 16,Williams Arena
2019-20,7,25,Fred Hoiberg,69.8,78.1,2.41,10.66,94.1,105.2,32,"Wed, Mar 11, 2020",8:30p,CTOURN,N,Indiana,Big Ten,15.07,L,64,89,,7,25,L 17,Bankers Life Fieldhouse
2020-21,7,20,Fred Hoiberg,70,74.2,6.08,12.28,95.4,101.3,1,"Wed, Nov 25, 2020",12:00p,REG,,McNeese State,Southland,-18.34,W,102,55,,1,0,W 1,Pinnacle Bank Arena
2020-21,7,20,Fred Hoiberg,70,74.2,6.08,12.28,95.4,101.3,2,"Thu, Nov 26, 2020",2:00p,REG,,Nevada,MWC,5.4,L,66,69,,1,1,L 1,Pinnacle Bank Arena
2020-21,7,20,Fred Hoiberg,70,74.2,6.08,12.28,95.4,101.3,3,"Sat, Nov 28, 2020",12:00p,REG,,North Dakota State,Summit,-0.65,W,79,57,,2,1,W 1,Pinnacle Bank Arena
2020-21,7,20,Fred Hoiberg,70,74.2,6.08,12.28,95.4,101.3,4,"Tue, Dec 1, 2020",9:00p,REG,,South Dakota,Summit,-1.25,W,76,69,,3,1,W 2,Pinnacle Bank Arena
2020-21,7,20,Fred Hoiberg,70,74.2,6.08,12.28,95.4,101.3,5,"Wed, Dec 9, 2020",7:15p,REG,,Georgia Tech,ACC,12.79,L,64,75,,3,2,L 1,Pinnacle Bank Arena
2020-21,7,20,Fred Hoiberg,70,74.2,6.08,12.28,95.4,101.3,6,"Fri, Dec 11, 2020",7:00p,REG,@,Creighton (8),Big East,16.28,L,74,98,,3,3,L 2,CenturyLink Center Omaha
2020-21,7,20,Fred Hoiberg,70,74.2,6.08,12.28,95.4,101.3,7,"Thu, Dec 17, 2020",7:00p,REG,,Doane College,,,W,110,64,,4,3,W 1,Pinnacle Bank Arena
2020-21,7,20,Fred Hoiberg,70,74.2,6.08,12.28,95.4,101.3,8,"Tue, Dec 22, 2020",7:00p,REG,@,Wisconsin (9),Big Ten,17.22,L,53,67,,4,4,L 1,Kohl Center
2020-21,7,20,Fred Hoiberg,70,74.2,6.08,12.28,95.4,101.3,9,"Fri, Dec 25, 2020",6:00p,REG,,Michigan (19),Big Ten,22,L,69,80,,4,5,L 2,Pinnacle Bank Arena
2020-21,7,20,Fred Hoiberg,70,74.2,6.08,12.28,95.4,101.3,10,"Wed, Dec 30, 2020",6:30p,REG,@,Ohio State (25),Big Ten,18.25,L,54,90,,4,6,L 3,Value City Arena
2020-21,7,20,Fred Hoiberg,70,74.2,6.08,12.28,95.4,101.3,11,"Sat, Jan 2, 2021",8:00p,REG,,Michigan State (17),Big Ten,9.8,L,77,84,,4,7,L 4,Pinnacle Bank Arena
2020-21,7,20,Fred Hoiberg,70,74.2,6.08,12.28,95.4,101.3,12,"Sun, Jan 10, 2021",6:00p,REG,,Indiana,Big Ten,12.79,L,76,84,,4,8,L 5,Pinnacle Bank Arena
2020-21,7,20,Fred Hoiberg,70,74.2,6.08,12.28,95.4,101.3,13,"Sat, Feb 6, 2021",6:30p,REG,@,Michigan State,Big Ten,9.8,L,56,66,,4,9,L 6,Breslin Events Center
2020-21,7,20,Fred Hoiberg,70,74.2,6.08,12.28,95.4,101.3,14,"Mon, Feb 8, 2021",8:00p,REG,@,Minnesota,Big Ten,11.04,L,61,79,,4,10,L 7,Williams Arena
2020-21,7,20,Fred Hoiberg,70,74.2,6.08,12.28,95.4,101.3,15,"Wed, Feb 10, 2021",9:30p,REG,,Wisconsin (21),Big Ten,17.22,L,48,61,,4,11,L 8,Pinnacle Bank Arena
2020-21,7,20,Fred Hoiberg,70,74.2,6.08,12.28,95.4,101.3,16,"Fri, Feb 12, 2021",9:00p,REG,,Illinois (6),Big Ten,23.25,L,72,77,OT,4,12,L 9,Pinnacle Bank Arena
2020-21,7,20,Fred Hoiberg,70,74.2,6.08,12.28,95.4,101.3,17,"Sun, Feb 14, 2021",3:00p,REG,@,Penn State,Big Ten,13.53,W,62,61,,5,12,W 1,Bryce Jordan Center
2020-21,7,20,Fred Hoiberg,70,74.2,6.08,12.28,95.4,101.3,18,"Tue, Feb 16, 2021",7:00p,REG,@,Maryland,Big Ten,13.94,L,50,64,,5,13,L 1,Xfinity Center
2020-21,7,20,Fred Hoiberg,70,74.2,6.08,12.28,95.4,101.3,19,"Wed, Feb 17, 2021",7:00p,REG,@,Maryland,Big Ten,13.94,L,71,79,,5,14,L 2,Xfinity Center
2020-21,7,20,Fred Hoiberg,70,74.2,6.08,12.28,95.4,101.3,20,"Sat, Feb 20, 2021",5:30p,REG,,Purdue,Big Ten,15.55,L,58,75,,5,15,L 3,Pinnacle Bank Arena
2020-21,7,20,Fred Hoiberg,70,74.2,6.08,12.28,95.4,101.3,21,"Tue, Feb 23, 2021",8:00p,REG,,Penn State,Big Ten,13.53,L,83,86,,5,16,L 4,Pinnacle Bank Arena
2020-21,7,20,Fred Hoiberg,70,74.2,6.08,12.28,95.4,101.3,22,"Thu, Feb 25, 2021",7:00p,REG,@,Illinois (5),Big Ten,23.25,L,70,86,,5,17,L 5,State Farm Center
2020-21,7,20,Fred Hoiberg,70,74.2,6.08,12.28,95.4,101.3,23,"Sat, Feb 27, 2021",7:00p,REG,,Minnesota,Big Ten,11.04,W,78,74,,6,17,W 1,Pinnacle Bank Arena
2020-21,7,20,Fred Hoiberg,70,74.2,6.08,12.28,95.4,101.3,24,"Mon, Mar 1, 2021",7:00p,REG,,Rutgers,Big Ten,14.14,W,72,51,,7,17,W 2,Pinnacle Bank Arena
2020-21,7,20,Fred Hoiberg,70,74.2,6.08,12.28,95.4,101.3,25,"Thu, Mar 4, 2021",9:00p,REG,@,Iowa (5),Big Ten,21.4,L,64,102,,7,18,L 1,Carver-Hawkeye Arena
2020-21,7,20,Fred Hoiberg,70,74.2,6.08,12.28,95.4,101.3,26,"Sun, Mar 7, 2021",1:30p,REG,@,Northwestern,Big Ten,9.71,L,78,79,,7,19,L 2,Welsh-Ryan Arena
2020-21,7,20,Fred Hoiberg,70,74.2,6.08,12.28,95.4,101.3,27,"Wed, Mar 10, 2021",9:00p,CTOURN,N,Penn State,Big Ten,13.53,L,66,72,,7,20,L 3,Lucas Oil Stadium
2021-22,10,22,Fred Hoiberg,73.3,78.5,3,8.25,99.8,107,1,"Tue, Nov 9, 2021",8:00p,REG,,Western Illinois,Summit,-6.34,L,74,75,,0,1,L 1,Pinnacle Bank Arena
2021-22,10,22,Fred Hoiberg,73.3,78.5,3,8.25,99.8,107,2,"Fri, Nov 12, 2021",8:30p,REG,,Sam Houston,WAC,0.07,W,74,65,,1,1,W 1,Pinnacle Bank Arena
2021-22,10,22,Fred Hoiberg,73.3,78.5,3,8.25,99.8,107,3,"Tue, Nov 16, 2021",7:00p,REG,,Creighton,Big East,11.34,L,69,77,,1,2,L 1,Pinnacle Bank Arena
2021-22,10,22,Fred Hoiberg,73.3,78.5,3,8.25,99.8,107,4,"Fri, Nov 19, 2021",7:00p,REG,,Idaho State,Big Sky,-14.96,W,78,60,,2,2,W 1,Pinnacle Bank Arena
2021-22,10,22,Fred Hoiberg,73.3,78.5,3,8.25,99.8,107,5,"Sun, Nov 21, 2021",4:00p,REG,,Southern,SWAC,-5.17,W,82,59,,3,2,W 2,Pinnacle Bank Arena
2021-22,10,22,Fred Hoiberg,73.3,78.5,3,8.25,99.8,107,6,"Tue, Nov 23, 2021",9:00p,REG,,Tennessee State,OVC,-9.34,W,79,73,,4,2,W 3,Pinnacle Bank Arena
2021-22,10,22,Fred Hoiberg,73.3,78.5,3,8.25,99.8,107,7,"Sat, Nov 27, 2021",2:00p,REG,,South Dakota,Summit,-4.43,W,83,70,,5,2,W 4,Pinnacle Bank Arena
2021-22,10,22,Fred Hoiberg,73.3,78.5,3,8.25,99.8,107,8,"Wed, Dec 1, 2021",7:15p,REG,@,NC State,ACC,3.77,L,100,104,4OT,5,3,L 1,PNC Arena
2021-22,10,22,Fred Hoiberg,73.3,78.5,3,8.25,99.8,107,9,"Sat, Dec 4, 2021",12:00p,REG,@,Indiana,Big Ten,12.71,L,55,68,,5,4,L 2,Simon Skjodt Assembly Hall
2021-22,10,22,Fred Hoiberg,73.3,78.5,3,8.25,99.8,107,10,"Tue, Dec 7, 2021",7:00p,REG,,Michigan,Big Ten,14.26,L,67,102,,5,5,L 3,Pinnacle Bank Arena
2021-22,10,22,Fred Hoiberg,73.3,78.5,3,8.25,99.8,107,11,"Sat, Dec 11, 2021",11:30a,REG,N,Auburn (18),SEC,19.2,L,68,99,,5,6,L 4,State Farm Arena
2021-22,10,22,Fred Hoiberg,73.3,78.5,3,8.25,99.8,107,12,"Sun, Dec 19, 2021",6:00p,REG,,Kansas State,Big 12,10.61,L,58,67,,5,7,L 5,Pinnacle Bank Arena
2021-22,10,22,Fred Hoiberg,73.3,78.5,3,8.25,99.8,107,13,"Wed, Dec 22, 2021",7:30p,REG,,Kennesaw State,A-Sun,-4.51,W,88,74,,6,7,W 1,Pinnacle Bank Arena
2021-22,10,22,Fred Hoiberg,73.3,78.5,3,8.25,99.8,107,14,"Sun, Jan 2, 2022",8:00p,REG,,Ohio State (13),Big Ten,14.17,L,79,87,OT,6,8,L 1,Pinnacle Bank Arena
2021-22,10,22,Fred Hoiberg,73.3,78.5,3,8.25,99.8,107,15,"Wed, Jan 5, 2022",7:00p,REG,@,Michigan State (10),Big Ten,13.18,L,67,79,,6,9,L 2,Breslin Student Events Center
2021-22,10,22,Fred Hoiberg,73.3,78.5,3,8.25,99.8,107,16,"Sat, Jan 8, 2022",2:00p,REG,@,Rutgers,Big Ten,8.78,L,65,93,,6,10,L 3,Jersey Mike''s Arena
2021-22,10,22,Fred Hoiberg,73.3,78.5,3,8.25,99.8,107,17,"Tue, Jan 11, 2022",8:30p,REG,,Illinois (25),Big Ten,16.69,L,71,81,,6,11,L 4,Pinnacle Bank Arena
2021-22,10,22,Fred Hoiberg,73.3,78.5,3,8.25,99.8,107,18,"Fri, Jan 14, 2022",6:30p,REG,@,Purdue (7),Big Ten,19.15,L,65,92,,6,12,L 5,Mackey Arena
2021-22,10,22,Fred Hoiberg,73.3,78.5,3,8.25,99.8,107,19,"Mon, Jan 17, 2022",6:00p,REG,,Indiana,Big Ten,12.71,L,71,78,,6,13,L 6,Pinnacle Bank Arena
2021-22,10,22,Fred Hoiberg,73.3,78.5,3,8.25,99.8,107,20,"Thu, Jan 27, 2022",5:00p,REG,,Wisconsin (11),Big Ten,13.13,L,65,73,,6,14,L 7,Pinnacle Bank Arena
2021-22,10,22,Fred Hoiberg,73.3,78.5,3,8.25,99.8,107,21,"Sat, Jan 29, 2022",6:30p,REG,,Rutgers,Big Ten,8.78,L,61,63,,6,15,L 8,Pinnacle Bank Arena
2021-22,10,22,Fred Hoiberg,73.3,78.5,3,8.25,99.8,107,22,"Tue, Feb 1, 2022",9:00p,REG,@,Michigan,Big Ten,14.26,L,79,85,,6,16,L 9,Crisler Center
2021-22,10,22,Fred Hoiberg,73.3,78.5,3,8.25,99.8,107,23,"Sat, Feb 5, 2022",1:00p,REG,,Northwestern,Big Ten,8.91,L,63,87,,6,17,L 10,Pinnacle Bank Arena
2021-22,10,22,Fred Hoiberg,73.3,78.5,3,8.25,99.8,107,24,"Wed, Feb 9, 2022",9:00p,REG,,Minnesota,Big Ten,5.93,W,78,65,,7,17,W 1,Pinnacle Bank Arena
2021-22,10,22,Fred Hoiberg,73.3,78.5,3,8.25,99.8,107,25,"Sun, Feb 13, 2022",2:00p,REG,@,Iowa,Big Ten,18.9,L,75,98,,7,18,L 1,Carver-Hawkeye Arena
2021-22,10,22,Fred Hoiberg,73.3,78.5,3,8.25,99.8,107,26,"Fri, Feb 18, 2022",9:00p,REG,,Maryland,Big Ten,9.34,L,74,90,,7,19,L 2,Pinnacle Bank Arena
2021-22,10,22,Fred Hoiberg,73.3,78.5,3,8.25,99.8,107,27,"Tue, Feb 22, 2022",8:00p,REG,@,Northwestern,Big Ten,8.91,L,65,77,,7,20,L 3,Welsh-Ryan Arena
2021-22,10,22,Fred Hoiberg,73.3,78.5,3,8.25,99.8,107,28,"Fri, Feb 25, 2022",9:00p,REG,,Iowa (25),Big Ten,18.9,L,78,88,,7,21,L 4,Pinnacle Bank Arena
2021-22,10,22,Fred Hoiberg,73.3,78.5,3,8.25,99.8,107,29,"Sun, Feb 27, 2022",7:00p,REG,@,Penn State,Big Ten,8.72,W,93,70,,8,21,W 1,Bryce Jordan Center
2021-22,10,22,Fred Hoiberg,73.3,78.5,3,8.25,99.8,107,30,"Tue, Mar 1, 2022",7:00p,REG,@,Ohio State (23),Big Ten,14.17,W,78,70,,9,21,W 2,Value City Arena
2021-22,10,22,Fred Hoiberg,73.3,78.5,3,8.25,99.8,107,31,"Sun, Mar 6, 2022",2:00p,REG,@,Wisconsin (10),Big Ten,13.13,W,74,73,,10,21,W 3,Kohl Center
2021-22,10,22,Fred Hoiberg,73.3,78.5,3,8.25,99.8,107,32,"Wed, Mar 9, 2022",6:00p,CTOURN,N,Northwestern,Big Ten,8.91,L,69,71,,10,22,L 1,Gainbridge Fieldhouse
2022-23,16,16,Fred Hoiberg,68,69.9,7.12,9.02,99.5,102.3,1,"Mon, Nov 7, 2022",8:00p,REG,,Maine,AmEast,-8.88,W,79,66,,1,0,W 1,Pinnacle Bank Arena
2022-23,16,16,Fred Hoiberg,68,69.9,7.12,9.02,99.5,102.3,2,"Thu, Nov 10, 2022",8:00p,REG,,Omaha,Summit,-10.8,W,75,61,,2,0,W 2,Pinnacle Bank Arena
2022-23,16,16,Fred Hoiberg,68,69.9,7.12,9.02,99.5,102.3,3,"Thu, Nov 17, 2022",6:30p,REG,@,St. John's (NY),Big East,8.64,L,50,70,,2,1,L 1,Carnesecca Arena
2022-23,16,16,Fred Hoiberg,68,69.9,7.12,9.02,99.5,102.3,4,"Sun, Nov 20, 2022",3:30p,REG,,Arkansas-Pine Bluff,SWAC,-12.99,W,82,58,,3,1,W 1,Pinnacle Bank Arena
2022-23,16,16,Fred Hoiberg,68,69.9,7.12,9.02,99.5,102.3,5,"Thu, Nov 24, 2022",4:00p,REG,N,Oklahoma,Big 12,11.38,L,56,69,,3,2,L 1,State Farm Field House
2022-23,16,16,Fred Hoiberg,68,69.9,7.12,9.02,99.5,102.3,6,"Fri, Nov 25, 2022",5:30p,REG,N,Memphis,AAC,14.5,L,61,73,,3,3,L 2,State Farm Field House
2022-23,16,16,Fred Hoiberg,68,69.9,7.12,9.02,99.5,102.3,7,"Sun, Nov 27, 2022",7:30p,REG,N,Florida State,ACC,-0.38,W,75,58,,4,3,W 1,State Farm Field House
2022-23,16,16,Fred Hoiberg,68,69.9,7.12,9.02,99.5,102.3,8,"Wed, Nov 30, 2022",9:15p,REG,,Boston College,ACC,1.09,W,88,67,,5,3,W 2,Pinnacle Bank Arena
2022-23,16,16,Fred Hoiberg,68,69.9,7.12,9.02,99.5,102.3,9,"Sun, Dec 4, 2022",4:30p,REG,@,Creighton (7),Big East,17.83,W,63,53,,6,3,W 3,CHI Health Center Omaha
2022-23,16,16,Fred Hoiberg,68,69.9,7.12,9.02,99.5,102.3,10,"Wed, Dec 7, 2022",8:30p,REG,@,Indiana (14),Big Ten,14.94,L,65,81,,6,4,L 1,Simon Skjodt Assembly Hall
2022-23,16,16,Fred Hoiberg,68,69.9,7.12,9.02,99.5,102.3,11,"Sat, Dec 10, 2022",2:15p,REG,,Purdue (4),Big Ten,18.23,L,62,65,OT,6,5,L 2,Pinnacle Bank Arena
2022-23,16,16,Fred Hoiberg,68,69.9,7.12,9.02,99.5,102.3,12,"Sat, Dec 17, 2022",7:00p,REG,@,Kansas State,Big 12,15.79,L,56,71,,6,6,L 3,T-Mobile Center
2022-23,16,16,Fred Hoiberg,68,69.9,7.12,9.02,99.5,102.3,13,"Tue, Dec 20, 2022",7:30p,REG,,Queens (NC),A-Sun,-4.16,W,75,65,,7,6,W 1,Pinnacle Bank Arena
2022-23,16,16,Fred Hoiberg,68,69.9,7.12,9.02,99.5,102.3,14,"Thu, Dec 29, 2022",7:00p,REG,,Iowa,Big Ten,14.08,W,66,50,,8,6,W 2,Pinnacle Bank Arena
2022-23,16,16,Fred Hoiberg,68,69.9,7.12,9.02,99.5,102.3,15,"Tue, Jan 3, 2023",7:00p,REG,@,Michigan State,Big Ten,14.25,L,56,74,,8,7,L 1,Breslin Student Events Center
2022-23,16,16,Fred Hoiberg,68,69.9,7.12,9.02,99.5,102.3,16,"Sat, Jan 7, 2023",12:00p,REG,@,Minnesota,Big Ten,-0.3,W,81,79,OT,9,7,W 1,Williams Arena
2022-23,16,16,Fred Hoiberg,68,69.9,7.12,9.02,99.5,102.3,17,"Tue, Jan 10, 2023",9:00p,REG,,Illinois,Big Ten,14.81,L,50,76,,9,8,L 1,Pinnacle Bank Arena
2022-23,16,16,Fred Hoiberg,68,69.9,7.12,9.02,99.5,102.3,18,"Fri, Jan 13, 2023",7:00p,REG,@,Purdue (3),Big Ten,18.23,L,55,73,,9,9,L 2,Mackey Arena
2022-23,16,16,Fred Hoiberg,68,69.9,7.12,9.02,99.5,102.3,19,"Wed, Jan 18, 2023",7:00p,REG,,Ohio State,Big Ten,12.99,W,63,60,,10,9,W 1,Pinnacle Bank Arena
2022-23,16,16,Fred Hoiberg,68,69.9,7.12,9.02,99.5,102.3,20,"Sat, Jan 21, 2023",2:15p,REG,@,Penn State,Big Ten,13.04,L,65,76,,10,10,L 1,Bryce Jordan Center
2022-23,16,16,Fred Hoiberg,68,69.9,7.12,9.02,99.5,102.3,21,"Wed, Jan 25, 2023",7:00p,REG,,Northwestern,Big Ten,13.68,L,63,78,,10,11,L 2,Pinnacle Bank Arena
2022-23,16,16,Fred Hoiberg,68,69.9,7.12,9.02,99.5,102.3,22,"Sat, Jan 28, 2023",4:30p,REG,@,Maryland,Big Ten,14.58,L,63,82,,10,12,L 3,Xfinity Center
2022-23,16,16,Fred Hoiberg,68,69.9,7.12,9.02,99.5,102.3,23,"Tue, Jan 31, 2023",7:00p,REG,@,Illinois,Big Ten,14.81,L,56,72,,10,13,L 4,State Farm Center
2022-23,16,16,Fred Hoiberg,68,69.9,7.12,9.02,99.5,102.3,24,"Sun, Feb 5, 2023",4:30p,REG,,Penn State,Big Ten,13.04,W,72,63,,11,13,W 1,Pinnacle Bank Arena
2022-23,16,16,Fred Hoiberg,68,69.9,7.12,9.02,99.5,102.3,25,"Wed, Feb 8, 2023",6:30p,REG,@,Michigan,Big Ten,12.43,L,72,93,,11,14,L 1,Crisler Center
2022-23,16,16,Fred Hoiberg,68,69.9,7.12,9.02,99.5,102.3,26,"Sat, Feb 11, 2023",4:00p,REG,,Wisconsin,Big Ten,10.98,W,73,63,OT,12,14,W 1,Pinnacle Bank Arena
2022-23,16,16,Fred Hoiberg,68,69.9,7.12,9.02,99.5,102.3,27,"Tue, Feb 14, 2023",8:00p,REG,@,Rutgers,Big Ten,14.58,W,82,72,,13,14,W 2,Jersey Mike's Arena
2022-23,16,16,Fred Hoiberg,68,69.9,7.12,9.02,99.5,102.3,28,"Sun, Feb 19, 2023",5:00p,REG,,Maryland,Big Ten,14.58,W,70,66,OT,14,14,W 3,Pinnacle Bank Arena
2022-23,16,16,Fred Hoiberg,68,69.9,7.12,9.02,99.5,102.3,29,"Sat, Feb 25, 2023",3:30p,REG,,Minnesota,Big Ten,-0.3,W,78,67,,15,14,W 4,Pinnacle Bank Arena
2022-23,16,16,Fred Hoiberg,68,69.9,7.12,9.02,99.5,102.3,30,"Tue, Feb 28, 2023",9:00p,REG,,Michigan State,Big Ten,14.25,L,67,80,,15,15,L 1,Pinnacle Bank Arena
2022-23,16,16,Fred Hoiberg,68,69.9,7.12,9.02,99.5,102.3,31,"Sun, Mar 5, 2023",2:00p,REG,@,Iowa,Big Ten,14.08,W,81,77,,16,15,W 1,Carver-Hawkeye Arena
2022-23,16,16,Fred Hoiberg,68,69.9,7.12,9.02,99.5,102.3,32,"Wed, Mar 8, 2023",9:00p,CTOURN,N,Minnesota,Big Ten,-0.3,L,75,78,,16,16,L 1,United Center
2023-24,23,11,Fred Hoiberg,77.7,70.9,14.36,7.53,110.8,101.1,1,"Mon, Nov 6, 2023",8:00p,REG,,Lindenwood,OVC,-18.73,W,84,52,,1,0,W 1,Pinnacle Bank Arena
2023-24,23,11,Fred Hoiberg,77.7,70.9,14.36,7.53,110.8,101.1,2,"Thu, Nov 9, 2023",8:00p,REG,,Florida A&M,SWAC,-15.82,W,81,54,,2,0,W 2,Pinnacle Bank Arena
2023-24,23,11,Fred Hoiberg,77.7,70.9,14.36,7.53,110.8,101.1,3,"Mon, Nov 13, 2023",8:00p,REG,,Rider,MAAC,-5.73,W,64,50,,3,0,W 3,Pinnacle Bank Arena
2023-24,23,11,Fred Hoiberg,77.7,70.9,14.36,7.53,110.8,101.1,4,"Wed, Nov 15, 2023",8:00p,REG,,Stony Brook,CAA,-2.59,W,84,63,,4,0,W 4,Pinnacle Bank Arena
2023-24,23,11,Fred Hoiberg,77.7,70.9,14.36,7.53,110.8,101.1,5,"Sat, Nov 18, 2023",4:00p,REG,N,Oregon State,Pac-12,3.28,W,84,63,,5,0,W 5,Sanford Pentagon
2023-24,23,11,Fred Hoiberg,77.7,70.9,14.36,7.53,110.8,101.1,6,"Wed, Nov 22, 2023",8:00p,REG,,Duquesne,A-10,7.35,W,89,79,,6,0,W 6,Pinnacle Bank Arena
2023-24,23,11,Fred Hoiberg,77.7,70.9,14.36,7.53,110.8,101.1,7,"Sun, Nov 26, 2023",2:00p,REG,,Cal State Fullerton,Big West,-5.15,W,85,72,,7,0,W 7,Pinnacle Bank Arena
2023-24,23,11,Fred Hoiberg,77.7,70.9,14.36,7.53,110.8,101.1,8,"Sun, Dec 3, 2023",4:00p,REG,,Creighton (15),Big East,20.07,L,60,89,,7,1,L 1,Pinnacle Bank Arena
2023-24,23,11,Fred Hoiberg,77.7,70.9,14.36,7.53,110.8,101.1,9,"Wed, Dec 6, 2023",9:00p,REG,@,Minnesota,Big Ten,9.51,L,65,76,,7,2,L 2,Williams Arena
2023-24,23,11,Fred Hoiberg,77.7,70.9,14.36,7.53,110.8,101.1,10,"Sun, Dec 10, 2023",6:30p,REG,,Michigan State,Big Ten,17.72,W,77,70,,8,2,W 1,Pinnacle Bank Arena
2023-24,23,11,Fred Hoiberg,77.7,70.9,14.36,7.53,110.8,101.1,11,"Sun, Dec 17, 2023",3:00p,REG,@,Kansas State,Big 12,11.06,W,62,46,,9,2,W 2,Bramlage Coliseum
2023-24,23,11,Fred Hoiberg,77.7,70.9,14.36,7.53,110.8,101.1,12,"Wed, Dec 20, 2023",7:30p,REG,,North Dakota,Summit,-6.24,W,83,75,,10,2,W 3,Pinnacle Bank Arena
2023-24,23,11,Fred Hoiberg,77.7,70.9,14.36,7.53,110.8,101.1,13,"Fri, Dec 29, 2023",7:30p,REG,,South Carolina State,MEAC,-11.85,W,91,62,,11,2,W 4,Pinnacle Bank Arena
2023-24,23,11,Fred Hoiberg,77.7,70.9,14.36,7.53,110.8,101.1,14,"Wed, Jan 3, 2024",9:00p,REG,,Indiana,Big Ten,7.74,W,86,70,,12,2,W 5,Pinnacle Bank Arena
2023-24,23,11,Fred Hoiberg,77.7,70.9,14.36,7.53,110.8,101.1,15,"Sat, Jan 6, 2024",2:15p,REG,@,Wisconsin (21),Big Ten,16.01,L,72,88,,12,3,L 1,
2023-24,23,11,Fred Hoiberg,77.7,70.9,14.36,7.53,110.8,101.1,16,"Tue, Jan 9, 2024",9:00p,REG,,Purdue (1),Big Ten,24.93,W,88,72,,13,3,W 1,Pinnacle Bank Arena
2023-24,23,11,Fred Hoiberg,77.7,70.9,14.36,7.53,110.8,101.1,17,"Fri, Jan 12, 2024",9:30p,REG,@,Iowa,Big Ten,13,L,76,94,,13,4,L 1,Carver-Hawkeye Arena
2023-24,23,11,Fred Hoiberg,77.7,70.9,14.36,7.53,110.8,101.1,18,"Wed, Jan 17, 2024",7:00p,REG,@,Rutgers,Big Ten,7.41,L,82,87,OT,13,5,L 2,Jersey Mike's Arena
2023-24,23,11,Fred Hoiberg,77.7,70.9,14.36,7.53,110.8,101.1,19,"Sat, Jan 20, 2024",2:15p,REG,,Northwestern,Big Ten,12.77,W,75,69,,14,5,W 1,Pinnacle Bank Arena
2023-24,23,11,Fred Hoiberg,77.7,70.9,14.36,7.53,110.8,101.1,20,"Tue, Jan 23, 2024",7:00p,REG,,Ohio State,Big Ten,13.64,W,83,69,,15,5,W 2,Pinnacle Bank Arena
2023-24,23,11,Fred Hoiberg,77.7,70.9,14.36,7.53,110.8,101.1,21,"Sat, Jan 27, 2024",12:00p,REG,@,Maryland,Big Ten,10.6,L,51,73,,15,6,L 1,Xfinity Center
2023-24,23,11,Fred Hoiberg,77.7,70.9,14.36,7.53,110.8,101.1,22,"Thu, Feb 1, 2024",8:30p,REG,,Wisconsin (6),Big Ten,16.01,W,80,72,OT,16,6,W 1,Pinnacle Bank Arena
2023-24,23,11,Fred Hoiberg,77.7,70.9,14.36,7.53,110.8,101.1,23,"Sun, Feb 4, 2024",6:30p,REG,@,Illinois (14),Big Ten,19.56,L,84,87,OT,16,7,L 1,State Farm Center
2023-24,23,11,Fred Hoiberg,77.7,70.9,14.36,7.53,110.8,101.1,24,"Wed, Feb 7, 2024",9:00p,REG,@,Northwestern,Big Ten,12.77,L,68,80,,16,8,L 2,Welsh-Ryan Arena
2023-24,23,11,Fred Hoiberg,77.7,70.9,14.36,7.53,110.8,101.1,25,"Sat, Feb 10, 2024",6:30p,REG,,Michigan,Big Ten,5.28,W,79,59,,17,8,W 1,Pinnacle Bank Arena
2023-24,23,11,Fred Hoiberg,77.7,70.9,14.36,7.53,110.8,101.1,26,"Sat, Feb 17, 2024",12:00p,REG,,Penn State,Big Ten,9.22,W,68,49,,18,8,W 2,Pinnacle Bank Arena
2023-24,23,11,Fred Hoiberg,77.7,70.9,14.36,7.53,110.8,101.1,27,"Wed, Feb 21, 2024",8:30p,REG,@,Indiana,Big Ten,7.74,W,85,70,,19,8,W 3,Simon Skjodt Assembly Hall
2023-24,23,11,Fred Hoiberg,77.7,70.9,14.36,7.53,110.8,101.1,28,"Sun, Feb 25, 2024",6:30p,REG,,Minnesota,Big Ten,9.51,W,73,55,,20,8,W 4,Pinnacle Bank Arena
2023-24,23,11,Fred Hoiberg,77.7,70.9,14.36,7.53,110.8,101.1,29,"Thu, Feb 29, 2024",6:30p,REG,@,Ohio State,Big Ten,13.64,L,69,78,,20,9,L 1,Value City Arena
2023-24,23,11,Fred Hoiberg,77.7,70.9,14.36,7.53,110.8,101.1,30,"Sun, Mar 3, 2024",6:30p,REG,,Rutgers,Big Ten,7.41,W,67,56,,21,9,W 1,Pinnacle Bank Arena
2023-24,23,11,Fred Hoiberg,77.7,70.9,14.36,7.53,110.8,101.1,31,"Sun, Mar 10, 2024",12:00p,REG,@,Michigan,Big Ten,5.28,W,85,70,,22,9,W 2,Crisler Center
2023-24,23,11,Fred Hoiberg,77.7,70.9,14.36,7.53,110.8,101.1,32,"Fri, Mar 15, 2024",9:00p,CTOURN,N,Indiana,Big Ten,7.74,W,93,66,,23,9,W 3,Target Center
2023-24,23,11,Fred Hoiberg,77.7,70.9,14.36,7.53,110.8,101.1,33,"Sat, Mar 16, 2024",3:30p,CTOURN,N,Illinois (13),Big Ten,19.56,L,87,98,,23,10,L 1,Target Center
2023-24,23,11,Fred Hoiberg,77.7,70.9,14.36,7.53,110.8,101.1,34,"Fri, Mar 22, 2024",6:50p,NCAA,N,Texas A&M,SEC,13.35,L,83,98,,23,11,L 2,FedExForum
2024-25,21,14,Fred Hoiberg,76,72.6,13.86,10.46,108.5,103.7,1,"Mon, Nov 4, 2024",8:00p,REG,,Texas-Rio Grande Valley,Southland,-6.05,W,87,67,,1,0,W 1,Pinnacle Bank Arena
2024-25,21,14,Fred Hoiberg,76,72.6,13.86,10.46,108.5,103.7,2,"Sat, Nov 9, 2024",8:00p,REG,,Bethune-Cookman,SWAC,-10.22,W,63,58,,2,0,W 2,Pinnacle Bank Arena
2024-25,21,14,Fred Hoiberg,76,72.6,13.86,10.46,108.5,103.7,3,"Wed, Nov 13, 2024",8:00p,REG,,FDU,NEC,-11.96,W,86,60,,3,0,W 3,Pinnacle Bank Arena
2024-25,21,14,Fred Hoiberg,76,72.6,13.86,10.46,108.5,103.7,4,"Sun, Nov 17, 2024",1:00p,REG,N,Saint Mary's (CA),WCC,17.43,L,74,77,,3,1,L 1,Sanford Pentagon
2024-25,21,14,Fred Hoiberg,76,72.6,13.86,10.46,108.5,103.7,5,"Fri, Nov 22, 2024",8:00p,REG,@,Creighton (14),Big East,16.49,W,74,63,,4,1,W 1,CHI Health Center Omaha
2024-25,21,14,Fred Hoiberg,76,72.6,13.86,10.46,108.5,103.7,6,"Wed, Nov 27, 2024",6:30p,REG,,South Dakota,Summit,-5.69,W,96,79,,5,1,W 2,Pinnacle Bank Arena
2024-25,21,14,Fred Hoiberg,76,72.6,13.86,10.46,108.5,103.7,7,"Sun, Dec 1, 2024",4:00p,REG,,North Florida,A-Sun,-8.48,W,103,72,,6,1,W 3,Pinnacle Bank Arena
2024-25,21,14,Fred Hoiberg,76,72.6,13.86,10.46,108.5,103.7,8,"Sat, Dec 7, 2024",12:00p,REG,@,Michigan State,Big Ten,22.43,L,52,89,,6,2,L 1,Breslin Events Center
2024-25,21,14,Fred Hoiberg,76,72.6,13.86,10.46,108.5,103.7,9,"Fri, Dec 13, 2024",8:00p,REG,,Indiana,Big Ten,14.63,W,85,68,,7,2,W 1,Pinnacle Bank Arena
2024-25,21,14,Fred Hoiberg,76,72.6,13.86,10.46,108.5,103.7,10,"Sun, Dec 22, 2024",9:00p,REG,N,Murray State,MVC,0.81,W,66,49,,8,2,W 2,SimpliFi Arena at Stan Sheriff Center
2024-25,21,14,Fred Hoiberg,76,72.6,13.86,10.46,108.5,103.7,11,"Mon, Dec 23, 2024",11:30p,REG,@,Hawaii,Big West,-3.57,W,69,55,,9,2,W 3,SimpliFi Arena at Stan Sheriff Center
2024-25,21,14,Fred Hoiberg,76,72.6,13.86,10.46,108.5,103.7,12,"Wed, Dec 25, 2024",8:30p,REG,N,Oregon State,WCC,8.62,W,78,66,,10,2,W 4,SimpliFi Arena at Stan Sheriff Center
2024-25,21,14,Fred Hoiberg,76,72.6,13.86,10.46,108.5,103.7,13,"Mon, Dec 30, 2024",9:00p,REG,,Southern,SWAC,-6.83,W,77,43,,11,2,W 5,Pinnacle Bank Arena
2024-25,21,14,Fred Hoiberg,76,72.6,13.86,10.46,108.5,103.7,14,"Sat, Jan 4, 2025",2:00p,REG,,UCLA (15),Big Ten,19.68,W,66,58,,12,2,W 6,Pinnacle Bank Arena
2024-25,21,14,Fred Hoiberg,76,72.6,13.86,10.46,108.5,103.7,15,"Tue, Jan 7, 2025",8:00p,REG,@,Iowa,Big Ten,12.85,L,87,97,OT,12,3,L 1,Carver-Hawkeye Arena
2024-25,21,14,Fred Hoiberg,76,72.6,13.86,10.46,108.5,103.7,16,"Sun, Jan 12, 2025",12:00p,REG,@,Purdue (20),Big Ten,20.8,L,68,104,,12,4,L 2,Mackey Arena
2024-25,21,14,Fred Hoiberg,76,72.6,13.86,10.46,108.5,103.7,17,"Thu, Jan 16, 2025",9:00p,REG,,Rutgers,Big Ten,10.41,L,82,85,,12,5,L 3,Pinnacle Bank Arena
2024-25,21,14,Fred Hoiberg,76,72.6,13.86,10.46,108.5,103.7,18,"Sun, Jan 19, 2025",12:00p,REG,@,Maryland,Big Ten,23.33,L,66,69,,12,6,L 4,Xfinity Center
2024-25,21,14,Fred Hoiberg,76,72.6,13.86,10.46,108.5,103.7,19,"Wed, Jan 22, 2025",9:00p,REG,,Southern California,Big Ten,12.97,L,73,78,,12,7,L 5,Pinnacle Bank Arena
2024-25,21,14,Fred Hoiberg,76,72.6,13.86,10.46,108.5,103.7,20,"Sun, Jan 26, 2025",1:00p,REG,@,Wisconsin (18),Big Ten,20.73,L,55,83,,12,8,L 6,Kohl Center
2024-25,21,14,Fred Hoiberg,76,72.6,13.86,10.46,108.5,103.7,21,"Thu, Jan 30, 2025",8:30p,REG,,Illinois (18),Big Ten,21.59,W,80,74,OT,13,8,W 1,Pinnacle Bank Arena
2024-25,21,14,Fred Hoiberg,76,72.6,13.86,10.46,108.5,103.7,22,"Sun, Feb 2, 2025",7:30p,REG,@,Oregon (16),Big Ten,18,W,77,71,,14,8,W 2,Matthew Knight Arena
2024-25,21,14,Fred Hoiberg,76,72.6,13.86,10.46,108.5,103.7,23,"Wed, Feb 5, 2025",10:30p,REG,@,Washington,Big Ten,6.26,W,86,72,,15,8,W 3,Alaska Airlines Arena
2024-25,21,14,Fred Hoiberg,76,72.6,13.86,10.46,108.5,103.7,24,"Sun, Feb 9, 2025",2:00p,REG,,Ohio State,Big Ten,17.86,W,79,71,,16,8,W 4,Pinnacle Bank Arena
2024-25,21,14,Fred Hoiberg,76,72.6,13.86,10.46,108.5,103.7,25,"Thu, Feb 13, 2025",8:30p,REG,,Maryland (25),Big Ten,23.33,L,75,83,,16,9,L 1,Pinnacle Bank Arena
2024-25,21,14,Fred Hoiberg,76,72.6,13.86,10.46,108.5,103.7,26,"Sun, Feb 16, 2025",3:00p,REG,@,Northwestern,Big Ten,14.4,W,68,64,,17,9,W 1,Welsh-Ryan Arena
2024-25,21,14,Fred Hoiberg,76,72.6,13.86,10.46,108.5,103.7,27,"Wed, Feb 19, 2025",6:30p,REG,@,Penn State,Big Ten,13.57,L,72,89,,17,10,L 1,Bryce Jordan Center
2024-25,21,14,Fred Hoiberg,76,72.6,13.86,10.46,108.5,103.7,28,"Mon, Feb 24, 2025",8:00p,REG,,Michigan (15),Big Ten,20.21,L,46,49,,17,11,L 2,Pinnacle Bank Arena
2024-25,21,14,Fred Hoiberg,76,72.6,13.86,10.46,108.5,103.7,29,"Sat, Mar 1, 2025",2:00p,REG,,Minnesota,Big Ten,8.48,L,65,67,,17,12,L 3,Pinnacle Bank Arena
2024-25,21,14,Fred Hoiberg,76,72.6,13.86,10.46,108.5,103.7,30,"Tue, Mar 4, 2025",9:00p,REG,@,Ohio State,Big Ten,17.86,L,114,116,2OT,17,13,L 4,Value City Arena
2024-25,21,14,Fred Hoiberg,76,72.6,13.86,10.46,108.5,103.7,31,"Sun, Mar 9, 2025",12:30p,REG,,Iowa,Big Ten,12.85,L,68,83,,17,14,L 5,Pinnacle Bank Arena
2024-25,21,14,Fred Hoiberg,76,72.6,13.86,10.46,108.5,103.7,32,"Mon, Mar 31, 2025",8:30p,CBC,N,Arizona State,Big 12,10.62,W,86,78,,18,14,W 1,MGM Grand Garden Arena
2024-25,21,14,Fred Hoiberg,76,72.6,13.86,10.46,108.5,103.7,33,"Wed, Apr 2, 2025",9:30p,CBC,N,Georgetown,Big East,8.18,W,81,69,,19,14,W 2,MGM Grand Garden Arena
2024-25,21,14,Fred Hoiberg,76,72.6,13.86,10.46,108.5,103.7,34,"Sat, Apr 5, 2025",1:30p,CBC,N,Boise State,MWC,13.86,W,79,69,,20,14,W 3,T-Mobile Arena
2024-25,21,14,Fred Hoiberg,76,72.6,13.86,10.46,108.5,103.7,35,"Sun, Apr 6, 2025",5:30p,CBC,N,UCF,Big 12,10.59,W,77,66,,21,14,W 4,T-Mobile Arena
2025-26,24,4,Fred Hoiberg,79.5,65.4,22.71,9.58,115.5,96.2,1,"Mon, Nov 3, 2025",8:00p,REG,,West Georgia,A-Sun,-10.7,W,86,53,,1,0,W 1,Pinnacle Bank Arena
2025-26,24,4,Fred Hoiberg,78.6,65.4,22.71,9.58,115.5,96.2,2,"Sat, Nov 8, 2025",1:00p,REG,,Florida International,CUSA,-1.44,W,96,66,,2,0,W 2,Pinnacle Bank Arena
2025-26,24,4,Fred Hoiberg,78.6,65.4,22.71,9.58,115.5,96.2,3,"Tue, Nov 11, 2025",8:00p,REG,,Maryland-Eastern Shore,MEAC,-17.03,W,69,50,,3,0,W 3,Pinnacle Bank Arena
2025-26,24,4,Fred Hoiberg,78.6,65.4,22.71,9.58,115.5,96.2,4,"Sat, Nov 15, 2025",7:00p,REG,N,Oklahoma,SEC,14.33,W,105,99,,4,0,W 4,Pinnacle Bank Arena
2025-26,24,4,Fred Hoiberg,78.6,65.4,22.71,9.58,115.5,96.2,5,"Thu, Nov 20, 2025",7:00p,REG,N,New Mexico,MWC,13.84,W,84,72,,5,0,W 5,T-Mobile Center
2025-26,24,4,Fred Hoiberg,78.6,65.4,22.71,9.58,115.5,96.2,6,"Fri, Nov 21, 2025",9:30p,REG,N,Kansas State,Big 12,8.95,W,86,85,,6,0,W 6,T-Mobile Center
2025-26,24,4,Fred Hoiberg,78.6,65.4,22.71,9.58,115.5,96.2,7,"Tue, Nov 25, 2025",8:30p,REG,,Winthrop,Big South,-0.4,W,80,73,,7,0,W 7,Pinnacle Bank Arena
2025-26,24,4,Fred Hoiberg,78.6,65.4,22.71,9.58,115.5,96.2,8,"Sat, Nov 29, 2025",2:00p,REG,,South Carolina Upstate,Big South,-10.04,W,72,63,,8,0,W 8,Pinnacle Bank Arena
2025-26,24,4,Fred Hoiberg,78.6,65.4,22.71,9.58,115.5,96.2,9,"Sun, Dec 7, 2025",5:00p,REG,,Creighton,Big East,11.02,W,71,50,,9,0,W 9,Pinnacle Bank Arena
2025-26,24,4,Fred Hoiberg,78.6,65.4,22.71,9.58,115.5,96.2,10,"Wed, Dec 10, 2025",9:00p,REG,,Wisconsin,Big Ten,19.17,W,90,60,,10,0,W 10,Pinnacle Bank Arena
2025-26,24,4,Fred Hoiberg,78.6,65.4,22.71,9.58,115.5,96.2,11,"Sat, Dec 13, 2025",4:00p,REG,@,Illinois (13),Big Ten,26.97,W,83,80,,11,0,W 11,State Farm Center
2025-26,24,4,Fred Hoiberg,78.6,65.4,22.71,9.58,115.5,96.2,12,"Sun, Dec 21, 2025",8:00p,REG,,North Dakota,Summit,-8.72,W,78,55,,12,0,W 12,Pinnacle Bank Arena
2025-26,24,4,Fred Hoiberg,78.6,65.4,22.71,9.58,115.5,96.2,13,"Tue, Dec 30, 2025",9:00p,REG,,New Hampshire,AmEast,-16.76,W,86,55,,13,0,W 13,Pinnacle Bank Arena
2025-26,24,4,Fred Hoiberg,78.6,65.4,22.71,9.58,115.5,96.2,14,"Fri, Jan 2, 2026",9:00p,REG,,Michigan State (9),Big Ten,23.98,W,58,56,,14,0,W 14,Pinnacle Bank Arena
2025-26,24,4,Fred Hoiberg,78.6,65.4,22.71,9.58,115.5,96.2,15,"Mon, Jan 5, 2026",6:30p,REG,@,Ohio State,Big Ten,18.89,W,72,69,,15,0,W 15,Value City Arena
2025-26,24,4,Fred Hoiberg,78.6,65.4,22.71,9.58,115.5,96.2,16,"Sat, Jan 10, 2026",12:00p,REG,@,Indiana,Big Ten,17.47,W,83,77,,16,0,W 16,Assembly Hall
2025-26,24,4,Fred Hoiberg,78.6,65.4,22.71,9.58,115.5,96.2,17,"Tue, Jan 13, 2026",9:00p,REG,,Oregon,Big Ten,9.61,W,90,55,,17,0,W 17,Pinnacle Bank Arena
2025-26,24,4,Fred Hoiberg,78.6,65.4,22.71,9.58,115.5,96.2,18,"Sat, Jan 17, 2026",4:00p,REG,@,Northwestern,Big Ten,12.27,W,77,58,,18,0,W 18,Welsh–Ryan Arena
2025-26,24,4,Fred Hoiberg,78.6,65.4,22.71,9.58,115.5,96.2,19,"Wed, Jan 21, 2026",9:00p,REG,,Washington,Big Ten,14.33,W,76,66,,19,0,W 19,Pinnacle Bank Arena
2025-26,24,4,Fred Hoiberg,78.6,65.4,22.71,9.58,115.5,96.2,20,"Sat, Jan 24, 2026",12:00p,REG,@,Minnesota,Big Ten,10.98,W,76,57,,20,0,W 20,Williams Arena
2025-26,24,4,Fred Hoiberg,78.6,65.4,22.71,9.58,115.5,96.2,21,"Tue, Jan 27, 2026",7:00p,REG,@,Michigan (3),Big Ten,33.85,L,72,75,,20,1,L 1,Crisler Arena
2025-26,24,4,Fred Hoiberg,78.6,65.4,22.71,9.58,115.5,96.2,22,"Sun, Feb 1, 2026",4:00p,REG,,Illinois (9),Big Ten,26.97,L,69,78,,20,2,L 2,Pinnacle Bank Arena
2025-26,24,4,Fred Hoiberg,78.6,65.4,22.71,9.58,115.5,96.2,23,"Sat, Feb 7, 2026",12:00p,REG,@,Rutgers,Big Ten,4.74,W,80,68,,21,2,W 1,Rutgers Athletic Center
2025-26,24,4,Fred Hoiberg,78.6,65.4,22.71,9.58,115.5,96.2,24,"Tue, Feb 10, 2026",7:00p,REG,,Purdue (13),Big Ten,25.03,L,77,80,OT,21,3,L 1,Pinnacle Bank Arena
2025-26,24,4,Fred Hoiberg,78.6,65.4,22.71,9.58,115.5,96.2,25,"Sat, Feb 14, 2026",1:00p,REG,,Northwestern,Big Ten,12.27,W,68,49,,22,3,W 1,Pinnacle Bank Arena
2025-26,24,4,Fred Hoiberg,78.6,65.4,22.71,9.58,115.5,96.2,26,"Tue, Feb 17, 2026",9:00p,REG,@,Iowa,Big Ten,19.31,L,52,57,,22,4,L 1,Carver-Hawkeye Arena
2025-26,24,4,Fred Hoiberg,78.6,65.4,22.71,9.58,115.5,96.2,27,"Sat, Feb 21, 2026",2:00p,REG,,Penn State,Big Ten,4.26,W,87,64,,23,4,W 1,Pinnacle Bank Arena
2025-26,24,4,Fred Hoiberg,78.6,65.4,22.71,9.58,115.5,96.2,28,"Wed, Feb 25, 2026",7:00p,REG,,Maryland,Big Ten,4.43,W,74,61,,24,4,W 2,Pinnacle Bank Arena
2025-26,24,4,Fred Hoiberg,78.6,65.4,22.71,9.58,115.5,96.2,29,"Sat, Feb 28, 2026",4:00p,REG,@,Southern California,Big Ten,10.84,W,82,67,,25,4,W 3,Galen Center
2025-26,24,4,Fred Hoiberg,78.6,65.4,22.71,9.58,115.5,96.2,30,"Tue, Mar 3, 2026",11:00p,REG,@,UCLA,Big Ten,18.28,L,52,72,,25,5,L 1,Pauley Pavilion
2025-26,24,4,Fred Hoiberg,78.6,65.4,22.71,9.58,115.5,96.2,31,"Sun, Mar 8, 2026",5:00p,REG,,Iowa,Big Ten,19.31,W,84,75,OT,26,5,W 1,Pinnacle Bank Arena